-- phpMyAdmin SQL Dump
-- version 5.2.1
-- https://www.phpmyadmin.net/
--
-- Host: localhost
-- Generation Time: Apr 20, 2026 at 02:21 AM
-- Server version: 8.0.45
-- PHP Version: 8.0.30

SET SQL_MODE = "NO_AUTO_VALUE_ON_ZERO";
START TRANSACTION;
SET time_zone = "+00:00";


/*!40101 SET @OLD_CHARACTER_SET_CLIENT=@@CHARACTER_SET_CLIENT */;
/*!40101 SET @OLD_CHARACTER_SET_RESULTS=@@CHARACTER_SET_RESULTS */;
/*!40101 SET @OLD_COLLATION_CONNECTION=@@COLLATION_CONNECTION */;
/*!40101 SET NAMES utf8mb4 */;

--
-- Database: `homestore`
--

-- --------------------------------------------------------

--
-- Table structure for table `addresses`
--

CREATE TABLE `addresses` (
  `id` int NOT NULL,
  `userId` int NOT NULL,
  `fullName` varchar(100) DEFAULT NULL,
  `phone` varchar(20) DEFAULT NULL,
  `address` text NOT NULL,
  `city` varchar(50) DEFAULT NULL,
  `district` varchar(50) DEFAULT NULL,
  `ward` varchar(50) DEFAULT NULL,
  `isDefault` tinyint(1) DEFAULT '0',
  `createdAt` datetime DEFAULT CURRENT_TIMESTAMP,
  `updatedAt` datetime DEFAULT CURRENT_TIMESTAMP ON UPDATE CURRENT_TIMESTAMP
) ENGINE=InnoDB DEFAULT CHARSET=utf8mb3;

--
-- Dumping data for table `addresses`
--

INSERT INTO `addresses` (`id`, `userId`, `fullName`, `phone`, `address`, `city`, `district`, `ward`, `isDefault`, `createdAt`, `updatedAt`) VALUES
(1, 2, 'Nguyễn Văn A', '0123456789', '123 Đường Lê Lợi', 'Hồ Chí Minh', 'Quận 1', 'Phường Bến Nghé', 1, '2026-03-31 11:20:34', '2026-03-31 11:20:34'),
(2, 2, 'Nguyễn Văn A', '0123456789', '456 Đường Nguyễn Huệ', 'Hồ Chí Minh', 'Quận 1', 'Phường Bến Thành', 0, '2026-03-31 11:20:34', '2026-03-31 11:20:34'),
(4, 5, 'admin', '0123456789', 'adasd', 'ádad', 'ád', 'sad', 1, '2026-03-31 11:21:30', '2026-03-31 11:21:30'),
(7, 9, 'Danh', '1234567', 'BÌNH DƯƠNG', 'BÌNH DƯƠNG', '', '', 1, '2026-04-06 02:42:47', '2026-04-06 02:42:47'),
(8, 9, 'Danh', '134341', 'ád', 'ằdaf', 'ádd', 'à', 0, '2026-04-06 02:44:28', '2026-04-06 02:44:28'),
(10, 10, 'danh', '0273923621', 'đồng tháp', 'đồng tháp', '', '', 1, '2026-04-09 03:20:27', '2026-04-09 03:20:27'),
(13, 3, 'daqnh', '0584644554', 'hcm', 'hcm', '', '', 1, '2026-04-12 13:14:55', '2026-04-12 13:14:55'),
(14, 11, 'reded', '0123456789', 'hkjvv', 'hcm', '', '', 1, '2026-04-14 09:01:52', '2026-04-14 09:01:52');

-- --------------------------------------------------------

--
-- Table structure for table `banks`
--

CREATE TABLE `banks` (
  `id` int NOT NULL,
  `userId` int NOT NULL,
  `bankName` varchar(100) NOT NULL,
  `accountNumber` varchar(50) NOT NULL,
  `accountName` varchar(100) NOT NULL,
  `isDefault` tinyint(1) DEFAULT '0',
  `createdAt` datetime DEFAULT CURRENT_TIMESTAMP,
  `updatedAt` datetime DEFAULT CURRENT_TIMESTAMP ON UPDATE CURRENT_TIMESTAMP
) ENGINE=InnoDB DEFAULT CHARSET=utf8mb3;

--
-- Dumping data for table `banks`
--

INSERT INTO `banks` (`id`, `userId`, `bankName`, `accountNumber`, `accountName`, `isDefault`, `createdAt`, `updatedAt`) VALUES
(1, 2, 'Vietcombank', '0071001234567', 'Nguyễn Văn A', 1, '2026-03-31 11:20:34', '2026-03-31 11:20:34'),
(2, 2, 'Techcombank', '1903123456789', 'Nguyễn Văn A', 0, '2026-03-31 11:20:34', '2026-03-31 11:20:34'),
(3, 5, 'ad', '213123', 'admin', 1, '2026-03-31 11:21:23', '2026-03-31 11:21:23'),
(9, 3, 'mb', '0445656', 'taitran', 1, '2026-04-12 13:56:57', '2026-04-12 13:56:57');

-- --------------------------------------------------------

--
-- Table structure for table `cart`
--

CREATE TABLE `cart` (
  `id` int NOT NULL,
  `userId` int NOT NULL,
  `productId` int NOT NULL,
  `quantity` int NOT NULL DEFAULT '1',
  `createdAt` datetime DEFAULT NULL,
  `updatedAt` datetime DEFAULT NULL
) ENGINE=InnoDB DEFAULT CHARSET=utf8mb3;

--
-- Dumping data for table `cart`
--

INSERT INTO `cart` (`id`, `userId`, `productId`, `quantity`, `createdAt`, `updatedAt`) VALUES
(13, 5, 6, 1, '2026-03-30 00:36:22', '2026-03-31 07:27:43'),
(14, 6, 5, 1, '2026-03-30 03:31:31', '2026-03-30 03:31:31'),
(15, 6, 6, 1, '2026-03-30 03:42:10', '2026-03-30 03:42:10'),
(16, 5, 4, 1, '2026-03-31 07:29:19', '2026-03-31 07:29:19'),
(17, 5, 5, 3, '2026-03-31 08:22:08', '2026-03-31 08:22:08'),
(55, 3, 20, 2, '2026-04-13 00:19:16', '2026-04-14 11:40:32'),
(57, 3, 30, 1, '2026-04-14 11:17:08', '2026-04-14 11:19:09');

-- --------------------------------------------------------

--
-- Table structure for table `orders`
--

CREATE TABLE `orders` (
  `id` int NOT NULL,
  `userId` int NOT NULL,
  `totalAmount` decimal(10,2) NOT NULL,
  `shippingAddress` text NOT NULL,
  `phone` varchar(20) NOT NULL,
  `paymentMethod` enum('cod','banking') DEFAULT 'cod',
  `status` enum('pending','processing','shipped','delivered','cancelled') DEFAULT 'pending',
  `notes` text,
  `createdAt` datetime DEFAULT NULL,
  `updatedAt` datetime DEFAULT NULL,
  `cancelReason` text
) ENGINE=InnoDB DEFAULT CHARSET=utf8mb3;

--
-- Dumping data for table `orders`
--

INSERT INTO `orders` (`id`, `userId`, `totalAmount`, `shippingAddress`, `phone`, `paymentMethod`, `status`, `notes`, `createdAt`, `updatedAt`, `cancelReason`) VALUES
(1, 3, 3750000.00, 'Địa chỉ giao hàng mặc định', '0123456789', 'banking', 'cancelled', '', '2026-04-01 03:30:35', '2026-04-01 03:53:04', NULL),
(2, 3, 250000.00, 'Địa chỉ giao hàng mặc định', '0123456789', 'cod', 'cancelled', '', '2026-04-01 03:31:41', '2026-04-01 03:48:06', NULL),
(3, 3, 250000.00, 'Địa chỉ giao hàng mặc định', '0123456789', 'cod', 'cancelled', '', '2026-04-01 04:05:52', '2026-04-01 04:06:02', NULL),
(4, 3, 250000.00, 'Địa chỉ giao hàng mặc định', '0123456789', 'banking', 'cancelled', '', '2026-04-01 04:43:54', '2026-04-01 04:44:07', NULL),
(5, 3, 250000.00, 'Địa chỉ giao hàng mặc định', '0123456789', 'banking', 'cancelled', '', '2026-04-01 04:48:37', '2026-04-01 20:11:09', NULL),
(6, 3, 1250000.00, 'Địa chỉ giao hàng mặc định', '0123456789', 'banking', 'cancelled', '', '2026-04-01 04:55:11', '2026-04-01 20:11:10', NULL),
(7, 3, 250000.00, 'ád, , , ad', 'ád', 'cod', 'cancelled', '', '2026-04-01 05:02:06', '2026-04-01 20:11:13', NULL),
(8, 3, 120000.00, 'abc, 2, 1, HCM', '123456789', 'banking', 'cancelled', '', '2026-04-01 05:03:27', '2026-04-01 20:11:14', NULL),
(9, 3, 120000.00, 'abc, 2, 1, HCM', '123456789', 'banking', 'cancelled', '', '2026-04-01 20:10:51', '2026-04-01 20:11:15', NULL),
(10, 3, 370000.00, 'ád, , , ad', 'ád', 'cod', 'cancelled', '', '2026-04-01 22:08:59', '2026-04-02 00:01:22', NULL),
(11, 3, 250000.00, 'ád, , , ad', 'ád', 'cod', 'cancelled', '', '2026-04-02 00:02:06', '2026-04-02 00:02:16', NULL),
(12, 3, 250000.00, 'ád, , , ad', 'ád', 'cod', 'cancelled', '', '2026-04-02 00:03:27', '2026-04-02 00:22:34', NULL),
(13, 3, 3500000.00, 'ád, , , ad', 'ád', 'banking', 'cancelled', '', '2026-04-02 04:07:24', '2026-04-02 04:08:46', NULL),
(14, 3, 1250000.00, 'abc, 2, 1, HCM', '123456789', 'cod', 'shipped', '', '2026-04-02 04:08:31', '2026-04-07 07:31:03', NULL),
(15, 3, 620000.00, 'abc, 2, 1, HCM', '123456789', 'cod', 'processing', '', '2026-04-02 04:10:16', '2026-04-07 07:30:57', NULL),
(16, 3, 250000.00, 'abc, 2, 1, HCM', '123456789', 'banking', 'cancelled', '', '2026-04-06 00:43:35', '2026-04-07 07:08:35', NULL),
(17, 9, 890000.00, 'BÌNH DƯƠNG, , , BÌNH DƯƠNG', '1234567', 'cod', 'cancelled', '', '2026-04-06 02:43:02', '2026-04-07 07:04:43', NULL),
(18, 3, 250000.00, 'bg, , , hcm', '0123456789', 'cod', 'delivered', '', '2026-04-07 06:05:27', '2026-04-07 07:04:35', NULL),
(19, 3, 350000.00, 'bg, , , hcm', '0123456789', 'cod', 'cancelled', '', '2026-04-07 07:15:21', '2026-04-07 07:16:26', NULL),
(20, 3, 1250000.00, 'bg, , , hcm', '0123456789', 'cod', 'pending', '', '2026-04-07 10:18:45', '2026-04-07 10:18:45', NULL),
(21, 3, 1250000.00, 'bg, , , hcm', '0123456789', 'cod', 'cancelled', '', '2026-04-07 10:31:33', '2026-04-07 10:53:58', NULL),
(22, 3, 1720000.00, 'bg, , , hcm', '0123456789', 'banking', 'pending', '', '2026-04-07 11:06:15', '2026-04-07 11:06:15', NULL),
(23, 3, 1250000.00, 'bg, , , hcm', '0123456789', 'banking', 'shipped', '', '2026-04-07 20:00:46', '2026-04-08 23:35:32', NULL),
(24, 3, 1250000.00, 'bg, , , hcm', '0123456789', 'cod', 'pending', '', '2026-04-09 00:37:30', '2026-04-09 00:37:30', NULL),
(25, 10, 1050000.00, 'đồng tháp, , , đồng tháp', '0273923621', 'cod', 'delivered', '', '2026-04-09 03:20:30', '2026-04-09 03:22:34', NULL),
(26, 3, 3100000.00, 'bg, , , hcm', '0123456789', 'cod', 'delivered', '', '2026-04-09 03:27:26', '2026-04-09 03:28:31', NULL),
(27, 3, 1850000.00, 'bg, , , hcm', '0123456789', 'cod', 'delivered', '', '2026-04-09 03:29:18', '2026-04-12 13:16:27', NULL),
(28, 3, 1250000.00, 'hcm, , , hcm', '0584644554', 'cod', 'pending', '', '2026-04-12 13:24:43', '2026-04-12 13:24:43', NULL),
(29, 3, 250000.00, 'hcm, , , hcm', '0584644554', 'cod', 'pending', '', '2026-04-12 13:29:15', '2026-04-12 13:29:15', NULL),
(30, 3, 1250000.00, 'hcm, , , hcm', '0584644554', 'cod', 'pending', '', '2026-04-12 13:29:18', '2026-04-12 13:29:18', NULL),
(31, 3, 350000.00, 'hcm, , , hcm', '0584644554', 'cod', 'pending', '', '2026-04-12 13:56:38', '2026-04-12 13:56:38', NULL),
(32, 3, 350000.00, 'hcm, , , hcm', '0584644554', 'banking', 'processing', '', '2026-04-12 13:57:09', '2026-04-17 11:58:05', NULL),
(33, 3, 1500000.00, 'hcm, , , hcm', '0584644554', 'cod', 'cancelled', '', '2026-04-12 14:52:09', '2026-04-14 09:09:33', NULL),
(34, 3, 1112500.00, 'hcm, , , hcm', '0584644554', 'cod', 'delivered', '', '2026-04-12 15:00:35', '2026-04-14 09:08:40', NULL),
(35, 3, 212500.00, 'hcm, , , hcm', '0584644554', 'cod', 'delivered', '', '2026-04-12 15:00:49', '2026-04-13 00:16:17', NULL),
(36, 3, 1112500.00, 'hcm, , , hcm', '0584644554', 'cod', 'delivered', '', '2026-04-13 00:07:25', '2026-04-13 00:16:11', NULL),
(37, 3, 1232500.00, 'hcm, , , hcm', '0584644554', 'cod', 'delivered', '', '2026-04-13 00:11:31', '2026-04-13 00:16:05', NULL),
(38, 11, 212500.00, 'hkjvv, , , hcm', '0123456789', 'cod', 'delivered', '', '2026-04-14 09:01:55', '2026-04-14 09:06:23', NULL);

-- --------------------------------------------------------

--
-- Table structure for table `order_items`
--

CREATE TABLE `order_items` (
  `id` int NOT NULL,
  `orderId` int NOT NULL,
  `productId` int NOT NULL,
  `quantity` int NOT NULL,
  `price` decimal(10,2) NOT NULL,
  `productName` varchar(200) NOT NULL,
  `createdAt` datetime DEFAULT NULL,
  `updatedAt` datetime DEFAULT NULL
) ENGINE=InnoDB DEFAULT CHARSET=utf8mb3;

--
-- Dumping data for table `order_items`
--

INSERT INTO `order_items` (`id`, `orderId`, `productId`, `quantity`, `price`, `productName`, `createdAt`, `updatedAt`) VALUES
(1, 1, 28, 1, 3500000.00, 'Bàn trà gỗ tự nhiên', '2026-04-01 03:30:35', '2026-04-01 03:30:35'),
(2, 1, 64, 1, 250000.00, 'Súng bắn keo', '2026-04-01 03:30:35', '2026-04-01 03:30:35'),
(3, 2, 64, 1, 250000.00, 'Súng bắn keo', '2026-04-01 03:31:41', '2026-04-01 03:31:41'),
(4, 3, 64, 1, 250000.00, 'Súng bắn keo', '2026-04-01 04:05:52', '2026-04-01 04:05:52'),
(5, 4, 64, 1, 250000.00, 'Súng bắn keo', '2026-04-01 04:43:54', '2026-04-01 04:43:54'),
(6, 5, 64, 1, 250000.00, 'Súng bắn keo', '2026-04-01 04:48:37', '2026-04-01 04:48:37'),
(7, 6, 20, 1, 1250000.00, 'Máy xay sinh tố Philips', '2026-04-01 04:55:11', '2026-04-01 04:55:11'),
(8, 7, 64, 1, 250000.00, 'Súng bắn keo', '2026-04-01 05:02:06', '2026-04-01 05:02:06'),
(9, 8, 65, 1, 120000.00, 'Thước cuộn 5m', '2026-04-01 05:03:27', '2026-04-01 05:03:27'),
(11, 10, 65, 1, 120000.00, 'Thước cuộn 5m', '2026-04-01 22:08:59', '2026-04-01 22:08:59'),
(12, 10, 64, 1, 250000.00, 'Súng bắn keo', '2026-04-01 22:08:59', '2026-04-01 22:08:59'),
(13, 11, 64, 1, 250000.00, 'Súng bắn keo', '2026-04-02 00:02:06', '2026-04-02 00:02:06'),
(14, 12, 64, 1, 250000.00, 'Súng bắn keo', '2026-04-02 00:03:27', '2026-04-02 00:03:27'),
(15, 13, 44, 1, 3500000.00, 'Máy lọc không khí', '2026-04-02 04:07:24', '2026-04-02 04:07:24'),
(16, 14, 20, 1, 1250000.00, 'Máy xay sinh tố Philips', '2026-04-02 04:08:31', '2026-04-02 04:08:31'),
(17, 15, 65, 1, 120000.00, 'Thước cuộn 5m', '2026-04-02 04:10:16', '2026-04-02 04:10:16'),
(18, 15, 64, 2, 250000.00, 'Súng bắn keo', '2026-04-02 04:10:16', '2026-04-02 04:10:16'),
(19, 16, 64, 1, 250000.00, 'Súng bắn keo', '2026-04-06 00:43:35', '2026-04-06 00:43:35'),
(20, 17, 63, 1, 890000.00, 'Máy cắt đa năng', '2026-04-06 02:43:02', '2026-04-06 02:43:02'),
(21, 18, 64, 1, 250000.00, 'Súng bắn keo', '2026-04-07 06:05:27', '2026-04-07 06:05:27'),
(22, 19, 66, 1, 350000.00, 'Bộ mỏ lết điều chỉnh', '2026-04-07 07:15:21', '2026-04-07 07:15:21'),
(23, 20, 20, 1, 1250000.00, 'Máy xay sinh tố Philips', '2026-04-07 10:18:45', '2026-04-07 10:18:45'),
(24, 21, 17, 1, 1250000.00, 'Nồi cơm điện Sharp 1.8L', '2026-04-07 10:31:33', '2026-04-07 10:31:33'),
(25, 22, 66, 1, 350000.00, 'Bộ mỏ lết điều chỉnh', '2026-04-07 11:06:15', '2026-04-07 11:06:15'),
(26, 22, 65, 1, 120000.00, 'Thước cuộn 5m', '2026-04-07 11:06:15', '2026-04-07 11:06:15'),
(27, 22, 20, 1, 1250000.00, 'Máy xay sinh tố Philips', '2026-04-07 11:06:15', '2026-04-07 11:06:15'),
(28, 23, 20, 1, 1250000.00, 'Máy xay sinh tố Philips', '2026-04-07 20:00:46', '2026-04-07 20:00:46'),
(29, 24, 20, 1, 1250000.00, 'Máy xay sinh tố Philips', '2026-04-09 00:37:30', '2026-04-09 00:37:30'),
(30, 25, 66, 3, 350000.00, 'Bộ mỏ lết điều chỉnh', '2026-04-09 03:20:30', '2026-04-09 03:20:30'),
(31, 26, 20, 1, 1250000.00, 'Máy xay sinh tố Philips', '2026-04-09 03:27:26', '2026-04-09 03:27:26'),
(32, 26, 30, 1, 1850000.00, 'Đèn thả trần pha lê', '2026-04-09 03:27:26', '2026-04-09 03:27:26'),
(33, 27, 30, 1, 1850000.00, 'Đèn thả trần pha lê', '2026-04-09 03:29:18', '2026-04-09 03:29:18'),
(34, 28, 20, 1, 1250000.00, 'Máy xay sinh tố Philips', '2026-04-12 13:24:43', '2026-04-12 13:24:43'),
(35, 29, 64, 1, 250000.00, 'Súng bắn keo', '2026-04-12 13:29:15', '2026-04-12 13:29:15'),
(36, 30, 20, 1, 1250000.00, 'Máy xay sinh tố Philips', '2026-04-12 13:29:18', '2026-04-12 13:29:18'),
(37, 31, 66, 1, 350000.00, 'Bộ mỏ lết điều chỉnh', '2026-04-12 13:56:38', '2026-04-12 13:56:38'),
(38, 32, 66, 1, 350000.00, 'Bộ mỏ lết điều chỉnh', '2026-04-12 13:57:09', '2026-04-12 13:57:09'),
(39, 33, 64, 1, 250000.00, 'Súng bắn keo', '2026-04-12 14:52:09', '2026-04-12 14:52:09'),
(40, 33, 20, 1, 1250000.00, 'Máy xay sinh tố Philips', '2026-04-12 14:52:09', '2026-04-12 14:52:09'),
(41, 34, 20, 1, 1112500.00, 'Máy xay sinh tố Philips', '2026-04-12 15:00:35', '2026-04-12 15:00:35'),
(42, 35, 64, 1, 212500.00, 'Súng bắn keo', '2026-04-12 15:00:49', '2026-04-12 15:00:49'),
(43, 36, 20, 1, 1112500.00, 'Máy xay sinh tố Philips', '2026-04-13 00:07:25', '2026-04-13 00:07:25'),
(44, 37, 65, 1, 120000.00, 'Thước cuộn 5m', '2026-04-13 00:11:31', '2026-04-13 00:11:31'),
(45, 37, 20, 1, 1112500.00, 'Máy xay sinh tố Philips', '2026-04-13 00:11:31', '2026-04-13 00:11:31'),
(46, 38, 64, 1, 212500.00, 'Súng bắn keo', '2026-04-14 09:01:55', '2026-04-14 09:01:55');

-- --------------------------------------------------------

--
-- Table structure for table `products`
--

CREATE TABLE `products` (
  `id` int NOT NULL,
  `name` varchar(255) NOT NULL,
  `description` text NOT NULL,
  `price` decimal(10,2) NOT NULL,
  `category` varchar(255) NOT NULL,
  `brand` varchar(255) DEFAULT NULL,
  `stock` int DEFAULT '0',
  `images` text,
  `createdAt` datetime DEFAULT NULL,
  `updatedAt` datetime NOT NULL,
  `isFlashSale` tinyint(1) DEFAULT '0',
  `flashSaleDiscount` int DEFAULT '0'
) ENGINE=InnoDB DEFAULT CHARSET=utf8mb3;

--
-- Dumping data for table `products`
--

INSERT INTO `products` (`id`, `name`, `description`, `price`, `category`, `brand`, `stock`, `images`, `createdAt`, `updatedAt`, `isFlashSale`, `flashSaleDiscount`) VALUES
(4, 'Bộ sofa phòng khách', 'Bộ sofa da cao cấp màu nâu, khung gỗ tự nhiên', 12500000.00, 'phong-khach', 'HomeFurniture', 10, '\"[\\\"data:image/jpeg;base64,/9j/4AAQSkZJRgABAQAAAQABAAD/2wCEAAkGBwgHBgkIBwgKCgkLDRYPDQwMDRsUFRAWIB0iIiAdHx8kKDQsJCYxJx8fLT0tMTU3Ojo6Iys/RD84QzQ5OjcBCgoKDQwNGg8PGjclHyU3Nzc3Nzc3Nzc3Nzc3Nzc3Nzc3Nzc3Nzc3Nzc3Nzc3Nzc3Nzc3Nzc3Nzc3Nzc3Nzc3N//AABEIAJQAqQMBIgACEQEDEQH/xAAcAAAABwEBAAAAAAAAAAAAAAAAAgMEBQYHAQj/xABIEAACAQMCAwQGBwUFBQkBAAABAgMABBEFIQYSMRNBUWEUInGBkbEHMkJScqHBFSMzYtFDU7Lh8CQlNJSiF1RWY4KTwtLTFv/EABkBAAMBAQEAAAAAAAAAAAAAAAABAgMEBf/EACcRAAICAQMEAgEFAAAAAAAAAAABAhEDEhMhBDFRYSJBFAUyQoGx/9oADAMBAAIRAxEAPwCBttblQDCRdPuCpez153IEkNuy/wA0Cn9KpBu4oFBmkCA9M0pBrlrE7BZASrKuSdt+/wAxUUW2bZwncRzM3ZwwxbjPZRBebIbrgb9KtArO/oxvxfJJIHVv3nQEeqPWwD8a0MGmIP3UVq6DXDvQAmw3ouKMa4aAKnxhHK13GbVzHP6O3ZOPsvnKn40z0n6U9F7IQ67O9jeKOV+eIlGPkVBx7DjFP+LpRFqFjk4LRvj4iqtqXBtnxA0ps547PUeUsCUykq+OOoYZ69MYyK0lxBMxTetoecT/AEjWmp2v7P4fiuLmKcES3X8EBfurz4OSSBnbY7b1F8Ja7qOtcQ+iC0W0soYyJYxhjI2QBlh5Dpv06024e4C4i0u77C6NlJpx7QSoHL9orqFYEYBH1QfKrtwtw1acO2fY2ykytvJKw3Y4rjzzhppd2dGOMnK32F9fUHS7vH93gY9tS9uuI48ddqjNdH+6bnzAH/UKlYP4aDyFZ9KqizTKzCYL/kvpPDtG+dX/AEu3uJ9O9KCfu8ZUfaceIFZVZxTXuoRwQfxZ5Qi+RJxn3dfdXoG1tkgijhiGEjUIo8gMCuvq+slgS0rkwx4FNtsqcl3Nf6bHaLdiSzHrKpUEj39cUhHCpligQ/XbG3h3/lUrr2izwXDXVjAzxSbusY3Vu/bwNM7C0mtpDPdLyzEYCZ+p458/86vJ1OLHheRd3/pMMM55FD6Ra41hlhEaqFUDlAHSmehJy+mY/wC8uPgcVT9W1ma21bso9ea0uUDejWH7PkdZ8DIyQpD5PeGGM92KuulkLCWiUgPK7OQpbO5z7DmvNxReN658tna1q+MSQxRcr94fGo+/udRhmtewt+cOzB41jYknbHr/AFVG5zkg7beBjf2jxL/dH/kX/wD0rvi7Vo5pKnRh+rb6U5H3l299V0cxy3h1OKsOpH/ds3ly/wCIV3U5n0zT9OGmPNamSMPK8UzAuxUb7YqkSy8/QRMPTdRhBH9k23nzD+lbYKw76HdUu7zXJ47u4kmCxx8pkbmYZfB3699bgDSGHFcNczQJoA5Ra6a5QDM8+la79DuNIf7wlH+Gq7aa/gI6S8kiHmVx1Bqd+mPTdQvoNLk06yuLoQtL2nYxlioIXGQPYaywi+tjie0uYiOvPCy/MVtCaS0synC5WbRpHG1hdgQ6lKlrcH1ecn92/v8As+w/E1ZOYSJzRkMp713FecxqBUHOfA5o0Wqyxf8AD3U0I/8AJmZPka5Z9JFv4ujaOWS4ZvGu5/Zc+enq/wCIVKIeWIHwXNYDomo3F5r9hHNc3EwMv9pMz9FJ7yfCt7Y4tm3z6h7vKphj27VlOWvkg9N4O0Swkg1KxsUjueyG/MxCkjcgE4B674qWhk5ThqX0ybmtolbqEAx7qLe22Muledl1T+aOiFRekdpiRCDUPqlhjLoMeylra6KMFc1JArMp76iOnLGvsfON2U9WeN8HYjoaleGxnSo2+8Sfia5qencrF480pw+OXSLYfyA1v0UXGTTDqJKUUyRNF5V+6vwFdoV6ZyHm7UbO5WC5tWjPaqxUjHeG3+VF1aFrrT7GKLl7WNAGVmC427yTipCfV+ynJmucO3rNzHJPnUnoOrXOp6hBp+mzJLcTtypGcY6ZPUdMAn3Uk2DSFfoptLvT+IGa6geOOSNQrndWIPNsRsenjW9VmltptxpOr2p1W300yziRYZ4YEDB+Q+rzBVIO/vGa0rOaE7CqDUM0WhTEA1wmgTRetABJVV+oFN5LeNuoz7acsG7hSMhcfZb4UAMZtMtJPrwRt7UBpjc8NaTOCJdPtHB+9AD+lSrykdQR7aTM9FIZBQ8GaJBdR3Fvp1tFLGcq8S8pHwqxuA0DR74K8tIdsKMJgaAI+GK/tz+7lVgPvR9fgadDUb9V5ZLeF/ZzL/Wl+YHrQyKxWGC7IrW2Rc08jtn0UKfKXP8A8RSlpqUsBw9tKR4qVP61IEA9cUUxo3VVPurP8THdordlVBJ9YtpIHDRzq/IcAxHBOPKhpSNFp1skgwwjAI8Diu9hHndBS6nAraONR5IcrDUK5muVoiTzXNa2+puDHJJHKq4IYf6/I1K8GWl1oPE1jq0bwyrbuSyc3KWUqVYb7A4JqprPLz8/Oc5zt0qZtbkyBQGwTgZo5Duadqd5qOtcRaVNb2kws4b+OUkAP1blOeUnGzGtRhbMMbeKg/lXnnTZTZ61bo5BaO4jyR+IV6Etz/s8fkoFJDFc1wnFcJHjTe9uIoraR2bovdRJ0rBci5pJnPMSAceymcF7lc84PmNwaM95t9avMf6lX8Tf8d+Rz2/x8KN29Vh9SKapOjsNyCN+7H+VP0uwwyCK9DFk1wUmZTjpdEsZ16kZplfahDArHslYgeFN3l5hkGonVHYROcnp4VoQVy81rUHuppY7qRAHxyKAAox0x0rsXEupJjMscn44x+mKiGkLLM5+1Ix/OmpkxVUKy1xcW3a/xLeF/YStO4uMUH8a0ceaSA/MVShLS7RXK2Qvewk9GJKiblPLkedJ0hq2XiLi/T3+vHdJ5lFPyY07h4l0qR0T0sKzsFUOjLkk4A3FZfLeEfVOfCj6Kwn1ywMzYVZw5JOAOX1vmKKCzYw9HDVHRT5AIxv4U4WSoGOc0M03D70bnoA8ui1nyOSMsPIipG3tJ47Yl8KwyQGrRNC+jM3GmRtrVpJb3hZsmOUZxnbOMjOKf/8AZY0QBs9YuUP3Z41kH6VViooLyCTVFlhPOOdCSDnwreNYvpbLh+O6t25XHJ57GqDL9H+vwpmIaXegdzc8LH3jarFql1rktnPpVxw5OkKH93eRzpKrBdxlRuM0AxQcR3NxAjEKrMoJxUPrOoytZ3DPIT+7PyounwXNzFFDbQPJKEHMBty+0nYVNRcHtdIRqU/KjbGOE7n31LVlJ0EhvjBbxo7esEHXrRDqwJ+uPjU4vC+k4HaWhlwOssjN+tKpw5oqbjSbPPiYQfnXn/gW7bOv8mNdjPeIrvsL6C8j5zHLGVkKAkKVPfjpsa7p/EVtIAIrtGI2PrVp9vZ21snLbW8UI8Iowo/KkrvS9OvP+LsLWY+MkKt8xXbhx6IKNnNOWp2U+DWM4HMrDyNF1G8SS0lddmA3BFT0/COhODyWXYHxhkZMfnVf1fhO/wCxdNCufSufKFLo45Qds84Hd7M1oZlLkulSJU6nypoZgT1q0yfRnrAQsNSsy/3eRgM+2oy64D4ptlLJaW91j+5nGT7mxVWSRcZeWRY4hzSOQqqO8noK3HSbRNN023skwVhjCk+Jxufec1lvB2g6nbcQxTavp01pHbozgygYZ+igYJB6k+6tM9IMgxGCzdwG9eZ1025KCOnDHi2Q2vcO8OSq009o0LhTvbPyH246H4Vm+kaHqOu3BXSYiYVcg3Eh5UUeZ7z5AfCtdbQ47wH9oEsp2ManY+RP6CmWucT6Tw5D6LbqklxGuI7WAAKg8yNlHl1rfpIZIxetk5XG6iFi0oaRpSG4vUVbeIB5HGF2Hj7qEcnSsx4g1+/12QteS4QfUhTZE9g8fM1osJwMeFdL4M0yQV6NzUgho+aBljWMDuFHCqPs11mJUOsT8pGzkYFJli1USHYovcCai+J5nGg3bR5R1UMHU4I3HfUhTPVYFu9OubbnCGVCobGcHuooGZ3pnFM2noY5kaXnbmaYHLMSB13qatuN7RiA78h/n2+YFUKS3updPtL0QMYp05lCEMRueoG9Me1IONwfA9aqhWbBbcS2kwysq4+PyqQi1a2l+rIh9jVh4YZJGx8QMH40vHfXMX8O5mGO4tzD880qCzcku4W+2BnxrjTBm5YyGbqcHYCsah4i1GE7ShvivyNO7PjLU4J5PSI0eB8FeQ+sp+AyKKGjW1iB9aR+byGwpYADoAPYKzq247i27TmX25H6Gpiz4xtJ/qzq34WB+RpUBbsGuYqGg4htpOssYPmwHzp9HqML49YgHyoAPe2VvexdlcIWGcgqSCp8QR0rOePLjUeHriztrHVLlUlV5OZGKNjIABI69/xrSluIm6OPbmsr+lW4SbWLRU6RQlSfPOf1FTpjd0PU6or0mv6xcRss2rX7qeoNy+D7RmmJYsckkk0SFWk2jVmPgozmpFbWKyAk1H+Iwytqp9b/ANZ+yPLr7KqU0iUhOxsmuHEjsIoAwUyMNic/VHifKtLt25lB8azaK5lvNQtRIQFEiqkajCoMjYCtJtBlFqefspDyOlKLGtK8tAx5xHqkun6bLJa20l3M7NIItyZGxkJ78AYqYgjMsKSE8pYZIA6Hwqk6Vd6fa8R6xo9zBPNLLcm7eTrDGhACDc5DHfoMb9dji9Wph7FRbgCIbBQMAVZmEe2cj1WWm09u6huYcoxuc7D31JdNxQ6qQy5UjceI9lAzNJ+G7WG7i0m2aS3QwF4AWLg4O43PmDVW1bhyRdS9Bjn7e5JwEXOeme/wFW3iOabRNVgMCtLaQ3CyQSZyYs7PCT4FckewDvpLg2RtQ4g1DVHA9G7VoFZwSTnpv3bcvXxxmo1O6LooV5w7rFlzF4JuUd4UkfEVGOb2I4eLOPEEV6Ke3hPVQPZTC60Szuge1gifPc6A1oRRgQvcfXjceON6US7hf+0A/FtWvX3AmlXGSLYox74nPyNQF39GsYZmt5/dKpwPeP6UBRRVcEZBU+yuFVbqoJ8anrvgTU7f1obeKTA3MT7k+QqEvNO1SzIE9tImDt2i9dvMUCDJNNF/CnlQeAc4+HSnUOsajAcrcBvxIAf+nFRJu7iPIe2Q+J7/AJUQXyk+tG6e7NAFph4u1CI4dOceT5+YPzppNxJqcjekJIkRlJLJ2aOCBsM5HXaoVbmNxhXHsNHZg0EHrZ9Vu/8Amak4p8MdslG4i1aRCvpRjB2PZxqp+IFR55mJZiWJ3JJyTT7SNOvdVaRdOsGueTdiuAF37ydqXfQ9bFysMmkXEKkgZKZB942ApRjGP7VQW2NNJ0651LVYLO1u1tJWVpFmMfacpXoMZH+u6rjHpPHlgo7KfSNSjHewMbH4ACpvhrQxpMSNIEluMe0L7PE+dWeOY/aQE+VAzPzxBxJYb6lwfeOv37J+1/JQfzxRf/76P/w1r/8Ayv8AnWlRyQgbjl91Kdsn943xooAx0+zZ+0MCs3iRnFKsvKPVAA8MbVT5dXv2Y/7SkY8WlLH4KB86aNfzmTMl5A/445WH+Kp1PwPT7LrJfQRoXkkAC7tg55fbTIalcX3q6dGQh/t3GFx+vu+NcsbGxniiuTEszEBgZCWCk+APSpMeQxR8n3DhEZrFpA2hyWtxyurKFJYDJ36+RphwZoEOkQyTLKztIqq6npnqSfE7/AD21M39obuFojIVVhgkdaLY2foiMsbMQTk8xzn/AFiq4RNsfFI23KgHypGSLl3ByvnSqsMZz06kU0mvI3cRREMc+sw6CmMNt3UN/HFFzg+A7q7mgArRIdioPupNrSNgRvg9QelLV3NICFvOGtNux++soGPiF5T8RUBffR1pc2eyEsRPgeYVeaHd50AZLffRjMMm0uom8BICp/WkNM+jC8mv1GoyJDaLu7xsGZ/Jf6mtckYDYAGki1MKEdNsLPSrJLOwgWG3j+qi7+8nqT5mnHNSfNtXOakFByQe4UUHl6UTmrnNQMV5xnpQ7QeFIFqLzedAigtdM++SQd8Umbvu5tvbQsI7Nkk9O5lYFeXZtx3jb/P2U4C6OXQSM42Jk5FYjOMAKT3Z33HQdaz3HV0aba8lp0mZm0+B0YqezHrDr0qQXUbtNg6uP5k/pVChfS0gSOeSbtME86A/e8CfDHTzp2o0h5AhklCbcpTm5iCRuwI/F07vOp3b+g0ey6jVLvfKQeXqt/WuHUbs7ho0/Cn9apQhse3UP2wiKH6quWztjOR7eldVNKQM1xPOvVSSh22XceWeYb+PlRuhtotsksspzLI758Tt8KPAwWRc7AkKPaTiqNLPpgjPLOe0ycdkWKlcp1J3zjn/ANYpYHRWMR7e5Csx9UAk9dh7fDA326Ubj8D0ezRObfDDejA+FZvLGjXSELIIyV7QRK3IPW9bBO+OXHvJp16PZlV5jMG5F2jWTrnJyCNtttvM+QNz0GheS/5owzVAMFijElJ3QAnZJAS2Dtg92eXvz17qSNvbAqYzMxEeGWRJAvP45AzjqPaPOnu+haF5ND3ztTC51O3WUwhxlTgmqd6PY5PMLvAII7NXOV2+tkbMRkbbDaoiCbT1upVuZ2EeDjcjB5um3fy5Iz39aNz0GheTR1uUb6rCjc+aoom4dJXlumXL7gl8Acv5gH3nHdXLZtH7Be3uWMnLvyl9zj/7Z93nRuPwGheS9k0XNUmMaYXYvKWjVzuva5I9XAHXp6/Xr+dMLgjt39H5jHtgjJ3wM4zvjOcd+MUtx+B6F5NEJrhNZyBKfsv8DXeSY9Ek+Bo3fQbfs0JmOKJ2grP2WYdUkHuNJ8x+8aN30G37JlP3sSswGWyTjamM6KvQd+KFCtI9kQ3yReoopkRyN+TH50x1R2Elqykg+iRdPIEfoKFCklyv7HYzFzPzcvbSAfjNFdmY4ZmPtOaFCrpEWxSFcnvq68KWcBtFmZA0nOCCQNsesMe8CuUKjJ2Liy3RSNyjepAHbG/TxoUKukS2HVjtvXck53oUKBWBSSwGTt51571TH7Uvthn0iXu/mNChTExo8aMMlR8KCPJAf3E0kfkG2+B2oUKdCQ803W74XIi7Tb7wyD+VWiDUrpeXLh87esN/jXKFJpFJsnIriX0ZJg5BZsEZ2p3b3s+frmhQpDsbcVX09tpM80L8smUUN4czAEjz3qh+ix+L/wDuN/WhQqkSz//Z\\\"]\"', '2026-03-18 12:45:16', '2026-04-12 15:03:14', 1, 10),
(5, 'Tủ lạnh LG 300L', 'Tủ lạnh Inverter tiết kiệm điện, ngăn đá trên', 8900000.00, 'bep', 'LG', 25, '\"[\\\"data:image/jpeg;base64,/9j/4AAQSkZJRgABAQAAAQABAAD/2wCEAAkGBxITEhIQDxIWEBUWEBcVEBMQFRUQFRAVGBYWFxUVFRUYHSggGBomHRUXITMhKCkrLi4uFx8zODMsNyktLisBCgoKDg0OGg8QGi0mHyEtLTc2Ky0tMi8tLzc3Li0tKy81LS0rLi0rKy0tLSsrNS8rLS8tLi0uLSsrLSstKystOP/AABEIAK4BIgMBIgACEQEDEQH/xAAcAAEAAgMBAQEAAAAAAAAAAAAABQcDBAYCCAH/xABPEAABAwICBAgJCAYJAwUAAAABAAIDBBESIQUGMUETIlFxc7GyswcjMjNhcnSBkRQlNDWCwcLSQkOh0eHwFSRSU1RVYpKiZJSjFmODhMP/xAAZAQEBAQEBAQAAAAAAAAAAAAAAAQIDBAX/xAAqEQEAAgICAQEGBwEAAAAAAAAAAQIDESExElEEEyJBcfAkMjOBsdHhFP/aAAwDAQACEQMRAD8AvFERAREQEREBFBz64ULJHQvqWNe12FwOKwIyIxWtcHI55EFbVPp+kf5FTC7mkZf4XQSSLyx4ObSDzG69ICIiAiIgIiICIiAiIgIiICIiAiIgIiICIiAiIgIiICIiAiIgIiICIiAuA8Kuu/yKL5NTO/rUrciM/k8ZuDIf9RzDRy3OwZ9RrZpr5HSTVWHGY2jC3Zic4hrbncLuF/QvmPSFbJPLJPO7HJI7E93KeQDcALADcAAgldGNvGw5nJ1ySSSeEfmSdpW+yJauiG+KZ9rtuUpExaRjjaW5tJb6Wm3UtyPTNWzyKmZvoEryPgTZecC8vjQbcWvGkWF1qkuAIyeyN24by2/7Vtx+FOvZ5TYJB6WOafiH/cuafHxn847K0541B31P4ZJQbSUbXdHKWk8wLT1qUb4YIG/SKOph5eK02/3FpVOzMWtPK6xBc4jeC4kHnCaH1fRVIljjlZfC9jXtvkbOAIv6c1mUbq19EpfZYu7apJRRERBhq3ERvIyIY4g8hAKp7Rela2Yuf/SElO5gBDnASRm+50ZyOwbArgrvNydG7qKpHQo4svRt7bVYR28es2k6fKrpGVjf7yjdwb7cvBSeV9kqZ0TrzQzNu6UUrw7C6GstTStJF/IeRcekXC1mUgtUyl8hLXlzQJZA0YY2Ow8HfCRccm8qJroY6sSU88TQ3ARiZ5WZLbtBFmEWuCM1znJEdusY5np3Q0jDl46PMAjjtzB2EZraVPN1CoG5YZuTOZp//NTTaG1h8rrgN39bOX/Bbc1joq6FF/1dd/3Z/Iv35EP8XXX9rP5EFiLy94G0gc5sq9+Rf9XXf92fyLT0jq5BPhFRLVT4b4eFqA/De17Xjy2D4ILDrdMU8IBnniivs4SRjL7Blc+kLm6/wgRB74aOnnrntcWudC3DCHDaDM7i+/YuWp9TKOAmoZG97msJa2aQPjOwXLQ0AkAki9/dtU9oQOdNgc/IRMcBYWbnmALbDYjmKxN4i0V9XSuKbUm/oxSVWmqkGxi0ew/3bflEoG8F7uJ7woTU7TVWNKto5KqSaIOkDhLZ2PDE5wOeYzF8iu9AcGygm9m2b6Bnl1fBVpqgfn0H/wB2fu3ro5LqREUUREQEREBERAREQcf4Wvqqq/8Aj71i+dmL6I8Lh+aqnni75i+eGKwOh0OPFM+123KXiCidDHxTPtdtylolUbLQjmL0xeyEEWY+O/7PUoPRbpHNcZbnjcQkWu220HeL3z9BXSAceT7HUuc0AOI/1/T/AGQTt50HioYo+du1TFQxR1Q3ag+m9WvodJ7LF3bVJKN1Z+h0nssPdtUksqIiIMFd5uTo3dRVK6E8mT1G9tququ83J0buoqldCeTJ6je01WEWcaRpxHERi2gWscrG6wxaLa12Jrrk5Ekbc7rDIHiRzmvIFh7ti243PGHE4OBI3WUmsT21FpjpDysuTa5zzyX4IHch+BWrpOVwvwZN7nyNuw2XqkqZ7AEkes7bxG3JafTce/0FefJ7RNLePjMtVx7rNttjgyv0RFSDdMNswOhJF7O2ZelQ2lJSW4422OK9mkl7Nvkj32V/6ImszWJmY+WphLY5r22HNsSCbWAJvuubC6Fi5uThZI3ieF73A2Y22Fr7YSJXPxYi7byfBSWgTJwd5+KdjQ5xc4gX4zsRJuedTDmveZi1dJMaT9LCJGFhJFgQ7ZYglZzSMjIcAcVrXjY6VwFjtwgkDaoOvbIW2jc8tLPJYSAeNmMhns5d6z6vxuiqXyGNwYYmsDrgXILicVzc2v8AtK6Tf4tadaU3WZ8v29U3FM10cxa4usCDiBaWkYgQQQCMwq51PHz2Okm7p6sVrAG1DgAMRc7K2/Ec7b81Xep/103pJu6eukdcuVtb4XQiIiCIiAiIgIiICIiDjPC+fmqo9aLvmL58jC+gvDCfmqf14u9Yvn6NWBO6IPi2fa7blJumDWlxztuCidGu4jPtdty2NJu8RLbbwbrW3G2SqN1umGDa13uwn71JQSBzWuGwgEX22KraSvd8njYJeMJjiaA0SBvGsS+2O17b7Zj0Kw9GnxUXRM7IQfjRx5PsdRURo7RnANc0vx3fivhw2yAta55FMN85J9jqKxTBBE1DVGVDdqmJwoypag+kNWPodJ7LD3bVJqM1Y+h0nssXdtUmsqIiIMFd5uTo3dRVK6BOUvqN7QV1V3m5Ojd2SqS1dOUvqN7bVYRZp2nK/wDN1ld+r9YLAH+MDeW6/ZKgAg2vmbbvTdYyZa46za3ULWs2nUImWnxP2kG9lIwavuOfCZ2tt/gtJ8wxH9HeFt0te65BltlllvV7jhOu3ir0W+MAufe5txT+8LAKM/6vh/BZZ6svye8nmuLcxC1Kuulw4W3PNgHWf4rN7TWOI2saZHRNGTn4cwLOIBz2ZbSskmjWhoLXHYNpByt6AoKpjmla7GHB3FtxwXHDiN7jLaVLiGna5sjA1pAsMDcFxa2F1hmN9vQFwpny2nXhxv7l0vjrWImLdpDR7SGuZyZC+duXJbzYt+4kbbZc2/4rQ0fPkXbbk3O4qVgde9xzL1bc35UgcHJbPiHqKrTVD65b683dPVjy2wS8vB5/8rKudT/rhvrzd09WBciIigIiICIiAiIgIiIOJ8Mf1VP0kPesVAxK/fDIfmubpYe9YqCjVgSlC7iM5j23LbqWF8b2NtdzCBfIXIyuo+mdxW8x7blvwvVRFf0BOSzyLAEO424i2WXvXX0jcLGMO1rGtNs8w0ArSietlj0GRjuPJ9nqXiVeInceT7PZX7IUGlOFH1AUjMtCcIPojVf6FSeyw921Sii9VfoVJ7JD3bVKLKiIiDBX+ak6N3ZKo/Vk5S9G3ttV4V/mpOjd2SqM1VOU3Rs7YVhFnvHGad+Ij025FjcNvod95W0YwdoBzyuLrBPGGi4G9t/Td7W/euWXH7ys19WqW8bRLSEQJNxfPJZhQjFazdmQv6f4LXZVtDs2ncbA/vW0dJMzjLXAkE2xNDhfaRvCzPnSla1jctfDa0zLzNStYLuDQOU2HJy86jqmtja0mJrZSNwuG7d7w0gKTqa5rmsaQeK7Ivczj5EWPp3+5ci/V+fxrBMA2QkBuAktGIOAFnZnYF6McRP5uHlz2yV/TjbopXAsJjYCcN8xkOfMH4LDw0Qs2QYXbDxTa/OL2WhT6OqYW8G6VpLo8Iu1122tntyPoXhlFKJmzSStLWuJLGtIvxbbSfeu34eYmYvvTlW/tE2iPD+P7dPSxt4MluYLcvjuUnTnOw5B9yh6WfEBltcAMzsLgD1qUhiDdmXvJ+9eaY5euH5OeLN0X5v3qvNTx88N9ebu3qw6hnFef9Dr/AqvdT/rdnry909ahVxIiKAiIgIiICIiAiIg4fwy/VcvSw961UFGr88NB+a5Omh7xqoONWBtxOybzHtuW3E9RTpnCwwmwGRscwSTf9q2I5n/ANm3ObKomYnrbjkUKyodvw/EfvWdlWf9P+4fvQScTuM/7PZXp7lEw1j7vuGeUAOMDcACxydkvbquTkZ8R+ZBtylaUyxvqZeRv8+9aklTJnxdgO47uTPP70H0rqr9CpPZIe7apVROqJ/qNHf/AAkPdtUssqIiIMFf5qTo3dkqiNUjlN0bO2Ffc7QWuDjYFpBOywIzVLM0eymmqeBdHJBiayNxqae5AF+MTI2xv6NysCxwVjqvJ+03vI1yVVrvJEzGWscAQLQuhqHZncyOUuPwWtTa/umOEwSNAc1xMkRgbkQc3kmwy2gFEdgYQbemFgachhy257d3wURphkhpnvbKxwc0h2LCLEgjIhwAsbb9yiqzTYDmnE48QACGeF4aBsBvBt5771FsqKYOLhC8OcbuPCQEuO8kmDMr5eX2G98s5PL6PR72vjEa6edDT1EXDiWVsrSMec0bgXXPHGJ3FOVid989gViyvY17TIbWe4NaCG4jwcOWZ5L/AMlV42ppgbiF98v1kB2bNtOpKr1kZJhxxycV+Np4WG+LDhxZwG2WWXKvbGOfGYmeZTJkraK6jmO59XW6WLDgmhbEXgtbxwHWa51jsNsr3+z6bqvtbGTNqS9j2hzmWDGzMBcCbbHHeRsAAFgMgLLedpiMjCWy2vfz0Iz5xTrUqZ6V7sckDnutbE6SAm24X+T7F5sfs2SMm7TGvT7hr3lIrxvbsdXp3PpaN8gs43Ds2u8moa2+JpIN8N9u9dEPuC4en00I4YxGGuDQDHG2aN8jbOD8PBMiYNo3kb1moNeJJWl3BGKzsNqhrYScgbgOkzGe30FfQeeeZdfUeQ/1HdRVean/AFuz15e7epybWt2HMwkHIgTU7Tbfk6YWTUfRDPlclRK9ofe9M1k0T8YcxweS1jjfKyIsVERRRERAREQEREBERBwnhq+q39PD2wqDjKvvw1n5sd7RF2lQTFYGYnJvMe05ZWOWu8+T6v4nL0xyqN+N62WPUcxy2GPQbsMmbucdSy8ItKJ/lesOpZcaDK5615SvRcsTyg+jNU/oVH7JD3bVKqJ1S+g0fskPdtUssqIiIMFf5qTo3dkqj/BrE18rmuFwQy4zF+LId3Mrwr/NSdG7slUj4LT48/Y7MisIspuioh+rb8XH71iq6KNvBFrGg8OwXA3XUndaekz5n2hnWg0tNFzXgMOEcUGxI8o22BbUejZrk3c4Z7XNA67rFpwC4uQDxbE77OBta/8AN1uQ6Tja1oeDe1iThubb73VGlUQSxhznPdexs1xBG7+yfSFE6BuZatrThvUuuRuzk2Kbralsh4uQLQM99jfKx3qC0J5ytI2ipNt++RB605paSlljjtwwdm573uaWi4FgG5E7T7lI19NKxrHcKTeRrSCTle+y338ih9KGWaFsbmlpsMRLWlzrYTcm+24Kn66drmxjZaRrs9mTV5qZLWt1w62xxX5skzb0zS7Ml7Ab538aBn7luO0bF/dt+FupYKoWp2i1vGR77/rW71JH7l6HJGVWjYgx5DACGEixdkQD6Vwupv1sz1pe6erFr/NydG7qKrnUz62Z60vdPQXGiIooiIgIiICIiAiIg4Hw2/Vh9oi6yqDCvvw3/Vp9pi6yqCurA9y/o+r+JyMcvyY+T6v4nLwCqjaY5ZmPWm1yyscg2437ef7gsoetRjtvrfhCyByDYLl4JXjEvJcg+lNUPoNH7JD3bVLqH1P+gUXskPdtUwsqIiIMFf5qTo3dkqj/AAWefPMzsyK76/zUnRu7JVH+Cw+PPMzsyKwi2brT0n+p9oZ1rbWnpM5Q+0M60GOvoxLMGl+ABgN+XM5FbE2j2DMuDubd+0rHVyNErC5waMNiRmfRzD+KyNrmNkY5ry4Wdi22FxluvtWfHne03O9aalVEwMOE52yzUVq6LzVYOw1Zv8ZF0Gk9ItfHhBvcgu22sDc7tmS5vQTrS1huAflZt8ZFpXRmFm9vxIWlpWIYWYQW+Na2977bg2CiJY5S5zrbzbN17f7gvUPCYhwlxxgQSS7MX5SvLS2ab6nWvp/rczTXG9ugm+jM6SPvWqVP3KKq/o7dnnI9mY861SR+4L1MMVf5qTo3dRVcaln53Z60vdPVi158VJ0buoqudSvrdnrS909BcyIiiiIiAiIgIiICIiCv/Dh9W/8A2YvxKglfnhw+rR7VF+JUGrA/Z/0fV/E5eAvdR+j6v4nLECqjKCvbXLECv0FBsMdkfW/C1ZMS12HI+t9zV6xIM4chcsQcv3Eg+nNTfoFF7HD3bVMKG1M+gUXscPdtUysqIiINev8ANSdG7slUb4Lj4/3N7MivKv8ANSdG7slUX4L/AD/ub2Xqwi2rrU0mfM+0M6wti61NJnzPtDOtB6rmgvJO7CBnsuHE9Sx4GgXsfjtWzJGXOcBys6nrSNHMXE4PV47LX9OeX7d6kzp0x0i08zpmLGkZX+KhdXWgy1t/8Ue1IpaCmlYGiTjZgXFs9hJsNm9Q2r5OOvIFz8pOX2nqxO2bV1OnSNpx/JP7liniAF/vK/BS4gCXuZdouAd+Q2blidR4Wksc5xxC4JvYco3LhXLebamHothpFNxPLZrhaC3JMwDmEwspEnqUdpI+KPTt74LfJ6l3eVhrz4qTo3dRVc6kn54Z60vdPViV58VJ0buoquNR/rhnrS909BdaIiiiIiAiIgIiICIiCC101dbX0klM52BxIdE/c2Rvkkje3cRyFfMtfRSQyvgmaWSRvLZGncR1gixB3gg719bqufC9qYKmL5ZA21RE3jAAkzxX8nL9JtyQecb7iwKJqf0fV/E5YVmrMi0OyOEZHLeV7p9HzSeahlkvs4ON7+yFUa4K9AqdpdSdJSeRQzfbbwXbIUvS+CrSr9sLIulmZ+DEoOOByPrHqal1ZFH4GK0+dqKePO/EMkp2AbC1vJyqXpPAkP11cXeiKEMt73Pd1IKiDl+4ledJ4HKBvnJKiX1nsYP+DAf2rcg8E+jWvLiyR7bHxb5HWByzDhZ245X38ybHQ6l/V9F7HD3bVMrBRUrIo2QxDCyNjWMbcnC1osBc5nILOooiIg16/wA1J0buyVRPgzdae5yyb2Xq+qiPExzb2xNIvttcWVWUXgqqojhZWxta6we8Qlz7D+y0uwg5nbdUdFU6Yp4/KkxEbQzjfG2xctpjXynNmw+Mex4c1rCZLuByDiwOwXOVyur0f4NKFtjU8JXO5ap5cz3QttH+wro/6CpbBop4mgPY8BrGsGNnkO4o2jcgrj/1XVuzdoyTZu4YX+Eea/RrJUf5bL8Z/wAitZFBVQ1kqP8ALZPjP+RaGi9JVMTp3mhlk4WXhLFszMGbjYWZn5X7FciIKrOslR/lkn/n/IvJ1kqP8sk/8/5FayIKh0hrlM1rW1FE+CPG0l2GVx4rg6wGC5zH7VN6L14o58mvFxtDSCRzt8oe8Lu62ijlaGzMbIA4OAcLgObmDzrS0lq3R1ALailikuSbujbiucyQ4C4PpuqIeprInxScHIHeLdkDnsO5V/qKfnhnrS909djXeDSMAmhqpqY54WSO+VRX3DDJdwHM4LHqt4P5aerZWTVDJC3Fdkcbmhxcwtvcu4u29s0FgIiKAiIgIiICIiAiIgIiIIen1ap2VDqtrfGODgb2LRiLSbNttu0Z8/KpgBEQEREBERAREQEREBERAREQEREBERAREQEREBERAREQEREBERAREQf/2Q==\\\"]\"', '2026-03-18 12:45:16', '2026-04-12 15:03:13', 1, 10),
(6, 'Máy giặt Panasonic 9kg', 'Máy giặt cửa trước, công nghệ giặt bọt khí', 10500000.00, 'dung-cu', 'Panasonic', 12, '\"[\\\"data:image/jpeg;base64,/9j/4AAQSkZJRgABAQAAAQABAAD/2wCEAAkGBxMTEBUTEhIVFRUVGBcaFxgWFRYXFxUVFxcYGBcXGBcYHSggGBolHRUVITEhJSkrLi4uFx8zODMtNygtLisBCgoKDg0OFQ8QFy0dHR0rKzcrLS0tLS0vKy0rLSsrKys3LTQrKy0tNy0tKys3NS0tLSs3LS0tKystKy0rLi0rK//AABEIAOEA4QMBIgACEQEDEQH/xAAcAAABBAMBAAAAAAAAAAAAAAAAAgUGBwMECAH/xABMEAABAwEEBAcKCgkFAAMAAAABAAIDEQQSITEFBkFRBxMiYXGBsTI0QlJyc5GhssEUNWJjgpKzwtHwIyQzQ1OTotLhFSVEg9NUlOL/xAAZAQEBAQEBAQAAAAAAAAAAAAAAAQIDBAX/xAAjEQEBAAICAgIBBQAAAAAAAAAAAQIRAzEEIUFRYQUSInHw/9oADAMBAAIRAxEAPwC8UIQg8c4AVJoBmTsCYLZrnY4zQyOcfkRSOHU4NofSnTTJpZpj82/2SmC9jS9Tn6lYNW0cJVmb3MU7voBo9bk1z8KZ8Cydb5aeprD2qQ3D/Eb9deSVHhA9Dqq+kRCbhNtJ7llnZ08Y89rVoTa+213/ACo2eREwe3eU6c47/X/lY3nn9aCupdZ7Q7urfKeiQM9gBaclsD+7nc/y5nu9TnFSrXTS0lmsVomiu3w+MNLgHAXuKacDngSqzPCHbv4kJ6YWe5XYkDHxjJzB0FoXvGM8Zv1h+Kjw4Qrbvs2zOEY16Ckv4QrYNlmPRD/lX42JH8Ib44+t/lHwkeP/AFf5UbHCBa6dxZeuH/8AS3rDrbanhr3RWIs46OJzeLpIS/GrReypXFTaWydnb4T85/X/AJR8J+cP1z+Km79GxbYm/wApi07TZYGkAxMN7ICNhcerZ1oqKi0n+Kf5hHvXvwp38V38w/inyWOBppLZhHXK/C0A+pZzomE/uYz0RtPYEEc+Fv8A4r/5jvxR8Lk/iyfzHfin+XREA/cs3/smjDfj0hakmjoMaQswwPIAINK9hCBrdb5B+/kH/a/+5YnaakH/ACJ+qWX+5YGQMFjkfdbe41gDqCoFTUV2BR15P5/EqbVI3ayyjK0T/wD2Jfc5YX63WgZTz/z5j2vUfISHAc/Z+KbD0/XO2bLTOP8Avk/FXNwSaWmtOjy+eQyObK9oc7E3QGkAnM5nNc9mm4dvaujeCsf7RZuh/wBq9SiWIQhQCEIQCEIQaOm+93gmgIuuPitcQ1zuoEnqTJafg7TR1qjaflOYO1yetPn9Vm8h3rFFVmuug3ykuazjMe5AvH0KxE2As/8A8yL6zP70riof/lReln96oz/QZ2uLvgE/SGP9yy/ApRnYLV1RvP3VRd4ssRytMfVd/vSbTY2tYXCZrqCtKDHm7pUcbM+veNr64pP7FYeouieJspe5pYZHVuuBa4AYYg4oG7hRd/t03PLF7TPwVSvbWdooSaR4Y17hpypU+hWrwlxvdo6S40uPHNNGgk0DjsGzAKr3wEOLqyck0Yfgwo5u8tIAqKnPNCNSUB8zq4Aux6K47BsB2BKbZWEtF48rDbQO5GBw3udiKjLHNexWRhNOMum8wAPFyrSBededyRTlYE7BmsFxnJ/StxDa1yaXHEc9FqZSfAQYuSSGktvUB7B0rf0M6XjYQHPDOOjbS867i8YUrTafStYwUa79K0ABzm8rCQtdTkiuZpXfl0jc0J3zZwJQ4fCY+QC69hI3lkUpQjcSp/H/AH2e17F+NaD89adNULI1zDaCAXyOdTPksBIa0A5Jg+FMpW+2nlN/FbOgdMizFzH/ALJ5vMdiQCdlRX8gbysSt5TR11s0ZGYxJiOU1r2hxDXteQ3EVpeF6ocMQQMVDtASkNfE4g8TK9gJv1LWmgqaA7NmG7DFPOtGsbXhrWVcA4ODGAkyPHc33EBrWA0dQEkkBM+hbK6NnKNXvcXvIdQFzseorTDctVSeTdOFKVdTMHaOZabmkBxNKnHDIUaGgehq2rXPQirqV2mTdsqCm+SYljySSMaEkuwuitCcxW8gY4z+o9MzfeVFipQO8Gc8w7FGmBubq15qdqisJcvAHHIfnqWcygZNHXisck7jmfcEGMwHwiAOkVpzBdF8FnxRZfJd9o9c5MbeNBns5yujuC74osvku+0eoJUhCEAhCEAhCEDbrG6lll8ntwUSktJr3TfqH+5SrWk/qkvQPaaq01gt7mBrGGjnk8qgJYxo5TgDm4kta0b3Dcr1Nklysk7qRHSEm24eoj7pWNttcPBjPS93/mq0c+pvcUa5Xy+YyVw/e3hysRkAMclJdA29zgY3uLiGhzHEAOcwkto+mF9rhQkAAgtNBVYw5ccrqPV5Hg8vBjMs+r9JL/qMniQ/Xd/5LGbW/wAWPqkd/wCa1apJcujxtiK0uAxaM3HB+9xO0DelG2fIP1m/3Jm/1MPeY4I5LRIM2wsL7p3PcOSz6RC3otXNKy4iGz2cfPSl7utkQI/rRWwbZh+zd03mf3pBtQOcZ+tH/clHg/0gc9Iws8myk+1KsEvB9pFvc6SicdzrMWj0h5TYHSx7YSeuP8Ui/EMRFQjbRvXkm216B0xCKmGzWkD+FIWOI6JAAmg6yNY+5aopbK/HCZhaDTc7IjnREnkMFKBmG4xjLoASTaGAUANMqXHUpupTJNzJg4AtIIORBqD1rxxRW62aMHAEb6RuHY1KktcOzjOtp/BNhctrRtk4y9hUi74V0UIcSa0Pi+tZzymMuV6iMjbXFXlONNvJIK0LdbGXH0Ow0GKeptCNAJ5eHzjd9PEKjel2XLwFaXQcTUirQaVAFc9yxx82HJ6xq3curLP7hufOPgMLa48bjnuUax2BP5P6pH54eyUxskIFAaLorziHbTTpw/ykGNgzJPR+JXjnpNCcggHP3AD1ldG8GHxRZfIPtuXOAwIrQ4iowxG7mXR/BgP9osnkH23KCUoQhAIQhAIQhAz63H9Tk+h9o1VTrLGb8bx8pgJyDy+ORldwc6INrvcFamuXeUnTH9qxQC0xte1zXAOa4EEEVBG4hXW5Y1hncM8c53Kix0qW0HLF3YbgoRTA8muBa3PKi3tBBxmJNata6/gBR0pjutIApUMiDqbOMFQsrtCcoEWiYAZCsbiANjZHsMgH0lvWeAtLLPZo70jybran6UkjjUhorUuNTkBUkA8uPhuN3a+h5f6hjzcf7McNfbPNaKEMY10kjsGRsFXuPMNg3kkAZkgYqQaL1FMlH259RsgjcRGOaR4o6Q8wo3GhDs0/6s6uR2RpNeMmf+0lIxd8lo8CMbGjpNSSS8TSta0ucQ0DMk0AXXb5miLHZI4mCOJjY2Nwa1jQ1oHMBgFmVaa1cM1hsxLIa2mQeJgwHncc+pV3b+GrSUxpBHHGNwaXkfSw7FFdGlYZFzOdeNPO5QtEgHkwgD0tW5ZuEXTcQBeWyj5bWEkfQI7FUdAypi01Y2SsLJGNe05tcA4HqKrzRPDUKhtsszo6+EzEdJaaH0VU5sOn7Pao79nla8cxxHSMwtSs2K80jqtxLy6wyGF2ZjcS6Fx3UOLekehati0zV/EzsMMw8Enkv52OycFKNOShtTkBmqg07pozSEnIHk72gZEHYVcpDG1ZLnLb0W29UVpy2epkx9yhGrmsN6kUrquODH+N8l253b2zvV+aIcYJbuN0tvm6LwvitSdl7nzyXHlm8LI5+RhcuOyM7murQONKeCG/hh6lHdOvz83H9m1T5j9HE8oxU2jj3jHqeoDrU9nGy8WQWAANoai6GAAV20pTqXHg4rhbt5fF4c8OS3K/H5/H3DY7vWEb5vcmJrARUmn53J9Pe1n89+CYAcF6H0SyWjIV6fwCxySHacPV6EXT0D87VjLVR4wVNMqkDHLFdI8GJ/2iyeb+85c2FdKcGXxRZPN/ecoJOhCEAhCEAhCEDJrn3lJ0x/asUAc5T/XTvGXpj+1Yq8JWolItVpEbC81oBsBJO4ADEnmCnmpegTZ4zJKP1iahf823NsQ5m1xO1xJypSJarWH4RbQXCsdmuvNcnTOrxQ57tHP5iGb1YtttrIYnyyuDWRtLnOOQaM0pGtrLrDBYbO6e0PutGQ8J7tjWjaVzPrzwh2vSUhbUxwV5MTScR8sjujzZdq1+ELXGXSdrLuVxTTdhjFcBkDTa4/4TnoTVnim0ID7U9wYxtQGMx5b3Ox5LaEAjMhxybjFM2idXcjIKnxdg6d6kTLMyMUNMNm7q2LatdqjhBYwVIwvYY/L68CBuO9aWkZf0cbdpq4naarQddDsjlvGRpLGCrQKVJ3FxxA5hzpp0nb3SOOxleSwYMbuo0YDpW7Zp+Ls+GdL3qqPWUztYXZZ49agCbwuuAcNzgD24jqSI9DvidxtklMMg2Am6ebbh01CXCRXHNOcTqDHq56IPJ9Y5LVE+zTNEVqplk2YbQ05Bx9BVeWhpDiCCCDQg5gqePsDbS8VoHg1Y47CMaGmN05H0rDrZoEvYZmA8Yyokb4VW5g0zcBjXaOqpOkLgloaHI50z5iNxCner+leMbceavaM/HZkHdOw86r6qcNE2pzXtu9001bz+Mz6Q9YCirEc5alsPId0FKhtAexr25OAI6CsVsPId0FVC3d72fzp9yY430GxPb+97N513a1MQZULKvHv3lYnErIWpDigTG8tII2EHHm5l0nwZfFFk8395y5sZQkA4AkY7hXE0XSfBl8UWTzf3igk6EIQCEIQCEIQMeuveMv8A1/asVcSSUBJ2Yqxtdu8Jf+v7RiqjTRJhc1po6SjGnc6QhgP9S1Okqf8AB/Z7liY891aCZnc/GUueiMRjqUF4f9Zy2OOwxuoX8uWnijuGnpOKtCzANa1rcA0ADmAFAuXuEDSxtWkrRLWovlreZrcAPUlSMmpOiuMdJM6gbE11K+PdNKc47SNtFI3Wkl9a0Ljs2NaKmnUKJGqlgHwcNOADOMefKo4dd0tHUsJkF99NgaBzXiSfU0I0VbuUQdpoOvesOkj3A3Mp61kwdhWixW9vKArerg0NGOwmv52oN+0CrHNGGAGOVMz6k32eAk4VDdhpQu6tgT1BY6R1di4xknaKu7diwxM/yVAuyxBoyGPQsdsbUcnCnoK9fJXLJZYod+CDY0Ro1z6OixcM2E8puwuHjM21GI2jaZNpGwDixL4QaBLucwZO6W1z3V3BYdUrRG2W6Wi9Tku2tI3bs9m5Se0WUglzReac27ee7vHNnurkmxz/AK5aENnmDg2kct4sOyoPLaOgkHocEwseQQQaEYg7iMirc1x0cJbFPG2hMB46M18FgBeK+adU88aqCqCb6CtNQW7HjjGjdU0kaOYPBpzOC3rWeQ7oKiur9qpdFe4ePqSi47qDhF6SpPajyHdBQbD/ANhZvOO7Wpjrgnt/7Czecf7TUyhRWNx/O1IIWRxosTkQNaTgAuk+DP4psnm/vFc1tNCCMCMetdK8GfxTZPNjtKCTIQhAIQhAIQhAxa794TfQ+0YqqnF6Wzt32mD+l4d91WxrmP1CfyR6nAqo5H0ls53WiH1up2kLUSrHt1ouwSv8WN567pXJ0shc4uOZJJ6TiuptN96zAbY3+yVyurmzgsmG0OZxzBlRrcqYNNPcm9pxlrvj9lyzPmvOdz0d1Ox961HYOePGYD1tIr6qqNthjcLwWzE2jWupjV147u5/wsLASy8GnLPo/IW1FJeZStKk16xUH09iB0bb28UG3eVQCuygwy5xRaBicc+SOdZLECaXW49VK9aHWdxNXGqgSxzW9zid6zRxOdiUtkYbTCq8knIywVG9Z47hBBukYg1p6KqVaK064kNdcI2kEj1U96gcchJ3lO9hifnkFA46YtMNmtl+U3orUQGcXi28XCOQOypyZATzV5lRekbKYppIjnG97D0tcWnsVg8Ikz2xRYkctxHSG5+pRTXyMDSVqp4UrnfX5f3koa9HON5wHhMd6QL49bQprNJWMne2vpFVCdGH9MzncB1OwPapZZnfqzPNt9kIHR5/QWbzj/aamUp4d+wsvlv9pqZyVFIokOKW4/nakEIjyMiovCorjTOi6U4M/iiyeaHaVzXGy8QBSpw9K6U4Mz/tFk80O0oJMhCEAhCEAhCEDNrh3haPIPqoqX0tJdiL8+KLJMM/0b2v+6rq1uH6hafNP9TSVTUrQ5paciCD0EUWolWLNR7SNjgR1OFPeuZjoxxtZs4BDjKWAbuVTsXQOptpMlkiqauYOLfXO9EbhJ6boPWoyzVemsRmu/ozHxw3X+5I9OPWtZe9MY+tmjWfRLbNLxQbnHHddU4BrbpFPKYo/ahS6/YDj5LsCrU4QdHX4BM0VdDWvkOpX0EA9FVWbwCCDtWW42NHWeW7ca7k78MQfdROdm0SGYOcMfz+ekrR1amoTG40cwcmvhDZ6PwT1M8AVdmrINiOFsYJOTamh5lpWKF8zi1rbzqOdgQO5FScetecaZXBmdRQEZOGeDvHG4503jHLZg1hDH4Oac6ULmnCortyNNtOdS1XmkYnRkMLOLN1pIzdiKgkrSEQ2+v89Kk8uiw9oAcCfAfmHjxTz/neEwywOY664EEZ16D6udQbmiywZiieS8Uw9Sj8EZrh+cN/59SeGxtYy8/q2Xjzc28+9UQ7hP5TYGDM8Y+m3JrW+nl+hRTX9wOk7TTwZLv1AGH2VIZ3/C9LRNJ5IkYDu4uI35CegNk6gFCdLWzjrRLN/Fke/wCu4u96VCdGj9MzmcD1NxPYpVZ+92ebb7IUVsAN4kZhrqdJF0etwUulFGEbhT0Ciit8/sLL5b/aamghO5/YWbzj/aamdyivHGixOWSiQ4ohBC6W4NPiiyeaHaVzXG+hBwNDkcl0nwZ/FFk80O0oJOhCEAhCEAhCEDXrSP1G0+Zl9gqlaq7dZG1sdoHzMvsOVG3sFYh71KtvF2mSE9zMOMZ5xgAkHW26afIcptJH4VMWg9N05j1A9SqqRzgWujNJGODmE5B7cq8xxBG4lWfoPSLbRCyVmF7NpzY8YOYecEELcZs+S3kEEGhBFDtBB9yqfWfQpss1ADxbz+jOefgnnHrGKti1R3MfBOXMd3Ru9G6sc1t0rBBZjLOA4NIuN2ukGLQ3n3ndVRYrCWN14FvJe04Hn3FOFhtbnhxDXPOFW15Ubq5byw7CMtvO4Wq3f6g34SWiOU4loDWsa0YBuAq6njk1xpsTNNZH3g5ry17cnNzHMRkR6Qo0cZ5i5wF3k9AxG6m4+9SKyuhmDWSsfUdy9gvlo3OAxcM+emZcoyy2xlobIDC7eKugfXbTOI8ww8lOdjcWXXFoe3DEGo+s0+9BLLPAyN3IkD27WtIIO4uju32HDMt2L22zWd4Ic+MHZfa8luGIqBU444la0+skb4bl15O6S65vU6tU0We1xg1DMdwd/j3pobwbCzuA+Y+TcZXo8L09SZNbdJmJt5xHGOFI21rd+URzVruGG9O4dLM4RwgXj3WfIbvc/YOZMutmoVpMgkY8StNAXE3RGNpdXJgxJO6qJaiFjk4ix2i0k8p4+DQ875RWd30Yqtr88FD09606TZI9kUBPweztLIiRQvJNZJnDY57qnmF0bEzxRlzg0CpJoBzlSqctBwVeDz1+izH2iz0KQzHknoWnouANbUZHBp3tbm76TqnootqY8k9CBxPe9m84/wBpqaXJ1/41m84/tampwxUVjKQUtxWMogjAJAJoN66U4M/iiyeaHaVzUBXJdLcGfxRZPNDtKCTIQhAIQhAIQhBqaXbWzzDfG8f0lUE12A6F0Ham1Y4b2kepc8RnkjoCsC6py1b018EmLnfsZCONA8EgUEwG2gADhtAB8GhaiUm8qi6mBr27HNcOkEHbXaFVHCZqXaX2htpvmSzMbS6O6g8YkeECcb+eVcAK7mqetBsp4uSrrOThTF0BOZaM3R72jEbK5KzYLS2RjXxuD2OALXNILXA5EEZhE6Unqto109oaG1axmLiMKNGF3ry9O5SjTGq8ZkDYH3XkVLHVLRWtOVm2tHb8lOYtDxMLjExsZeauugAOO+n4c6Y9F6EnZNNLNRzpJC4GNxcBG0XY20cARRudBnU7UXaE2nVq1srWzueBtYL/AKm1PpC0f9OcypFntDHbbjHtPoACvOxRUaBt29KcokNqR0Noe2ymjYLRSmc0TWg9JeKlSzRnB/M8g2mURt8SKhceYupdb1Aqxyd6jOs+vlhsTTx07S/ZGw3nn6Iy6VFbcGg4YWXYhxbRica1ptc44k85KozhT4QRNesdjfWHKWUfvqeAz5vefC6M27X/AIUbRpAGKMGCznNgPLkHy3DZ8kYdKr9NpoJ50RYTmaguH1YzgXdLsWjmvHctfR9hJIJFScQ05EeM47GduQ3iRRsuilak4uOV476bBsA2BFL5hgBkNwGQWOU4HoSiVikOBQOgP6tZ/OP7WpqenNve0HnH9oTY7MqKQQsbilHFJKIS1xBqDiF0twZ/FFk80O0rmhpFcctvQul+DL4osnmh2lBJ0IQgEIQgEIQg8cKii5yyw3Lo5c52kUe8bnOHocVYEEpJK8JSSVUBKcdBaemsjqxEFpJLonV4t5OZwxjd8ob8Q5NZKSSird0JrdZrRRt7ipTlHIQC4/Nu7mTKtAa0zATlb7VdB5lRr8QQQCDmCKg9IOa24dLzsbdbM+7iLrjfbQ8z6lo5mlqJpL7XrfaGHkSU6ge1Ntp1+ttMJqdDW/govJannO4d+LmegUd2rWlkd4hPQ6P7zgruJo56Q1mtcwPGWiQg7A66P6aKA6bs1194ZOx61J3F3iU8p7PuXlr2iy3xR5aB8kF59Lro9RWaqJRQl2Q6TsHScgnfR+isnH6xHJ+i04v6cG9KdobLGzJtSNruVToFA0dQqsrnb0UhjA0UG3MnEuO8nb2BBKCUklAEpDzgV6Uh+RQOjO9YPOu9ybH5pzi71h86U1vOKikPKQRvSzh0rG4ojzM0XS/Bl8UWTzf3iuZiumODH4osnm/vOQShCEIBCEIBCEIBc76XFLRON00o9Ejl0QuetZW0ttqHz83rkcferA3kpJK8JSSVUekpBKCUklFBKSSvCUglQekpBKCUglB6SkEr0lJJQeEpJKCUkoAlJJQSvCUAUh5wXpKS7JA6wd6Ree/FNjjiU5WfvRnNKPvJscMSopCQ4pbikFAjnXS/Bh8UWTzf3nLmdy6c4N4HM0TZGvaWuEYqHChFSSKg5YEIiSoQhAIQhAIQhAKgddm00jaR84T9YB3vV/KiOEeIt0paKggOMbm12jimAkbxUOHUVYI4SkEoJSSVQEpJKCUglAEpJKCUklQBKSSglJJQBKSSglJJQJJxHQfcgrw59R9yCgxzRBwo4VC9JXpSUAsYOCWUhuXp7VA72XvQecb2lNb806WPvX6bfaTW44lAg4dKRQk0AJJNABiSTkANpWWKJz3BjGlznEBrWgkuJyAAzKvPg14OW2S7abUA60kcluBbBXdvk3u2ZDaSDTqHwUM4vjtINJe4C7CHObxY3vc0gl53A4c5yttraCgyC9QgEIQgEIQgEIQgE36c0W20QSRkNDnMcGPcwP4tzgQHgHaDQ9ScEIKXs/A7bDIzjLdEI2kVuRG85oONa0FTlWpU4n4NNHOyiezyZpD6nOIUwQgr2fglsp7me0N6TE4ewD6022jgfP7u2fWhr6w8ditRCbFM2ngktY7iezu8oyM7GuTZaeDLSTRhFG/yJm/fuq+UIOc5tSdJN7qxS9Rjf9m8pstGhLUzu7LaG9MEv9q6fQg5Pm5Hdgt8oFvakB4ORB611i5gOYB6Vo2nQVlk/aWaB9c70THdoQctOzC8L/ycF0nLqHo13/BgHkMDPYom6Xgs0WcRZ3tPyZ5+wvIQc93xvC9V62jgfsDu5faGdEjSP62FNs3AnZ/BtUw8tkTuxrVRTRSWZentKte0cCL/AALc2m50DgfrNl9yYdZuDC02KzSWl00D44m3nAcYHkVpyRdIJqdpHSoI7Ye9ndLfbWhZrK+WVscTC97zRrWipcfzt2LY0TbonRiK/wAqQ0aLp7q9yQdwJoKq/NQtR47AwvdR9oeOW+mDR4jNzd5206AA1uDvUBlhaJZqPtThi7NsQObI+fe7bzBThCEAhCEAhCEAhCEAhCEAhCEAhCEAhCEAhCEAhCEAhCEAhCEAhCEAtbSX7GTyHdhQhBQOp3x+3znvXQ6EIBCEIBCEIBCEIBCEIP/Z\\\"]\"', '2026-03-18 12:45:16', '2026-04-12 15:03:14', 1, 10),
(17, 'Nồi cơm điện Sharp 1.8L', 'Nồi cơm điện cao cấp, chống dính, nấu nhanh', 1250000.00, 'bep', 'Sharp', 50, '[\"https://encrypted-tbn2.gstatic.com/shopping?q=tbn:ANd9GcQfDG5wfT1Yv6ZxXzutdkp8LrBjkQIEehIyQ2cf0u88zsI41rPEDBWM7ZlPBLYVZvsfzv1oMae6UWp_0SzSpBJZ8BXzw78KDOVJ3lP7kK5RisiQ7wcx9Ym5wzkQUH6YckbX845FjPheFrl_&usqp=CAc\"]', '2026-04-01 07:33:46', '2026-04-07 10:53:58', 0, 0),
(18, 'Chảo chống dính Tefal 28cm', 'Chảo chống dính cao cấp, đáy từ, nấu đều', 890000.00, 'bep', 'Tefal', 100, '\"[\\\"https://encrypted-tbn0.gstatic.com/shopping?q=tbn:ANd9GcSEUHrnpUcfMfqCFg_atRuXGrMjm9yYqtcEjU1tS1Y62d_cpMCVO5OEZuH0FO2CEyeSxi-PQq-Uj7-QVUDbnCvbzmRreMI0LvgfsOLXng_QYFbL4ty_Nq1y\\\"]\"', '2026-04-01 07:33:46', '2026-04-09 03:26:22', 0, 0),
(19, 'Bếp từ đôi Bosch', 'Bếp từ đôi cao cấp, công suất lớn, tiết kiệm điện', 4500000.00, 'bep', 'Bosch', 30, '\"[\\\"https://encrypted-tbn3.gstatic.com/shopping?q=tbn:ANd9GcT9CR1zXsFpP3kb9bGFQ74wN_YNq17q275lRQayW7GbBLCTA8YXYILFyY27CAR_qUyr7ZD936z521eEpXscIvfAGEscCJJ_ol3V7O-T7jEs\\\"]\"', '2026-04-01 07:33:46', '2026-04-09 03:27:15', 0, 0),
(20, 'Máy xay sinh tố Philips', 'Máy xay đa năng, 2 tốc độ, xay nhuyễn', 1250000.00, 'bep', 'phillip', 53, '\"[\\\"data:image/jpeg;base64,/9j/4AAQSkZJRgABAQAAAQABAAD/2wCEAAkGBxMTEhUTExMVFhUXGBcYGBgYGBoaFxcXFxcaFxcaGBgdHSggGBolHhcYITEhJSkrLi4uFx8zODMtNygtLisBCgoKDg0OFw8PGi0dHR0tKysrLS0tLSsrNy0tLS0tKy0tLi0yLS0tLTAtLS0rKy0rKy0rLS0tLS03Ly03Ky0rLf/AABEIALcBEwMBIgACEQEDEQH/xAAcAAABBQEBAQAAAAAAAAAAAAADAAECBAUGBwj/xABLEAABAwIDBQUGAwQGBQ0AAAABAAIRAyEEMUEFElFhcYGRobHwBhMiwdHhMkJSI2Jy8RQVM1OCkiRzo7LCBxY0Q1Rjg5Ois8PS4v/EABoBAQEBAQEBAQAAAAAAAAAAAAABAgMEBQb/xAAtEQEBAAIBAwIEBAcBAAAAAAAAAQIRAwQSITFBE1FxgRRSYZEVIiOx0fDxBf/aAAwDAQACEQMRAD8A7ARKtubNxyVAEqy2scskVYczWPFQfR7oVarXNr+Hb8kvfuAueWmpEIJVWZA2t2Ku5uR7EaoVH3umaCb8PnfhbXNL3cBMMTYnikayBvdiJHgJHcpj1HrkkHeh6+iBVqQcx65+s0FurVtGls9I7FXLxmLGNco9FVq1cAZ9meqG7EcPLPqg1Kb7ATMRKDv/AJAMzN7iBb5LPwlYy4553tHbzHzUNpYl4BcHuADTYHUTfK97KwaoLg4h1wRpI5W9Si1Kp3fhG8bACS0GTxgnwWZQokuA95Vif1lHrYb9qxvvKoBzG+b5rcxZ2sMfiXWFKkDxdVIA/wBmjMbiS2SygDw98T/8aB7SYINLNx722vDjdT9msHvNdvve4zq48NLq9s1s2A0Yhp/s6Zk/3pjL/VcvFXyXWJsYuBe/CSBbsR8Vs1ujnjo931WNjcGRlVqj/wAR31U7ZTa7TN7o9QmeSxaNBwkmrVMDV5ImRobLW3xaIvHas5TSxF1o1529dqi855i1/nZRrV4i+vjoEz6lhJ52yMcM1lTsZHPXyFksQRu3HZKr0a8wd7jMx0HTLxT1KhcAMrT/ADQL3duzrwSrNIENJ3j3BRAtplHjzUMQ4g93Sba9/egjRq+6aXPdLiecTFulvJZTqxNTecTeNLwYjPzWi1m9+IAEjO/EyJm4yT08PBuG8YgWHyFlFRw+GBcZ7QMyIgT2SrNJsElrb6E5HIeQ/kilpIsT6g9U1B5FjnI5yOKA72mJGiTxET5+gkD66qTcvXVBLeSQ55T3JIBU04Zqg4Y5yAp1MTBsCZ4BVBXsiJUvd2QBiDqO/wBZ9ysMfZBXaLZk89UKtHD0U+IeYMFAqBxHrTJBYYQckn3QaTtb+uCOwz0QUzWjS/nY29fyi92oIhTrGCJbPLtQXA5xE9uWWvPXggG52Wd/Ag66nuSMG2htGWdshMSr2ApAneIvHHOfPLgli8MJmDmMs89eKDENf3ZaIIbImLb0iM72jKOavudvWOmQiJn0E2Iww3S1to66mT1JAjt53jTqARYC3dbjqI80GhhaNTead10dE1R7/wCk0wJI6A8VPD/iy9XRdltnGMyiPGHLp3aZ0N7Ttqks3GvNrw2dU3sqKo3w5rxcRLQF176clCw1CCp33WjTMxm/wd3BYO0adbRtTPRi7bEUpXOY2mOOp80mRpzT8RUa5jH77Q43JYBMNmBJsbeBWvSIiJ8FV2hgxIMn8Qi5EEWzHIkdqDG6Zvbi7SL5q3L5rpaxdMtubt8vr9lFleSIA3cj6hW8VThj2k5Ewew/QLCdWvnlyzPQaXWcpoi6XNbYiIknxEetFGpjDIhozEadeire9ExGgkTpr/JBrVDvC1hECcgdB2FZVsYWoCzgcjPn4oRJnKbmxJM2Exa3HtSoHdMQLZnUzlMHjpkiOO8bHiDb1CCdInMzfjnkPuk50kEZa2SY+4GXUmddI5IbgSdDE3m2feLQirNESO5J7TYiO/QoFGqciMrEHLrnlbxVgmRA46aKAjRxTlw4qLTPiO5MckEo5JkwATIBUmD9PrkjsYq1AkZlW6LgeB0VRFzEP3cQZVhzeaaPsgpYptrqNNtvujVWk5lD3Yv4aoK+6XW4cPXqVYFrKPu+HEcvNSjTXsQArNNo+XfJKhWaezsR6LCSSDbiRaRrzHL+aBUMEXuc7Wgdbn7hBPZ9SN5psRClibQ4RGud5+coNOpBvbqewodQuIJdnx4RoB81A9emdIg6fPoq7qgDYzMGIzgZK/SPwjTiNeSy8XQcCTFjER33HjnFkGlhqn7RonQGeZJsreyKf+mg8G27iPmsrCmKlMn93wJW1shv+mf4Sto7NgSSYksgGJebAGJN+gC5PG1C4Hm4C2YDiN6DoYJuuqrfib0d8lytaxH8Xk0n5KwUazyTu6A2QcU7SbwTfjYSfVpVprb95+SBiKdzEfVKrVxn/WetCuXdTMZ+hl6HJdRWMh3Z5LIOHbOUkAEjz7VrL0iRSYwhuXWIkIYZMed/y8NFfFKZc084vN7+gkaB4SPqT2DRYVYoO+EbzrG1xftPrRGt9riBJuhNZAAAF8/i7betESnMRDhzOfOVA7Qezjmc8ikcjn11trKJH1TOECAOXyRVSqbTFp7Dlw0nyRcOZBnOTpYZWPNPWZNokZ/IgnRSDYMdbTnyj1mgJSfAnjfhnl4Jnv4nSc8x81Fj53T01gGM/XJM9oFzbPrdAcVSLbpPTLzSVUVf345cEkDg2srmHJgKthxkrdMWGaIKhO6FSdTB6obp6iMvugA9901V05DX18kJ9cTBkEmBM688lCuSAY9Z/ZAYOyAztMxP3TYgXy9fVQY50yMuYy9Zo1YAEW0VDUyPww3OPv3yp16cyNc7WsbDqhh0NPEHPhPDtKlSdN5mx07fXVBXFLVrQJict4DW8dir1KTmk8LRJmNdbDshaEc+7xQ30Rz0tPl3qCpSa7h4g6zcn1fuJUdGnT19Ud/0UZVFWo24jgfktzZdP/St7Td87rKqXI7R3wtfYJmq0/8AdifJX2R1TEkmJKCrU/H0b5n7Ll8RmTzd8h8yuoP4ndAPM/NcrXzIP6j8grBW7OHipNpmL9k/JFowd480jF49aJVFJsf4W+QVCswET5Rpp64q4x3w3/Q3yCERyWsvSJAaFMjjfTPxUyzme3kpF94lCoucCd8DMxB00kEBYVZay0ckEUyDYEx2CD/JEbUiL9fXrNQ9+JjLKOfRQEBOuevdopH12IfvYkxH06cUnOkC0yLFFO5uZv3/ACTuF7esuHWEEttkBHKeGSKadxfQj7+uKBjll38LXVeq+4zJJ8svkrpyQ922g0lBmC/5Y5AtA8TKS0W07Zx0CSgNhzZWmhVMM4QNFZBVRNwUCAmLgVEu7kFWrS1HPPmbKJZJAynP1KI7jOqKLR80EfdgevJSewZ+uKcuGfWEMvMG/lN1RAxbMXGgNpmM5P3RrBtp4c8rKqKuefC3HTSNZnkoioA4yY68oJgaZoCg6H7qL3zkpC947DZBrCRlnpkgcqJKhTccjYRI5KbvmFBGrlb1qlSxj6XxMdBBLcgbF5cBccCE5ogc5LfE7vzQcQyLfvsd2bhb501r2HZ7Dxzngh5kyYgRksLbPtRWpYr3TRT3d7duCT+Brjfe58FZ9mahNTl8R8CuX9pv+mu/1p/9tn0URu4rblUbxDm/FVDRYZQ0GJ6FNjHAF/CXnue76LEr0yW5/hqb3c4rT2sQN4HnPMbxKsEME17mB3u3Nm4LyGdM+WiJTo3+J9uDBJ6bxsOqFUc790HtcfsgVGuJ/ETxEwMuULX8ot4zFAugdsZNGXko7825ILGi0RBy4zqfuiutldZt2Gee/rpqoOcYsJPrUp5vlznmgHEEvDANc+PHpfUrKrVQWgWjOwVPabjubwORBy06SrTnXF9Li3rVZu1SSy1pN+ORPSUBMI4tBAvEWm987d/PtV9s7wM/xDSbQRZAwxgC1yb3mTNz60VvduijAKLChl6ZrjKAxPBDc+GzGihUOpvHnoFKPh7PNQTDhbLIJlSbhjGZ7ifGUkVoUGwBqUVrjwQZ7D0RG8JVRXrG/H6KAd2k8UTEsPLoq1J17g+rfRBZDxHruRaUxkLfMaKtVCssEAdNNOiIc1GzGXDlMfJDe08Y1MQZzEhKJuSb8kjTOkqitTaS/I9YvxHH0Vbc1sRmBpGZA+6jvEuBzgTwE/T6q22nafWn3QUaYcfiiBMRwt67lGsIM63Fh69FXnM+KeIj6fNDePFBW3bgRpY+YTEcMvUI1Qfy5oZHbbvQTw+FdUJa2JgkdmSqGnWe7+wqM/FAeCHEUy2DcACfeOgT+Ulbvs0wmqTpunski3muqaiOS9nMPUZVlzCBBuRAy5rP2vgKhxTnBhI3y6QPylrR8l3NTENaQ0m55GJOQlRp4umcnBB59TwFWpTa5rJad0ySBYgm0m6nXo1K2JewU6m7vCHbj9yN0Egu3d0Xn82q9Engh1EHAseYIdmCR1j14KnVqGYOvCLffqr+Mbu1agv+J1oykm8lZpdByytEz1N7opvfkGXDIW4z0HarJrm1s/DqOaAW734gCRfoQZTmnnFxwyFtOXTmgsk+Kq4YfGS6LjQEDv7U9OqfzBRc46chFsvXkoLAdBjRVaxJeRmDEDhZ8+A71JlTWeFkB9eHSLkQIvnxPKD5oq5QpbjATNpdHCbwOitFwLC5uYFxz4qi7GTad2NcwP4hw5p6VYte127DXHdfFxf8L2nUEwOUheLk6mTKSeyLhEjXTwKmEFx81H3+XVeyXc3FPULt4HTdPEXkaes0ZzpGSCakiAdb9l1M1O9AVroGqSqHGM4nsCS5/Gw+cBjUM3AhEFZvcckFsHsTTJ0Py9esl1Fxzg7ohta1LIKE6keuiArgDCalUE68O/TkhCvexy4jyTNeA61i60iYkXRFn3lzw4piTrI7bfZKCSOXnxU6hOVvXkqAtuc7aetFpNNgVkvNQOaWstkDvNO9npvA5ghTpCqBBc1s6QCfXar2i9WuhuFkveAtBnMITni3BQKVBzvRTl3mmBkgcSB3mEHX7KwYpsEC5AJPErQCjTREQN9IEyR6GSk1oGQUkkDEobgiJnIOY9qsKA33oAmQDzHNce+RZp5gacl33tKyaD+UHuIK4UeEIob6oYQSZt3/AHRaNUEGLA31uq9ZjSN4zDZJ4kAF3yRatOHgU6u83XeaABDd4lsXjS855qyBqtQAF2Zt9vNZz8cAPiztkfU/dbbdn1XEgC4zGoByJHaNVTxuBaD+0g8t0W5/iTQpVsUG8wT1InK2v8lUGIO+4uN+QytoepVbaxpgj3Rc4H8Qv8MZReDpnwQqFMFgbO4c277SAb5z3Gw6rlnnjjN2qnUrku3g4g6Qb9bK5h9puYfiJIOYAzPTKVl4gOYRvCNQbEEcQ4Z9itBuTuC+P/6HJZyY2emnTiwmeUlupa3sPhqz/wBpUcWtdk1tmgdcyefki4xu4JDrjiQJ5SdVHAbSG4GkyPnyWftd8uDcwBI7eJXh4ObmnJMscrr3nt+z7nVcPFw8Flxn6f8AV6lieYi6o43a35W2HHU/RZpz6epQy26+rydVc5qeH5y5LQ2h+6SknpYZ5AIpkjQ8Uy8ndDWTr2OnLuHqUovdBpN0m6MwRlmV99tMRMeu9M9SY0EJxT1kogLBe0XBB5wOl7AqbKbjrHKIQXyKlM6y8Hh/ZPKZ7p3eYK3II4fGyYcdw/pNiRyvJvNwr24CMzPNR2md7DsbqOUtI94Qb5CyWzdmUt0/BTmcwGz4K+EauDwRc1se7cGmxJvqcu1LGbKebl7B2QjYPZ1MNILGH4uAygKf9XUQf7OmP8IU2OextVjR/attaSQFXp1d9vwS8/uCfEZLWxuFptJLWMFz+Fo42yCIytDBugkz0FxrP0VGNRc+BvZ3EZ6kZ8Vc2WJr0x+8D1i/yVV83k6u8HFXfZq+IbyDj4R81iq7TEVd1hdwHjosM46p+t3etbaropHs85+SwCV0wnhmrB2hV/WfBMdo1f7w9w+irlMexb1EWf6xq/rPh9FZ2fj3l4a4kg8dDos0lFwj4qM/iHmlk0rY2w2aTxxa7yXmwceZ7vWa9QxYlp6Ly6rYkE5SO6y4NRXxlT4TOZIHMh0N+aLhTYm+Tz/uj5qviGb5Y3KXtM6HdvlyWhhqJHwm+Q7C4H5LUgp1wQ1nXvQMay5AzMjvU9oOO8BBsT5qOMcRDiJ14JUYpY7KWg75Bk5aT05rTo1a4G6Qys3+JpnsMELDxFaapMECDbPUFNVfzXg5uC8k8a+7ec8ukZg6bgZZUpg/iYRvUzzEH4TzaQqr6G48UmEuJEmfyg5ZZmx4LmcVj6ojccRMi8kb2Ym8QYI7QtX2d9o2k+8qU3mcy1jnNmAPyyR2hfM6jpeTHHz5evoMJly6y9J5XMbhXU/iaeo4/TqtP2X2kw75cIcIBnMA/K3gp4baNB++5rmvgwAcwIyc03B6q9szFUm043d0GSQBA6garx5Y3Cavq+r1nV4Z8N4ccfpQNo7JNd3vKLmtbBsR8LnA5yLj+XNCbsFlSnDW1A4GC4SYIMOEGxFswq2wtpvqvfTpBvu5cWkm7ROoC1nbTdhi2nUkugxuiZ58l0wyzlky3JPePh54aurGnh8GxrWtAkAAC+gsElknBtrftTUrML77rXuAHYHR15ymWPHzTuqdKp8WUHITIhXGuMCc1k0sRvEWyHrn/JXTUE2zzP8ANfqnNbbUuoVax0Pw+XRRaRARKrtI+iIFSBNRl5u/PMH3TxnwUMwzt58dEbDE+8ZPEj/0OCGW2GeuXauk9EXajv2Y5B3+8TZXcEc1QP8AZmTnvXV7ZsOiJgm57eaDd2ZdpPM+QVlzU1JkD4RbPP7KO+79Pj9lgYWLxBcyCcie3NBpu+E9iubYkj4YgZgGZVGkfhOkRPJbgxnVCS4cHP7t8rX9jGE1nmLBoA/xH7LGqbu84yLkkR19HtXSexDBFR3MDuE/NYHUvohwIIkFU37IpxqB1t4haLFCtSBG6rLYM47GYdXd4+iY7FZxd3j6I+MwBfTaz3jgWkEOgE2nTtUsVg98AB5bAiRn2RETqr3UVv6lZxd3j6IlDZlNrpEkjifsrL6BLg7esIkQDMZXzHYie6+IunNTuoFWFl5dtARVqN4Od5yvVKgXlvtEN3FVBbMHvAUFXCMaa9IOcQCXXifynILcpYf9q7dkgbukHIm40Nx3hZ/s5hxUxDcjugkdZEeIXcUMGWEkNzz5nje8rc9B51tDDVPeTumJ4IuLwbnMsMhJXYYg4kk7tJrf4pPkFM7NJH7QSSINoCDxXGGKkcQQgvr8DK6P292P7is1zRDXA24HVcrUeVy1pu3d2WKJc0iDNo6i4PeqezseaT2kWa78Q/TBie4eBVgvWXXc5jibbrjI5GZz0vdYzwmeNxy9K1x8mXHlM8Lqx61s3Z9OrTDqoY/9MgEDgbhRO0aTKTpIlsjPUmO3sXLeyG2xDaL3QcmzlP6ZyIOY7RwXT19nMxLyYAbTsXCxfV4TqGDPP4iB+Qr87y5Tgz7Mp4nv7fZ9ScmPL/U5Lvfy9nDzXoVjUpP3C4n8oI+IyGnvUK20sY2oapcHkiLtMAcgCPNdDisOaRLXDeYeIkHqo4f3Rhjj/C4nP913PnqOYK649R3Tepfs+n8HpeW79d/rdz6qeD9sKrWAH3JI4h4OfCSkrr9iUyZhqS5fE6f8rf8AC+n/AN3/AJehnZVKZ921Odm0/wBA8fqtPdSIX6V+SZp2fT/T4n6qX9Eb+keKummmcxBRbg2ghwaARkewj5pjhGGxaCOd+auFhUYQV34du6RFrmBbTSFobIo/s2lhkcCJib5iFXIWnsbDNLSbyDAg9Dlkt41KergATvQAeLZE9xQTs1syRP8AESfMlbHuf3neH0QqlLmVfCMfFUCGm4aOAEfMQuZow972uDnRBAMuEG8xkbjqu3rbNY9sOaHA6OG8O0GVPZuAFFkfm/MeJ4DkFbfGhxHuaf6G9wXUeyFNopO3QB8RkC14CwdsMirUgW3jl4+MqngNpvoPMEgHu7QsT1V6axO5crhfasx8TWnoSPqrY9pmHNh/zfZa7Km16rh6++S2qA0uENLZhoFxPEmVBuHxENBqtERJABJtw3Rr60Vce0dP9Lu8J/8AnFT/AEu8PqnbTbTwbXhoFQhzr3HCbaC8cgrBWIfaKn+l3gh1PaZujD2u+ydtGy5cB7TUmf0h0hpMCbA3jLuhamO9p3QY3W+J7J+i5B73uJc6ZJJUymiL2xXGniS5rd4e7JDWwHHdImJgTfUr0DBV94TuubyMSOsEri/ZNgc98i4Ag6i+h9ZLt6NIjJ3ePpA8El8CFPEtcAWmQRIscjcJq1ccT3FNh9nBgADjugQGmCB0tPeSi1cK05taewFXY8y/5QKZqVqPwfCC8Eu1gAmB26rnK2Bb+kdwXpXtXs1m4HBvxbwFrACDMDLQXzsuTfs6cgueXmt4+jlqmGH6R3BU61Fv6R3BdbU2W4qrU2KeCw045oFL8odTMhzSJ+E5g8W+I6Zb3s3tCmGBnvqrBJAeyoSy5kbzX7zWkz+ICCZBg5lrbEdwK5vaGxa1BxfSY4g/iYPULy9R085sdb1WplcXabTwlQi1cP8A42Nnvbu+S5XaNNwBmOwlUMHtmrT+Ei2jSSHDk3eAkcr8uCbaG2C4D4HXyyuvBxdJzceWrJZ9JP7L3+8R/ruqLe9FuIP0TrAfvEzupL6X4fi/LHf8b1H57+76l3VKFINTwvW8SEJ9xTASIRAy1LcCK1t0t1AIUwr2AO6D1VWEfD6oLzq4jVVsTXtkU5Q3NCbDYeuS8afyU6uOLXQQCO4oXu0HE4QPPxEntjwCbNDvOHq/iAB4mx/zD5rP2h7LNeP2b+k//YfRSOBAyUWtqNu1xHQps0wa2wMQwkvpB4/Uw3PrmQsTbX9KaGjDYZxP5jVeA0DgA18k8/PT0CntWs38TA/wPePojsx9CqQHsLXH9Q/4h84W/iX0O15OK209cNT7Kh+6kMRtL/srf/N//K9d/qunwPrsQamyh+W/Iqd2R4eVe+2mCJwjS2bxV+KNYkRK6WjhS4CKdX/EQI6/F5SupdQixCfcVmdTUcz/AFO9xEhrQLwDJnmVo0tmiLrV3AkWKW781VbB4RrDLRBjRbNOva4WewXVumFkWvfhQqV+SAXpPKbNKe0gHD4spy71mHDjgtLEukxog7iiqBw4Qn4ccFoupoYYppds12DB0Qa2zgVte7UfcrNWVy2K2DTfZ7GnsWNW9gqBMt32HTccRHYvQDQCE+iszFrueen2Db/f1v8AZn/gSXfe6Tq9rXdW1CbcSSXRwSDUySSqnaLqW4kkiFCkxJJFGiyZoSSRCAunNNJJBAgaynY0FJJRU/chRfhWnRJJVAGbNDfwOcz+FxA/y5HtCt0veDNwd1EHvEDwSSQKswuzQ/cJJIHFEIDxmnSSiLG3Vmm1JJIB7iepT5pJIqrVZdQ3U6SgG8JmMTJJV9kt1JMkpYqO4ouYnSTSAwEkklGn/9k=\\\",\\\"data:image/jpeg;base64,/9j/4AAQSkZJRgABAQAAAQABAAD/2wCEAAkGBxITEhUSEhIWFRUVFRcWFRUWFRYWFhYVFRUYFxcVFRcYHSggGBolGxUVITEhJSkrLi4uFx8zODMsNygtLisBCgoKDQ0OFQ8QFS0ZFx0tLSsrKystKysrKzcrLTUtKy0tLS0rLSsrKystKy03Nys3KzcrNy0tLS0tKysrKystLf/AABEIAOEA4QMBIgACEQEDEQH/xAAbAAEAAgMBAQAAAAAAAAAAAAAAAwUCBAYBB//EAEEQAAEDAQUECAIIBAUFAAAAAAEAAhEDBAUSITFBUWFxBhMigZGhscEy8CNScoKSotHhM0JiwhQksrPSU2Nzw+L/xAAYAQEBAQEBAAAAAAAAAAAAAAAAAQIDBP/EAB0RAQEBAAICAwAAAAAAAAAAAAABEQIxEiEDEyL/2gAMAwEAAhEDEQA/APuKIiAiIgIiICIiAiIgIiICIvCUHqKPrm71kHg7UGSIiAiIgIiICIiAiIgIiICIiAiLFzgNUGSLWqWjcqe+L2fTYXBpOoBiQ1xBwl+5swJ2SJykgOgleYxvCpLHaqDxIdiO3GRjB4g/D3ZKclkdrD5R5q4mrZFy1O8D13V0QXNgEkkw04u0ROeHDPMkAZSRc0rQ7alirBFFTrA65KVQEREBV16F8SJI4KxUdRBQUbRxW2yotx7ASMti0LflkN6C2s7iWglSrCiOyOQ9FmgIiICIiAiIgIiICIiAiIg8eDBjI7DrnyVCba5tXqqr2lzmyyG4MTmlwe1oJJJAwmJ2q/XP9IbDTqzTqsljoc0yWua9v8zHNgscNQ4EFBtU7RHELK1Na9jgHQSDHBV933dVaO1WNVmwvaOtHAvZAf3tneSorZaxTOefL91RWm5rVT/hgHKJa5ufjCiZd1ucQHlwG/GyB4GVui/qO0kfdKyb0gs/1ifulX2mNm4rufSeS9wzbECTuzJO3JXbnDYqehetN3w4j3R6rU6SXpaaVA1KQpNiM34qjs9zRhaOZJ5LKri8mOdSqMbGJ1N7WySBiLSGkkAkZxmNFt3baHGmwVCC8NaHkaF8DFHCZXF9Fqza9LH/AIupVqvhz8ZAa0x8ApgDANmmcSunutrmktcII+ZVF0iwpPBAIMrNQFFWUq1ah7RQYuOY7/dV1v1A4qwcdO/3Wha29oOJgDNBdgL1QWJ8sB+dVOgIiICIiAiIgIiICIiAiIgKr6RAdW0nL6SmN3xPDcjs1Voq3pD/AAHHc5h/O39UGVgaQwicWZ3A5ZQqe+qJP8rvwkjyV7Yfh5684A9lnUQfM7TREx5HJe2ag3eF9Hhewro5ewUdwceTSfQLfve7X1qQpgYQTm52zLY0Zk8MlcNcJifnVSWjQKD5dd9y9W1jqTiHwZPHERHLLQrt7srmowU64IkRIc5p5BzTIB5rTs12HrMBPYL3RBg5l7jPLcrC1WI0yBiJadCdQ7ZJCtFxRphgDWiGgAADQAZAKZalkq4mg7dDzC2mlQeqstFsaKpY4wciCdDlpOwqzXMX7/FPIegQWlQ/Pcqi9KgAlxgDeo7wrEWQwYOWYkfzqkt5PUjlnKkHd3JWD6DHjQgkTrElbyqOiZ/ylH7PuVbqgiIgIiICIiAiIgIiICIiAq/pAP8AL1TuaXfg7XsrBQW6jjpvZ9Zjm+IIQRWE5HmfIkKWotK462Km129rXfiaHf3LeegiReZr1BENR9of3LYtAyChGo5/8lLaXQPPwQV9jb9I37Tz5v8A1W9erZpO4QfAytS7B2xwYZ5nD+6sLYJpvH9J9FaNG7nZuHIj0VkxU1hd228W+0q4ppRmuS6SV4eXDcPRdXUmDGsLjukYMYtmh5+ygirvJsIcdSR/ukewXP3pbHBkHRXtV3+RYdcx/ulc7epxNgAknIDaTuCD6J0QcDZKPBmffn7q5XPdFKRa1rcsqYBGcyIz3RrtXQoCIvCUHqKAWynMY2k7g4EqXrAgyRYdYN69a8HQg96DJERAREQEREBERBQ9H3QDT+o57O5j3Nb+UM8VbulUlPsWys36xZUHJ7MB/NS81blx5oMC4zHzqVkVA5xxbMwfI/8A0pZQeMPa7x6OKXiciN4jxMLBj+197+yfdR3hU7TRO8+Aj1d5IJLpzc8/Zb4ST6hb1p+B32T6LUucdgu+s5x8DHstu0fC77J9EFJYT2mch6K7pbVRXec2ch6K9pbUEiq7RRBc6ORBGRy3blaKOpSB570FFaLGw0zSLAG/VHZGuKRGmZVbUo0qejQDs2nxK6arZCdoULLnaXBzzijQbO/egluihFMO/mcAT7AcFvIoLa6GEjVAfUOzIeaiNJrtRi55+qgp2sOaHBrjvEZjuPsvTedNrT2hIE4TIedwDD2idmiDYaBuyGz9lQ33fLqVos9IB0Vi4aN1AER4retNtdTaC5pz1MEgc42yuddWNau2qXtPVzgDmSWkiCW9rIlBf2quXVG0wCBGJx2kaNAjk7yW/Saw6t7485CqbFWJe9xE5gboAAz9PFbb7yoiR1zMWmEEOd+FskoN+Y+EnkSSPE6KWz1g8SO8biq2vaXRiDcLfrPhvg2cR5GFV9H7c59auGkgjBk8EmMJ7UAjM67IkZZIOrRQtLgMzPdHupQZQeoiICIiDnukIw1qNTTE19M/abFRnk2p4qa2XkymAXGZE4dsfO9OlzT1GICXU3CoPu/EBxLS4d64G3XzhGbu1tdxG7cMirILe39JaoeIDacAiHDYYOc66Dcpbivy01qwY4tLcLnOLWaNbtmd8DvXNUaBqw6ox8GDifVgkYpOFmAHPPU7dVY0b/pWYVWWdgaKmjSKmMGCCcTxhyGgBO1UXlgvtxqOxw4NOcZQ4UA9wO7UZLfqW5j3OLT8Dc94nPMLjBeQd1pAgF9Xu6xrmieAEKe6C7rBlHW4Wkxm5sxOLU5B3moPpN208NJg24RPMiT5rYcJEIw5L1Qc/YG4agYci3LwlXlEZI+g0mS0TvjPxUgCAiIgIiIC071YTTkbM/Y+q3FHaGy1wO4oNO7HNwxP7fotkhadmoiIe0OA0MZwd+7u14KOvQZPZcWn7UHzzQL1srHtlwzGhXAUrRUFUtaBE7/1C7epRqjWpI3ZnzJXKV7ABWlr3Nz0hh8JbPmg6ix2Cm4N6ym13Z2iVa2WzsYIaxrRua0NHkFU2NjjHbOmzLzBW9RpMBzJJ/qcXHuBJjuQe2yIIyECJ7oyVPdgo9c8FozDRJbIc4jygN2q4ryTDRHPLLlqfJadOiGtfGx4BO09gfIQWdmAa4NBycCQNQIiY3ajL5O1S2jcT+vuq41MmO3PbPKpNMebmnuVi3U/PzsQZoiICIvCUENqoh4LToQvld99FrZZnt6pn+JswILWuHWVKUSRAJDnNAAHZJOWbTqvq4Cydog+MWi/WtP0oDXbi8Md+CrhcPBalW+rOdTBBlv01FpkZiCXL7W+g1wzaD3KNtjptzaxo5AKj5LcVO0vxBlmBa8QCS4g4wA6XOAYRkfhcTnkCu96K9GHUYqWhwfVAgACKdMRGGm3dxOZ4aLpKYA2KTag8pnYs1FVdEHiB4mPUhSqAiIgIiICIiAsKvwnkfRZrx4kEcEGrY/ZZ1iBrEcVBYn+QM8xsUdpO/55INK3V6TfiwNDsm5AEuiYG09y4+lZ6r6kjrC2d7ojxXTXjaqYllWnjY5ucgEE7AQctmuxfPhdlPH2SWCdMj55z4oPo9mYGhsNEgCZHuraz1WnJpHLTyXH3S802tayoHjd1em8l0hX9ie4nODylBYVgcc7IjzH6LVot7FU/wDcB8GtXtC0lzqoOjHAA7wWBxnkZWxdrJpvOx7nObxbAAPfE8iEGvE0ngZlrDHNg7Pm0FWTHg4SNo8iAfZa1is4bJ1xGT4Bv9oWV1j6NgP8rcJ5t7Pt5oN1ERAWFQrNRuOaDJHrxpUdqoB4EkiMwQYMxHugzKwcVXvsVYfDaDHFsnZvPA+K2LOHhgFQguzkjQ5mNg2RsVgnYVMVqhynFUQlg075q4aRduLCO57T7KwaZzVJ0jrfRAfWf5AE/orK6qmKiw/0jxGXsmDaREUBFjiTEgyRYhwWSAiIg169nntNOF2+JB4OG3yPFaFV74ksxcWEH8rojkCVav0PJV9B4LTskoKC8HgnMOHNjgfMKkcGzp5LsawWq2Z1KCuu9hIEA+BV1RoFgmJPEwO8/ss6bTvWxUcBElBFY7uDpNQ4hinAMmT/AFbX9+WmUq2Wpd5yd9r2C20GBpNOrR4LMIiAiIgKJu3mfLL2UqrbReVOjTa+oYxEwAJJkzl4oN1egqqsV7Unh72uDjOTAHB8bJae/MZLao21rgIIzBIidJIB8vIq4NlxUFQrytXA1IHDbrGQ25qB9UTE57pzVkGZcmNa4rgkgEEjUTmOayaVU1VdI63apt3Nc4/eIA/0OVx0ZfNAcHOHnPuuVvm0Yq7/AOnCwdwk/mLl0XQ900XcKh/0tV5T8kXqhxE57PnNSuORUVH4RyHouasgvV4WphQeOEpQfMzqDCyUNkJl87x6INlERBjVbLSN4I8lT2WlhbAy4bO4fyjgMldKGtZw7hxCCntrobPotS21gactdB81vW253uHZeO8Eeiqj0btP1qf4nf8AFBJdFUuPacTzKt7QNOS1LtuGowy57e6T6wrgWVuU5wgju0HCeJ9gtxeAL1AREQEREBcV0uB6uzu2YCCeJaCPOF2hVc+xtq2djHiRgbtgg4RmDvV43LpXyx1VzROZLc5mDmThz3wDnyW2eklYNhzw9sD+IJIBz+MQ4bNqtb16LvGJ1I4xEFpGF8axBydt0O/JclaBII2EzxGUegC9E8eTHTpH9MC54L6UEFshlSA7CSQC1zXbztWVo6WUnPbU6uq1w1wmmQREbVyFbMEaS6Z4ED0j0UVUzwMk92UZ8M1frh5OuHTCmKhqNoOzEEdY0DWS7DhPa711t1XjTr0xVYeydZyLSNQeIXyBx9Su+uui6z3c8uBa54cYORHWxTbyMEFZ58ZOiWq0WnGS/a5znnhiJdHmu16EH6J//k/savn7Hr6V0RsxZZmTq+Xn72n5QFn5Oli3qaHkVgzTuWVX4TyKwGg7lxaZSk8FBZ7WHOqNjOmQD3iVPKD1RWf4393upVFR+N3Jvug2EREBERAREQEREBERAREQEREBQWQdhg3NA8Ap1r1Jbns3HTx2IJHgblwd6dCXS40ajcJJIY8EYZzgOEyO5dv/AIhsZ5c9PHRQ1HLfG2dI+W2jojbGkRTDhOrajI/MQfJXtPotSZTaHU21HQMRxVJLj8UAOAgaDLdO9dZVctSo5bvO1MxTXZdFJhxGzsaRBaSJIPCXOjZuUXTCvFJjPr1JPFrGkn8zmK4c5cn0yr/SU2/Vpl343R/6wnH3StW6LIa9VlMfzHPg3afBfXWMAAAyAEDkFy3Qa5TSYatQQ94yB1Dd3z7Lq1j5OW30sYVfhPIqB78uQ9lNXOR45eKhIWGop7ZULG1HzBJpmeIkQfnasbLejHRmQTvBiftaFbFpstQhxYRJMgEbePDJVV32ysJpWiyPbBJa9tRj2EbB2iHDuaUHS0nnas6D5e77LfdatlJawYyBAzIyHDXgorutQdWeBoQI+6NfNCrhEREEREBERAREQEREBERAREQF4ROq9RBqG7mZ4ZaTn2SfTTyWpVu14+FzTzBYe8t18FbIrooH2Sv9Unk5p9RK132Wv/0z+X9V06JqY461UqrIL2kTuj91sXXcNKtUbaajDiaAGgukHCSQ4tGWUrpqlNrhDgCNxEhZNaAIAgDQBXyMegIiLKoLb8OsZj1WFN4IyzUtqo42lu8KostMgmOy4ZEbPBFizcYEqvtdfL9lsPccBnWeHJV9cTr7fqiqy2WlzspMDy/RZdHHE2kZ5YXAbjlK1re3YTA+q3b9pxVr0WsLsRqmQIhgO3EBJE7PWUZdMiIgIiICIiAiIgIiICIiAiIgIiICIiAiIgIiICIiAsKlIHUd6zRBp1rCHCMUZzoDtUVa6w4yXnwCsUQVlO46IMuBdH1jl4DVWQEZBeogIiICIiAiIgIiICIiAiIgIiICIiAiIgIiICIiAiIgIiICIiAiIgIiICIiAiIgIiICIiAiIgIiIP/Z\\\"]\"', '2026-04-01 07:33:46', '2026-04-14 09:09:33', 1, 11),
(21, 'Ấm siêu tốc Sunhouse', 'Ấm đun nhanh 1.8L, tự ngắt khi sôi', 350000.00, 'bep', 'Sunhouse', 150, '[\"data:image/jpeg;base64,/9j/4AAQSkZJRgABAQAAAQABAAD/2wCEAAkGBw0QEg8NDQ0PEA0PDQ8NDxAQDg8NDg8NFREWFhURFRUYHTQhGBonGxMVIT0hJSkrLi4uFx8zOD81NzQtLisBCgoKDg0OFxAQGjchHR0tKy0tLS0uLS0rKy0tLy0rLS0tLS0rLSstLSsrLS0tLS0rLS0rLS0rLSstLSstLSstK//AABEIALcBEwMBIgACEQEDEQH/xAAcAAEAAgMBAQEAAAAAAAAAAAAAAwYCBAUHAQj/xABFEAACAQMABgQICgcJAAAAAAAAAQIDBBEFEiExQXEGJFFhBxOBkaGywdEUIiMycnSSorGzQlJTYnOCoxUWM2SD0uHw8f/EABgBAQEBAQEAAAAAAAAAAAAAAAACAQME/8QAIxEBAQACAQQCAgMAAAAAAAAAAAECAxESMTJRE0EhYSIjM//aAAwDAQACEQMRAD8A9xAAAAAAAAAAAAAAa97dwpR155xnCS3t9iODc9IKrzqKMF2/Ol6dnoN4RlnMe6zAoF7pytu8ZNvsUnFeaJzPh1aUlrvENuWkpSxjhk3pRd36enSrQW+cVzkkY/CqX7SH24nnH9oUFvcnz/42EU9NUl82DfmQ6U/NfT05XFN7pwf8yM0+w8kq6elwhFc22KGkqssSTju4YTHS35r6euNkLuqS2OpBP6cTzuneueFUbb4ZbfmybEZLgOll3X09AjNPamnyeTGFeEm1GcZNPDSkm0+8oCqyjtwsZwms53ce/YxmD3wimtqaUoNPtyh0nz/p6GDhaD0tratGrJuW6E3huXc3xff/AOndJdscplOYAAKAAAAAAAAAAAAAAAAAAAAAAAAADmdJal1G2ryskncqK8XnDx8ZazWdmVHWe3igJNLqnKOpPbha+M/Git2t3FXq28f0ZrHfsPONLX2kYt1KcbmFanOWrq68qsuDnOW+cmktrz2LC2HattPXfxPHWdSonDMpQjKlUUs7lFrVflaNlcc9fV+Y7tXRibcotpvsakvMadbRVd7px8qlH3n3R+lI1dZx8bTcXjVr0KtJ/axh+Q69jcKT1XUpQ75VJJefVwVzHL484rNTQd1wnTflfuI/7v3HGUfJI9Ajbv8AWpvlVg/aZ/BX2Q+3T945Txl6UCn0flxa85sR0LJbpJcssucrZ9tNf6lP3nGv9ITpvVhbVqr7aaTj58jk4yc+lof9Zyl9xHUo2MnvaXpZr291cz32vi1+/VjJ+ZHbtKkElmnrT7XJ6q/lXvBx7rV0rawpW+YptutBOT5S2dyOTTkdrpXcNWspvdGpT2JYSTljcuZS7fSmXvBZ6WGL4rf3F20Xc+NpQm/nYxL6S2N+3ylDtqykslu6LP5KfdWl6sRXTTf5OyACHpAAAAAAAAAAAAAAAAAAAAAAAAAABUtK2upUkuGcrkaSguwsmnqOVGXFbHyK84lx4c8eMrEckuwijHMlzJ3Ew1NqNS26Ent5m0jXoxwbCAwkQTJ5FfpaWqyyvFrPxlHEZSTmpQSjlPslJ7cPZtS2hvHLrInonEp1ruS+Yoy1Y744i3mO7Pc3s4bVvNyna1ZbJSxFtNKcnKSwpLD1djzrZ38EjOVdPurBQhTrRnQbUlKM4TS24zHj2PameZ1bHVb2bU8HpmgrZU8RUnLMm9qisbHuSXeUq+SzJ/vCKvb8I9GSezzF76K/4U/40vViUWyW7mXzosvkedSXsGTdXk7AAIeoAAAAAAAAAAAAAAAAAAAAAAAAAAGppCOVjuKzVhhlou/YcC8ptPdvLjybvJpM+0oZ2mXi3xJoRNcmUUZhIMCORDNk0iGYKwRNSITOhVg21GSbi8SSabi+x9gHb0e9q8v4Mol5x5l4s3+D/BlGvHv5mRd7MbPhzL/0ZXyEe+U394oFlw8p6D0bXV6f8/ryMydNPk6YAJekAAAAAAAAAAAAAAAAAAAAAAAAAAGtd+w5ldHTu/YcysVHk3d2nKISMpBFOIGfTFhqORDMmkQyBVP8JOl6tta4oycaleoqGvF4lCDjKUmnweI4zwyVHwbVpQu7dReFUVSnNfrR1JS2+WKZ3vC4ur27/wA2vyqhW/B++t2n05+pMm93p1z+uvebd7H9F/gUe7e/mXSk/iz+hL8Ck3b382bHG9mVlw8p6H0fXV6XKXrM88suHJno2hF8hR+gmZk6afKt4AEvSAAAAAAAAAAAAAAAAAAAAAAAAAADVuzm1jo3e851YqPJt8mtI+I+yPiKcX0xZkYyDUciGRNIhmCqF4Wl1Wi+y7h+VUKt0BfWrT+LL1ZFt8Ky6pDuuqfqzXtKf0EfWbT+N/uJvd6df+de+2STwnubSfJ7yndINH1raTjOEnTz8Sqk3CUeGWtz7i46Pe2PNHdFvCcMJlHmOhbC5rY8XSlqvZrtONNd+s/Yek2tFU4Qpp5UIRjntwsZJQZby7YYTEABiwAAAAAAAAAAAAAAAAAAAAAAAAAAad3vZzqp0Lve/wDvA59UqPHs8muz4hIIpyfTGRkYSDUciKZLIimCqV4U11PlcUvaUnoQ+s2n1iK9JePCiupS7q1H1sFD6GPrNp9apr7yJvd6dXhX6BsHtjzR3yvWT2rmiwmVuntQAGOwAAAAAAAAAAAAAAAAAAAAAAAAAAAAA0bvezn1Tfut75mhVLjxbPJrsBhGuYYyMjFhqORFIlkRSBVP8Jy6jU7qtD8yJ550Rli5tPrdH8yJ6L4TF1Ct3ToP+tA816MSxcWn123/ADYE3u9Orwr9DWb3FjK1a8Cyimn7AAS7gAAAAAAAAAAAAAAAAAAAAAAAAAAAADn3W98zQqG9db3zZo1C48OfeoGAwjUBhIzZhINYSIpEsiKQFV8I6zYXHOi/60Dy3o5n4Ra43/Dbf82B7Rp/RiuqFW2lLV8ZHCljOrJPMZY44aWwq/Q/oHO2rK5uqtObptulCnrY1sYU5NpblnZ27ck2O+vOTG8vR7YsqKzbllpvKT7UmKrR9sgAS7gAAAAAAAAAAAAAAAAAAAAAAAAAAAADmXL2vmzSqG7eR2vnk0Kkmt68q9xceHPvUbB81k9zBqBmLMmYMNYyIpEsiKQEbM4GDMogbVGWN2/hzLLbLEILshFegrNutveWeksRinvUUvQTk9Gj7ZgAl6AAAAAAAAAAAAAAAAAAAAAAAAAAAAABDc0FNdkuD9hx7ilKOySx+DO8fJRT2NJrsayjZXLPVMvyrEop70fNTvfnO5V0bTe7MX3PK8zNaeiZfozi+acSuY4XVlHMafb6EYPPb6DoS0bW7E+Ul7SN6Or/ALP70feOU9GXpotPtI5LvZ0f7Mrv9BLnKJnHQtV75QXnkxzD48r9OQ0Z0ottKKbb4JZZ3aOg6a2zlKXcviL3+k6FC3hBYhFRXctr5viZ1OmOm3u0dG6OccTqfO4R34733nTAJejHGYziAACgAAAAAAAAAAAAAAAAAAAAAAAAAAAAAAAAAAAAAAAAAAAAAAAAAAAAAAAAAAAAAAAH/9k=\"]', '2026-04-01 07:33:46', '2026-04-01 07:33:46', 0, 0);
INSERT INTO `products` (`id`, `name`, `description`, `price`, `category`, `brand`, `stock`, `images`, `createdAt`, `updatedAt`, `isFlashSale`, `flashSaleDiscount`) VALUES
(22, 'Bộ dao kéo cao cấp', 'Bộ dao kéo inox 304, 6 món', 450000.00, 'bep', 'Lock&Lock', 80, '[\"data:image/jpeg;base64,/9j/4AAQSkZJRgABAQAAAQABAAD/2wCEAAkGBxMSEhUSExMVFRUXFRUXFxcYFRUXFxUVFxUXFhUVGBYYHSggGB8lHRUVITEhJSkrLi4uFyA1ODMtNygtLisBCgoKDg0OFxAQGi0lHx0tLS0tLS0tLS0tLS0rLS0tLS0tLS0tLS0tLS0tLS0tLS0rLS0tLS0tLS0tLS0rLS0tLf/AABEIALcBEwMBIgACEQEDEQH/xAAcAAABBQEBAQAAAAAAAAAAAAAAAQIDBQYEBwj/xABCEAABAwEFBQUHAgMGBgMAAAABAAIDEQQFEiExBkFRYXETIoGRoQcyQrHB0fBSYhRygiMzQ5LC8RZTorLS4RVEc//EABoBAQEBAQEBAQAAAAAAAAAAAAABAgMEBQb/xAAjEQEBAAICAgMBAAMBAAAAAAAAAQIRAzEhQQQSUUIiUmET/9oADAMBAAIRAxEAPwClisdAARlrrqTrrvXFbbMK1GS0GIYg0jI/Piq+3AElvBfH3ZdsaclyWwRvGQpnXM94AE6aVyoOvVeg3ZOHNFDUag8QRULzEszWw2PtWWA7tOQO7z+a3buben4+f81qs68ty6IBuUbcwumI0Uep3WGUnuk6eo4qxwcyqTHhIdwPociPzgruzmua+jwcn3x8+nj5cPrUkbaKYBACV2S7uRQ1LomV4JERLVJiCb1KKgaIpwQQkxJSK/ZA1oUibQjmnhBEWZ1TwnUSFEIEJpCVqBXNQBRLiSEoqNxJPRBiJUjSnIiMMShqehAyiQhPKRAlElE5IimFiWiciiobRCchB4W+bI8dy4XvyqdTrVTWp5cT1/8AaLa1tABuFK5d7nQaL4O9zaKtyubmlwu8PqFViNd13ip/OK6S/wCLv8fC/aV6FYpsbQeIz6712sCqbjBzHQ+lD9PJaCCCqTy9d8Uj21YehXfdclWjouO1kNYfL7qa5LPVoJXs+L3Xn5+oty9IXkqRsAThGF7XmRUd08UvYqXBzS6IGNi5J4ajEmSzNALnEBo1J08ygcQBp6JTI0CpIFeJAWWvTaEnuwZD9ZGf9I3dT6LPvi7R+KSWQCnwtY9znc3SVoOg8Vn7Lp6VjCaHVWCuy9ZIDRubN7Ccv6T8K1933myYVYcxqDk4dR9VZdlie8Gv7N3Zuo+lW1AIqDWhB3GlPFVt0bQMlOB47OXe06GmuE7+mvzVyeZWY2kuMGsrOrh/qHNKkagJaLC3df0sNA7vs5+8B9fzVayx3q2QAjKoBFctdEl2ad+FIWpodVOoqDCkJTgEtEQxpKCEPZwyTKlFKGJcKir5+SQk7vl/ugmoiqibLxTy8cUD0KKvAhIZSNyCVChq7h+eaEHhgFVHI0DUhWYuObcdeS5xswSavLnddAd2WgX5v63fmvpcfBjO1Tj7Q4Y8+Lt3gtFdN1EUJVlYLkAAoFcw2TCaLtj4mo6akJd0OAg9D1Gh9KrSsZwp9+aqooaAeI+qc+9A1mCveBLcteXpl4LrjdMZTaG8JqvwjoOpWhu9uFoCpbisZe7tDpu+pWlDNOXXzX0fj4fXHd9vFzZby1PSTEkdJTVDWbz8yue3WMSsc3yy3jQ8816HFOyp5JzmHisbFa5ojRryKZFpzGW6hyVtY9oq5SN8W/Yn6rP2i6dtvtrIdaF25o15V4Dmszb7U+Y1edNGj3R4fVamWzxWgYg4ZfENRyI+hVDbrvdGeI3EaH7FTLaxUFlExzV2EJhjWVcVE+KRzHBzSWuGhH56KRzEzCg091bQNfRkoDXbjud04FXLY2nTJefOjVtdd9vio19Xs/6m9Dv6FbmX6li0vTZ5rquZkeG4qidJKzuk6ZZgeq2lktLJW4mOBHy5HgmWy7GSbqHiPkeIVsTbIw7TSxnCInSgahoOQ6klXVm2ojcASxwBANRQih8j6Kuvi55GMc1mjiARiLWGuXeA1y3HI5DIZjL3haHWZuKaXDqMJiAY3vNa1xkAzFXjIZgAnICqzuxfDVXt7QrLZ5BG5sr6irixooyugIc4GtM8q6hT2Pb+75P/ALAYeD2PZ6kYfVeI3zevvvL45HkjCI3NfnibWuAmjQzFrnXDTemWO2xyCuQJ3fnivXjxY3x7cLnY+j7Hb4pRWKRkg4sc1w82kqdfObLOK4mmhGhBoR4q2sl/26H3LTLTg53aDpSStPBL8e+qTl/Y9zeDoCmMFNK/MLyyw+0m0NI7aFkg4sJY6m/I1B9Fr7p26sk9B2vZOPwygMz0oHe6fOvJc8uPKdxuZytKZNxCa5vAEdCgd4a6+Sc1hG9c2jGmpqnu/l+SGnP8zUoCCMfmSFJRCDKss3Lf/v8AVMnsgxHmrFwFev590kratrv+y+H9X1JVWyKn5oU9rOKdarUxmdanhz6rPXjfRPdbnwDfv/uUmPpvtY3rewjaQ3M/XcFy7N3ZJM4udXCTVx4ngPPX8E9xbLvlIknybub9+HzW7stnaxoDQABwXv4fj/1k8vLzzX1xNs0GEAAUAXDabxcyQse2rciCNaEc9d43aK4XFeVk7RuXvDT7L2X/AI8cOs87HirXV5Z1Hgp2nkswxpaajIj0VrZLw3P8/upMixDfV2l1ZGjP4gN/PqqExLcsNdFU3rdVavZrvHHmEsJWdhkcw1BIKvrHe7XjBKBnv+E9eH5oqZ0aY5tFmXSre8bmyxR5jhvHQ71SOYQrCwXk+PLVv6T9DuVpLFHaBVpo/wBfH7q62b0zWGqY+FWFpsbmHvCnPd5qHCsq4cKQsXa+KqgcxByWa0SwOxBxIz72Vda0cAKEZ8KChJpktbdO0LJAA+jXcfhPnm08is3RNZE0VoAKmpoKVJ1KsqaegmhFDmFh/aXcwNhlLBXDgdQ50o9uIt4ZV8yp7Le74QASS3c3V39PLrkrCC+4LS10TiWucCCx4oXAihw0qHZcCSN9F0xym5WbPD54js7AanIfmifI2zO3yNd+oAffPyVztBcjYLT2UuLAH1BbSrmHQiuVeXEUWwuTYywzx4oyHjjjOIZbxkR0Xsy5JNfjhjg83ZZJRnFIJB1o7yUjLzkZlI0jqPqtxensxe3vQyA8nV/7m/ZZu2XZbrPXHE5zRvLe0bT+ZtaeKTOXqlxrlivFrtVOCx2hCrTaYXe9CAeLHU9ErYYT7sj2ng4fVb2zporpv+0WT+5lIaP8N3ejP9B06toea9h2bvr+Ks0c+HCXA1bwc0lrqcqio6rwu67lnnNGEFtaYiaU01Gu9e0bPXf/AA8McQNWsbThUkkuNOZJK8/NcfXbrxyr90g5/ZDW11PRETwQnFwXB1Nwnj/1ISdmeKEFLNaxuzXBelqJicMWE0ypxrX7+atILhd8T6fyjPpU1+QVlZbpiZmGivE5nzOa+fj8XK9vXeeTpgrFs/PPm7E1vF9R5N1PjRa659mooKGmJ36jr4DcrsMojGvXx8OOHThyc2WfahvqwuFXVq2vWnLoqmKUsNWkg8slsxHXVU15XPSrmDqPstXH8YlOsF71yfrx3H7K1jzWQwkKzu68izJ2bfUJMv0sWdusFe83XeOKq8K0MUocKg1CgtljDsxr81bElVtltJZzHD7K3s9oDhkqYsolYSDUZKS6Wx23hdofmMnfNUUkJaaEUWgs1rrkdVNabM2QZq62m9Mo6NEbi01BoQu+12JzOYXG5qyq0st5Bwwyjx+/BJarq+KM1HD7KjtFkxHECWvAIDwASAdRnqMguixXq+IhrxrkCKlpO/LVmnMc9yu/0K+MjIhNw1V4xkcwqMnb+K4rRYnM3VHFNG1Y+BcplbiwAnFyY5+HrTIeJCt4rBJIaULGb3fE7k39PXXpqr6x2GONuFrQArMUtZ2zzRREhsXaEjvSSPaHPPAN3Dhos1t1e1nYxrY4/wC3dmWu0jA+I/qqdKcCd1D6YIWH4R5LGbdbFNtI7WI4JmtoP0uaCSGnhmTmOK1jjN+Uyt14eWy366VnY2wGVo92UUE8XQ6SDSodQ88gm2e5rS0dvZJBO0fHE5zZGE7nNyew03Gq5LVA5jjHI0te3IgqGy2mSB4khe6N4+Jp1HAg5OHIghevX+rhv9aaw+0S2QHBMMRGrZWEOA6twur1BV9ZvaXA7+8hc08Wva70dhIXPcm2FntQENvZGx2ge5oMLz+7FXsj1y5jRaO0+z+xPz7LDzY9zfIVw+i5W4/1G5v1VTbNo7stFDJGHf8A6WfEfMAnyKyt/wAt24T2ELu0IyIL2Mbzo459KLXS+y2zH3ZJh1MZ/wBAUlh9mdnY4Oc576bjQN8QBU+asuE8+TWVRezu5ybP2hyxPJH8oAFR4gjwW4js5HPzS2OydkAGgAAAUAoABoANys49Fxyu7t0k1HM0ga1TwclM8V3JvZclFDYhwQnhnTyQiFxJwUbXKSqAKAk1TQglQQq69Y3EBzCQ5uhBpUbweO5cdjvg6SeY+o3KbXTpvK7A7vNyPzVEYyDRatjg4VByXLbbAH5jIqWEqnslqcw5abwryyWwPVDNCWmhRE8g1GRWZdLZtop7MHdVXSQlpoV0WK3h2Tsj6FdsjA4LWtpvSoop4LUW0B03fPLyKWaAtK5LXYmyUqM25tcAMTTxB/PMAjPS9rgODwq223dvauNlrfDhEmh7uMZgncC2lRUcK6GvFXUNpByOq1uVNaZ5zKZJrmK8ttkDswqh8Li7A3DXi4gADeaanoPNSzS7chlwUOda5Aak8qLoh2ikjP8AbxVZ+pubm83N0Ph6pn/yVns9SAZn6YzRrTya51BTk2qrr/2riZZ3OMOGU0bHUh0bnHOpc3gATQ0Jp4pjLvwl021ktscjQ9jg5p0I+XI8tVKX1XztZb5tVnmM8czsRPeBzY8cHM92nSlN1F6jsj7QIbVSKWkE5ywk9x5/Y87/ANpz4VXbLjsYmcrdAFNdHVIwKVYaY/bTZFlrZUUbK0d1/wDpdxHy+fi9rsr4nuikaWvaaEFfSzm1WI2+2RFqZ2kYAmaO6dMQ1wH6H7rrx568Vzyx28XkiWi2S20msJEbqy2f/lk96McYnHT+U5dKkqTZrZG0WwvHdjDDhcX1DqjI4WAVNDrWg5q7d7MgM3Wtn+VrfUvK6ZZ4dVnHHLuPSLmvSG1RiWF4ew+bTva4atI4FWTWheS3Rcclgl7WC2wnQPjLmlsrR8JAOR1o4ZjxIPpt23g2ZgewjgRUHC7eDRee2b8Ovn27XNUTgRoaKZqdRRTI3BSKPABuTulPzmgchMxHghAxpS4qqWiaIt6BKJXJzQlBQRkGmipLxsGZcBkr8lRvjrqFLNrtnbJaXRnLMcPzRX9mtTXioPhvVbbLFRcVHNNWrO9Lra9tVnDxzVNLZi00IXfYLcHjUV+dNaLtlhDwrZtOlBhXZd95VyNaVIzBByNNDqET2ct1XFLZgSHDJw+LlwPEaeQ6LPS9tGCHDiFyzwEdFW2C1vbUOaRQ/wBLubfvTy0F1BOHBa8VOnBRclptRrgjGJ/ozm4/RWVrshI7ppxGngDqPBVAts8JwtskeCu6RxPUnBmVNLshvKeA/wBq3tGcWjvN50+IevXRd7WxTsDwQ4HQ/TkeRzWa2r2ybFDhbGWWhxLQ1wBDRvkB0dTIAcTyIXmNhva0WeUzQyuDye9UlzZOT2n3vmK5ELrhx5ZTbGWUle6wXTEDXACeJzPmVFfWz8FpjMcjAQdNxadzmncVSbIbdQ2ukT6RT/oJ7r+cbt/8pz6gVWxaVLLKb28D2l2flsT8L+9E49ySmv7XcHfNZ+eBfR173ZHaI3RyNDmuFCPqOB5rw3ae4X2GXs3VdG6vZv4jgeBC9GGe/FcssdLTZL2hzWWkVoxTw6A1rLGORPvjkc+ByovX7pvaK0xiWF4ew7xuO8EHNpHA5r5zkjXRct8T2KXtYH4T8TTmyQcHt39dRuIUy45ejHPXb6SDkj21WX2R2witzO73JWjvxE1cN2Jp+JvPzAWna5cLNOvalvC5GONSwOzqRz4rhfYIxl2RH9FfotWEFgU0rKRwNr3Y3f5cKt7ushbU0ArStOWnzVn2QShtECNanJKoJQCY9iUvTWgca9UDcR/V6JFLkhA0SeJT6lNDBy9FKgQBAQiqBapE0FODkDZGVBCrLTZKZjRWpKQgEUUsGYls1Dibk75008fzmLS77xyAkyPGvzP1S26zEAkAnkqZ11um/vJWNGVI2Oy5YnH3jyyCx5jXbVPaHBVlos2Hos9aL6N20bO/FEfdaTWRv8m9wHA6cRodPd95Q2mMSRPD2O0I9QRqCN4OYW9bjO9VwOdQ0oXOOjRqefIczkua3WCfJ4e5hGYwHIdf1eOXJdFru2ZrnOhlLQ+mJtGmpFQKFwJGug4BUl6C3WSKSdkj5qNNY5MLwK5YmYQCMNa0zFAVn61rawsu10bHtgtT2RymlDWjXV0J/wCXXnkdx3LTVC+cLQ7tSXklznElxJqSTqSd60Wye3E1jpFLWWzjICvfjH7CdR+0+BG/03hsnhxnJ5eh7a7KR2yOrThlbXA/UZ/C7iDQcx5g+NzxPje6KVpa9poQfnzHNe/XTecVqjEsLw9h3jUHe1wObSOBzWX9oGywtUeOOgnZ7pyGJv6HH5E6HqVMM/r4q5Y78x5FNFX88ludj/aK6IthtpL2aNn1e3gJBq8fuGfGuow8T9QRQgkEHUEZEEJJI12uMvblLp9IwTNe0OaQ5rgC1wNQQcwQRkQq7aO5I7XC6KQZHQ72u3OHMLxrY/a6W73Yc5LOTV0dc2knN8ddDvw6Hkc17ZdV5xWmJs0Lw9jhkR6gg5gg5EHMLz5Y3Gu0yleFTXDaI7T/AAeAvkzwU0e3XECcgKDU6K7b7N7Y4Z9k3kXuJH+RpHqvUb3uhstHUo8Ahrxk5taE0cMxmB5KkDXR92SWY83Oc71qVcuXL0kwjC/8AW+B7ZYnsbIw1a5peCD4sz4EHIg0K9M2ZveSVmG0x9nO33gPcf8AvZXMc2nTmM1WGx2d2b316uIXVYrFC1zXRR5g1xUPj3t//tYueV7bmMnTVNIKVcsQd+blNRQPL+CVqYWjdVAaRv8AQIHkJU1pS0QOTCEpSAICiEtEIHURhSlCBMKMKCUIABMcaJ4KXJBHjT2nkigSkhAjguSW7WOqaUJ4fbRdZcmVKg8Y9od2zR2kulJcx9BG7MgNaMo+RHDnXes/ct8z2KXtIXZH32H3JBwcOPBwzHSoPut+3Qy0xGOQVB8wdzhXQheI7QXNJZZTFJ1a7c9u4j7L0ceUs1XLOWXb17ZPaiK2sxRmj20xxuPfZz/c07nD0NQNC9tQvm2y2mSCRssLyyRpycPUEaEHeDkV7HsNtqy2t7N9I7Q0Vcz4Xgavjru4t1HMZnGfHrzGsc9szt7saYsVqs7e7rLGN3F7Rw4jx4rAOoRUL6SkaHBeMbf7MfwknbRD+wecwNI3ndyad3DTgt8efqs54+4zlz3vPY5O1gfhPxNObJBwe3f11FciF69sttZBbm0HcmAq+IuFaaFzTljbU67q5gVXjJCjY5zHNkY4se01a5poWniCt54TJnHLT0D2mbMUJtsLcx/fNHxNH+IOYGvLpnhInhwqF6bsdtk22D+HtFGWimRyDJwNcI3O4t36jeBXQbPxWG2dq6ATwPJowgHsjrVrScLsxSh0ruXOZ3Gardx+3mMLHZHye4xz/wCVrnf9oV1sxbrbd0uMWe0GFxHaxmKQBw0xNJbQPA0O/Q8vVY77LhRkIa3didp/S0U9UyWdztTGB/L/AOTisXmt8aWceva1uy8WWiNskZ7jhkdDzBBzaRoQcwuxtlaVSXLBhcS01B1oABXiKAZrRRhYbMZZmjcniIcE9CBuAcEJxSIESUTkIIiOqKlSpCEDC7ilBQWpteXkgehRYhySIJylQhAUSpKoQKhCECFqbhUiFAxrU6iCEIEos5tps822QlooJG1MbuB/SeR+3BaMhDgrLpK+eLNctolc5kcL3OYaOoKBp4OJyB6ldH/CF4RObKyJzHsIc1zZIsTXDeKO9N69ntFi7NznxgguNXYaVJoBXnkAqy1mR3+NK3xI+i3ebL1EnHC7IbQutMWGVnZ2iOglZuz0kb+11D0II4E2942Fk8bo5GhzXAhw5H81VLYLCTI1+ORz21FTn3T7zSSMwaDLiAdy07Islja6fP1/3K+xTuhfUt1jd+pm49RoeiWz7O2qVuJlnlLTo7CQCOILqA+C9kv24WWjCXtqWPxN5H7cuQTnWp+mIVG4tbXxXW81kZ/848Wl2VtgNRA8EEEEOaCCMwQcWRB3heg7L3rJamfw1rZhnaNSKCZo+IUyxDeB1GVQLy0STHR7R0Y1cv8ABvJDnTEuBqKNZkd1KNqud5Ll3GphJ0sbPs7Hwd/nf91Yw3LEPhB61PzXXZakAnWi6gFFRRQgaBSUTkKBEIQqBCEiAQiqEQlUmJKU2maKVNITkII+zHBCkQgCUVSgIIRChCEIFQhCAQhCilTHhPSFAgTkiUFAhCaWBPQUDWsCdRIAlQNc1c81jY7UArpKRBXm6I/0+p+6kgu5jDUNFeO9dtUVVCAJUqFEIhCEAhCFQJEEpKoFJSJpSgopyRFUVRAkQhFCEiVArQlKEIgSoQgEIQgChCEUqEIUQ0lCEKqVKkQohShCEUiEIQI5CEKoKoqhCBC5JiQhFLVIUqEBRFUIQBTaJUIAhNJSoQFUhNEIQJiQhCD/2Q==\"]', '2026-04-01 07:33:46', '2026-04-01 07:33:46', 0, 0),
(23, 'Lò vi sóng Panasonic', 'Lò vi sóng 25L, nấu đa năng', 2500000.00, 'bep', 'Panasonic', 40, '[\"data:image/jpeg;base64,/9j/4AAQSkZJRgABAQAAAQABAAD/2wCEAAkGBw8QEBUQEBIVDxUPFRUPDw8VFRUVFQ8PFRUXFhUVFRUYHSggGBolGxUVITEhJSkrLi4uFx8zODMtNygtLisBCgoKDQ0ODxANFS4dFR8tNysrKys3Kys1Ky0vKys3Ky0tKysrNy43KysrNy0rNzcrKzc3LSsvLSsrLTcrLTcrK//AABEIAKkBKgMBIgACEQEDEQH/xAAcAAABBQEBAQAAAAAAAAAAAAABAAIEBQYDCAf/xABOEAABAwEDAwwOBQwCAwAAAAABAAIRAwQFEiExUQcUFyJBUnGRkpOh0QYTFTI1VGFzgYKxsrPiI1O00uEWJCU0RGJjosHC0/BCcjNDg//EABYBAQEBAAAAAAAAAAAAAAAAAAABAv/EABwRAQEAAQUBAAAAAAAAAAAAAAABEQISEzFRA//aAAwDAQACEQMRAD8A2d/arF3WK01LLWbWL6DsL8NMObJAdkOITkIUDZuure2jmfmXyLVW8NWzzjfhMWSQeitm26d7aOZ+ZLZture2jmfmXnWUpQeitm26t7aOaH30Nm66t7aOaH3153lCVB6KOrddW8tHNN++hs3XVvLRzTfvrztKUoPRGzfdf1dp5pn+RLZvuv6u080z/IvO0oEoPROzhdf1dp5pn+RDZxuv6u083T/yLztKUoPRWzhdf1dp5pn+RHZwureWnmm/fXnSUpQejBq33VvbRzQ++js3XTor818y85ShKo9HbNt06K/M/Mjs23T/AB+a+ZecEJQekNm26f4/NH7yWzbdP8fmj95eb0pQej9m26f4/M/Mls23T/H5r5l5vlFB6O2brp0V+a+ZLZuunRX5r5l5xSQejtm66dFfmvmS2brq0V+a+ZecUkHo3ZvurRX5r5lp+x/suZb6AtNnH0bnOaMbSHAtMGQDkyryUvuWoNacVhq0pk06vbI0NqAgdNNyD6p3TqaG8R602z3nVdUewhoDG03AgHKXGoDMn9wcajuC5tqhhe+J2rPTtndaVZLbiLbXLtPQlrl+noVSbyboO5ugZwTnPAumve+lpGGN0GS6MIEHdlZ3Rvh1+LE2l+n2Juun6egdSiG0sDQ4mA4SM+idxKnaGOMNMkZSII3Y3VcxnZq7wl66fp6B1Juun6egdS5IEqsuwtdTT0BWio1eIPKuqv4atnnG/CprJLW6rHhq2ecZ8KmsgSoCkmylKB0pSmylKB0oEpspSgKEpShKApSgggckmlKUBSlNlIlA6UJQQlA6Uk2UZQFGU2UpQGUkJSlAUk1FAnFfYtQoljnMP7RQNZv/AM67qY9r18bcvsupZtH3U76+nbKDj5G1Kzh/M5qsH1x7VwwBxwndGX0ObCt6tkVdVpYXg6Zbx5f7UWXHRmsWeUbuQ8J/uKe6ysMzJktJy58IgLqCiptjXJr9cDY2RhkkCCBOaJzcadTs7WuxCZM9Jn2rqkmIX6ar3QKEolNKrBSr1UIV8g8qarPhq2ecZ8KmsgVrtVvw1bPOM+FTWPJUBJSacqbKLTl9KC6sdFhdla05N0AqdrSnvG8lqiWE7b0KwCDlrSnvG8kIa0p7xvJCkIII+tKe8byQlrSnvG8kKQhCDhrSnvG8kIa1p7xvJCkQlCCObLT3jeSENas3jeSFJhIBBG1qzeN5IS1qzeN5IUmEIQRtas3jeSEtas3jeSFJhKEEbWzN43iCWtmbxvJCkIwgja2ZvW8kI62ZvW8kKQjCCMbMzeN5IQNmZvG8kKTCa9BnLxYA+AIUVTL079QkCcvs3YIcNiuqpvLUWzoa+01AfYvjDl9k7EPBNjO8qYx6LY9UfdTXEKpt1YFzB+8fccqfuk4bqj2e1l9opjyu9xyDQtKcFzanhAXOAEnIBlJ0BNZVa6Q1wdGeCDHDGZQat4FxLaTBUAJY57nYWSMjmtgEvIOQ5AM4mQQONlrV2tDu1U6jX7eab4fBJMBrmgGJiC4QNKC0KaSqe+eyOhZ6La/fhzsGGQwt77FiDoLYLS0zmOQqg2RqMx2kmM5FWiYOiA6SdzIg24V+qDd9Kv0HlLVc8NWzzjPhU1jythqueGrZ5xnwqaxxUCRbnTUW5wgvbD33oViq2w996FZBA5JBBA5BJBA5BJBAUkEkBSQSKBJIJIEUUEkBSQSQJNeimvKDP3p3/Goal3n3/GoiAOX2jsKbN0Wb1zxWqof6L4sV9r7BvBFn4Kv2ioqNY4o3Yfzin63uOTHJ91/rDPW9xyDVNXC86jhSOElpeWUg4Z2dse2niHlGKfQuuWMmfcnNPlUW0U6r2EONNkYXtIxEB7JcCSYgBwpn0EbsoAaYaGtaA0NAa1ozNaBAA8gCV0VPoGtjM8wfJhmOMp1KoKjcQyRkc052OjMeMZcxBBEggrndA2gH7xP8oQE4qdoPax+sMNRwnCMdJ1NhdkB2xZUaPL2poyLvZ69cn6RoaIOVry6TIgRAjJPEhTh9Ttg71rTTpnfBxBe4funCwD/qTmIK7oCM60CzwzrQoPKWq34atnnG/CYscVsNVnw1bPON+ExZAhQNRZnHClCLBlHCgu7CNt6FZBQLANt6FYgIAknQlCBqSeQmoAknQhCBqSdCEIAkiUiFQ1EowlCgakij/u4qGwlCMIKAJrwnwg4IM5eff8ftUNTbzG34/aoaBpX2vsI8EWfgqfaKi+KlfauwfwRZ+Cr9oqKjUuT7r/WGet7jkxyfdX6wz1vccg0j6AcZxObmyNdExpjhTW2ID/2VcmTvzx8KkNTkHGtRbGIgktbEtJDyBliQQTwE51Du+ixwLS1xwknbtLQQczS0mHEDDM7uXyCySKCL2qqJDXNgFuEODnHCJkFxMknJl8i60Q/CMZBduloIHolcrztzLPSNapOFpa04RJJe9rGgSR/ycFRv7NrKM7K2aSMDcg8u3yINIM60Kzdmqio1r25nhr2znwuAI6CtIg8paqw/TNs86PhsWSwrYaqY/TNs86PhsWUwqDlhRY3KOEJ+FOptyjhCC7u9m29CsQxRruZtjwKfgVHHClhXbAlgQcC1LCu2BLAg44UIXYt/3KlhQcYQhdsKGFByIQhdcKGEoOcIQukJQg5wknwlCDnCRCfCUIGQg4LpCRCDMXoNvx+1QoVhew2/H7VChQMdmX2nsG8D2fgq/aKq+MVBkX2fsH8D2fgq/aKio1BXS6v1hnre45c3LrdI/OGet7jkGjfZw4zLmnINqYyCT/VdaTMLQJLoEYnGSfKTpTmrnVqQ7CWnCRlfuCTEFB1BUdjjBJc7I8tGJrYyugABoktygTM6d1Vjaj3tL6MWem4FzXNa01a0DavGIFrGkDIC1xIIO1zKXSsVUAGnaHvDoqNFRlLC6TJntTGGZ8sZcoO6He1PGHDUaHh5wtaYw1HZw2HZjkJ9GlR6dz0A4uNOmQcuA0qcMOgENzLrQrziLwQ8RTfRAkDLub8EPz7o3AcQUpm6M8Zj5Dm9h4kCY0CAMgEADQFoFRDOr1B5X1UB+mLb50fDYsqQtVqneGLb54fDYsugZCfTGUcIShOpjKOEe1BpLtbtjwKdhUW7Rtjwf1U1AzClhT4SRHPClhT4ShBzw/7lQwrpCUIOWFCF1hCEVywoELqQgQg4kIQupCaR/uVBzhCF0hLCg5wjCfCUIGQlhXSEQEGWvdv0nH7VBhWV8j6Tj9qgQg5VRkX2XsH8D2fgq/aKi+O1htSvsXYP4Hs/BV+0VEGpIXa6R+cM9b3HLkQu90j84Z63uOQacKpvf/xVGdsx9tqUqL6e62lVqspvbnybR7j+Ga3JAEkwBunIodWmKocxrAGVA5lSpGEyHODoGQkzJDs0uxCUBtDZyacnHkTbpqk0WDekjjy/1TaNeYbUIa8GAczaxB76npmDtc44IJbde1Y4HJgeR/bm9CDvXgVQ6QzFTcHOMZcL6eDPoxvA/wC6cKM4du4wyMQIGIjDtjk3eJOGInGADlDMJztYSMR4d0jyDdldWNE5BAaMIAyAaY8mQD0FA5oV4qUBXSDyxqnD9MW3zw+GxZhanVNH6YtvnR8KmsuQgCdTzjhHtTQE+n3w4R7UGnu3vjwf1U0KustXAZidxSdeDeoiQko+vBoKWvRven8EHeEoUbXo0dP4IG2je9P4IqTCSi69G96fwQ16N70oJUIEKLr0aOn8EDbf3en8EEkppUc2wb3p/BNNtG96fwQSimlRdeDe9P4Ja8G96UEmEYUXXg3v+8SWvBvUEqEoUYWwb1LXg0IJUJzAomvBoThbRoQUd9j6TjVfCn3u6Xg6ZPSoMIOdo70r7F2DD9D2fgq/aKi+PVxtSvsXYL4Hs/BV+0VEGqIXe6R9Oz1vccuUKRdQ+nZ63uOQaTCCIOUaCo9WkSXYwAyILZEVAckukbUgARlyzlzAiWAiWzny+RBAD2wwlwZTgMFN5G2LtowTJDpxNAykExuoiz4WkDBSOMlhAAAZikSBG5IhS6lEEAAloG40xIgiD5MuZPDAMwA4EHFzA4mBGIBrnZiWiYA4zl8u6jRplogmYzcHpz7i6wlCAAK4VQFboPLeqd4YtvnR8KmsxC1Gqb4YtvnR8KmsxCBsIsyEHQZRhJBY90W6D0I90W709CrEkFn3SboPQh3SboPQq1KEFj3RboPQh3RboPQq5BBZd0WaD0Id0W6D0KuShBYd0WaD0IG8WaD0KvhCEFh3QboPQgbwboPQq8oILDX7dB6Etft0Ho61XpILDX7NB6OtHX7NB6OtVySCx1+zQejrS1+3QejrVckgse6DdB6OtHugzQejrVakgkWyuHkEZIELggigZW708C+udhb4uazeUvbyrU9v9V8ldmK+m9j1pDbnsLN2tXawei2Pefd6UH0CFIusfTs9b3HLiApN1j6Znre65BowEUgE6FQ1JOhKEDUoToQhQAK1VWrRB5d1TPDFt86PhU1mFqNUvwvbPOj4bFmUDUoRSKAJIoIEgjCUIAhCKSBqlXW+k2vSdWANNtRhqgtxA0w4YgWxthE5N1RyEIQaoWq56suq0zQIOFrGNeMTRh28UmhgmX5InajSmsbcmQlzxJBLYr7XaGWkhpkB0ZsuTPCy0JQg0obcoiTUflAP/lbtTUYHOMNyEMNQgCZAAO2Kh36bvLMVmJxktkYXsEBpDtrgDQMjTIMkl2SMqpYQhA2EoToShA2Ek6EAEASToSIQNhKE6EYQMhFGEkDSFquxe1Oq6xo/8bM45NLnWl1Rx5OEeqsuVsdTuxFz21DmpYyOElwA/mn0IPqraysLndNZvkxH+UqiYVedjLJqk71vSSOoqjTBFIBOQNSTkIQBJc30iTOJwyRAiM2fNn6kztB+sf8Ay9SDsrNVjREDPuTpVmoM7a+w276tV1apZKNSpUOJ9RzZc46SfQFz/Ii7vE6HJWmSQZk9g92+J0OQEw9gV2H9is/IC1KSDKbH91eI2fkBDY+urxGz8haxJBk9j66/ErPyUfyAuvxKhyVq0kGU/IC6/EqHJR/IK7PE6HJWqSQZF2p5dRz2Gz8lDY5unxGz8la9JBj9ji6fEaHJPWgdTa6fEqHEetbFJBjdja6fEqPEetDY1unxKjxFbNJBjdja6fEqHJROptdPiVDiWxSQYzY0ujxKjxHrS2NLo8So8R61s0kGNGprdI/YqPpBPtR2Nrp8So8lbFJBizqaXT4nS6etLYzunxOl09a2iSDF7Gd0+J0ulA6mV0+J0ulbVJBitjK6fE6X83WuQ7AxScRZW0qNMxDJcIjPuHdJPpW6SQYodiNo39Pjd91WdyXFVoF5c9rsQaABOSJkyeEcS0SSCGaL9E+kIdrfvekdampIIfa36PZ1pdpfo9imJIIfaHJa3d5FMSQQ9bO8imJJIP/Z\"]', '2026-04-01 07:33:46', '2026-04-01 07:33:46', 0, 0),
(24, 'Máy đánh trứng cầm tay', 'Máy đánh trứng đa năng, 5 tốc độ', 550000.00, 'bep', 'Philips', 90, '[\"data:image/jpeg;base64,/9j/4AAQSkZJRgABAQAAAQABAAD/2wCEAAkGBxATEBUSEhAWFRATGBUWFRcYFRcTFxgXFhYWFhUVFhYYHSggGRolGxUWITEiMSorLi4uFx8zODMsNygxLisBCgoKBwcHDgcPDisZFRkrKysrKysrKysrKysrKysrKysrKysrKysrKysrKysrKysrKysrKysrKysrKysrKysrK//AABEIAOEA4QMBIgACEQEDEQH/xAAcAAEAAQUBAQAAAAAAAAAAAAAABQIDBAYHCAH/xABAEAABAwIDBQUFBgQFBQEAAAABAAIDBBESITEFBkFRYQcTIjJxFCNCUoFicpGhsfBDgsHRM1OissIIJJLh8RX/xAAUAQEAAAAAAAAAAAAAAAAAAAAA/8QAFBEBAAAAAAAAAAAAAAAAAAAAAP/aAAwDAQACEQMRAD8A4aiIgIiICIiAiIgIiICIiAiIgIiICIr1PSSSf4cbn21wtLretkFlFflpJGmzmEHlZWbIPiIiAiIgIiICIiAiIgIiICIiAiIgIiICIiAiIgIiICrhic9waxpc9xsGtBJJ5ADUqc3U3Sqq99oWWjBs+R3kb0+063AfWwzXeNztxqWhaCxuOcjxSuALjzDflb0H1JQc/wBzOyVz7S15LW6iFp8R++4aegz6hdXg2THHGI4WMjY3RrW2H5EfipMNWNtCfA3Lzuyb05u9B/YcUGhb2bGjmaQ5oEgdhaRY3IPiseI/PVTG6G6QpnB7dXjCbgXzzyOo8ueedvS1zZtN304Nvdx5N43PNbnSx8eAyH9T/T6dUGmb5dnVLXROIY2KrAOCVow3dylA8zTa19Rw5HzjtGhlglfDMwsljJa9p1BH6jroV7IIXnbtz2rSTV7WwAGaFpjnkB8LnA+FnUs8QJ62+FBzdERAREQEREBERAREQEREBERAREQEREBEWTs+hlnkbFDGXyONg0C59TyHM6BBjLpu4nZbJPaatBjhyLYs2vd9/iwdNfu6nb9wOzSKlwz1FpKnIjiyP7l9Xfa/C2p6M1ttEGNQUEULGxxsaxjRYNaAAB6BZS+r4g+PcACSbAarW9pzue7CPM/K3yt5evP/ANKR2pV2HQafad/YfvRfNi0NryvF3H8c9AEGbsqhEbA0anMnkOJ9ToPqeClgOA0VETLa6nX+w6BXEBcy3l7JKep2h7SH93TyDFLGwWLpL5lp0aHZE5a355dNQoPO3a9uPT0HczU3hilux0bnFxD2i+JpdmWka8iOuXNl07tt3aq4qn2t8z56aU4Wlx/wTqIrAABtrkEAXsb55nmKAiIgIiICIiAiIgIiICIiAiIgIi2bcrc6evlyuynafHJb/Sz5nfkNTwuGBuzu7UVs3dQt0sXvPlYDxcf0GpXoTcvcynoIrMGKV3nkIGJx/o3kP1OayNkbOotnxRwNMcWM4WBzg0yPtnmfM45ddByCopt5yyVtPXQGmme4MjeCZKeVxvZsc1hhcbeVwB05oNjC+r4vqAsWtqLAi/qeQ5equTy2GWv6dSoggyvwt8oOZ5lB9oaYyvxHJg05WC2KBmh4Dyj/AJEcz+Q9SFZpqcAYR5R5vtEfD6A68zlwIOWgqX1fEQfURCUGDtvZcdTTyU8rQ5krS0hwuAfhda4zBsRmDcBeS9vbHmpKiSnnbaWM2PEEatc08WkWI9V7Buuf9r25Ht1P38Lf+8gBw2GckYuXRdSMy3rcfEg83IiICIiAiIgIiICIiAiIgIiINv7P9zHV0uKQltM02cRkXkZljeWRFzwuOJC70WR0VN7qme+OLCO7haHPDeJDSRite9sydc1rWw6cUU0EOkHcsY02y7xj3OmJ+04PD+uA8lPbX3dL5faqSc09YQ0F3nima3ysnj0cLXAcPEL8bBBCzVT54nysDNrbLlJLog1raiG+eFgyD7Z2acMguLHitg2bs91HBJgfUVDAA6KB7mPewC57tj3WJ5DE42wgDje1Sw08MrJ52wQbRqW927BI4MkeCDYA2D3eXMjFnYE8de2lUB87G1uPZ20mgsp6uNxdTy3zwYnWa4XFzE+x0zzsgzIdqVE8jqjZ9Tje0Dv9n1IETmEACzTbFC/I64mEk5raaGte+Fr3wuhkcM4nlpc0g2zLSRbjfkRkDkomi2U57mT10EDq2BxEU0Jc0vaAQHOGRAs43YS4XuVlbQrLeEG7z+7IKauYuOBuZOpUrQUmAYR5viPFt+APzH8h9FjbLoy3M/4hz54QfiPXkFLxtAFh++ZJ4lBU0ACwFgNF9XxfUH0L6qVTUTsjY6R7g1jGlzidA1ou4noAEEFvtvhTbNg7yU4pH3EUTSMTyNfRouLu4X4kgHXtzO0OPaAcMPdzszdGTfw/Mw/EOB5H1C4bvpvHJX1klS+4aThib8kTScDfXO56kqO2TtKWnmZNE60jDccjzaRxBGRQesaerUjG+4Wi7q7wR1cDZozrk9t7ljxq0/vMELa6SdBxbtt3I7iU18DfcTO980DKOU/Hlo1/5O+8AuUr2TW0kc8T4pWh8UjS17ToQdf/AKvLG/W60mzqx0DrmM+KF5+OM6HL4hoRzHIhBrqIiAiIgIiICIiAiIgIiIPS8Mkc8LXHxMka14+oDmuBGhz1V2krZafJwMsHMeZvqP2Pu5k8q7O992RNbS1LrMBtFIdG3PkeeDbnJ3DjlmOrxyoJGqhpK2ExSNZNE7Vp1HUcWnk4fQrB2bsN8QfBNOKujOEwxTxiSRhBvhdIcntBAIJbcZZ5Z1NgicbmNpP3QsuWobHGSAAAPRBTtKvwDW7z+7BUbHoiSJHi7zm0HQD53dOQ4+gJEHuzIauZ0vmjabNv5SeZ5gcuPQZreoowBzJzJOpPM/vKwAyQVRssOfEk6k8yqpJA0XOn4k8AAOJJyWNT1eJxbawztnmbGxJHDO9uOR0srU1zOGvHusDsJ+1le/Jwbit0uedgu0lTITaWPBc+A3BB5NNjk79VmKBgp5Xw+8eXPfYRgm2HMHGets76gdSpyMEAAm5AAJOp65IK1onbdtV0GyXtabOqHshuPlOJ7/oWsLf5lvYXOO3uhkk2ax7Glwhma99s7MLJGl3oCW/ig87oiINi3J3mfQ1AdmYH2bK3m3g4fabckc8xxXofZta17WvY4OY4BzXDMEHMELysui9lW9vdPFHM73Tz7ok+V5Pk+64/n6oPQNLMoDtF3RZtGjMdgKiO74Hng62bCfldYA/Q8FmUc6mIZLhB44qIHMe5j2lr2Etc05EOabEEcwQra7V26bm3H/6UDc8m1LRy0ZN+jT/KeZXFUBERAREQEREBERAREQF0Psw3nm7+OikcHQyYhGXOwmMhrnNa1x1BIwhp4uFrLniIPT5jkblcfUFp/UrHq9micYZ3kx8WNuxrujiDcjpkoPd3bndQRxV1RcvjZJFJIBHK2F1g01GI2xd4MI1JFjn4i3bJGdfQ8EGZQtYxoYxoaxos1rQAAOgCkYpFBxSLOhmQZNTSgkPbk8crAkcbXBztly05Aj5FI2RpjlGfEaXFxYjjfxN5HMG2YV6ORWauluQ9vnBvlxytkOeQ9bWN9EFyho+7uS9z3n4nEk24Nz/d1mKzA5xaC4AOsLgG4v8AVXQgqCpqoQ9pa4XBFjxX0KsIPPfaf2cOpi6qpW3pszIwZ93zc37H+3005kvZk0QIIIuDwXCe0/szMJdVUbLw5ukiA8nEuYPl6cOGWgcpREQdz7M96XVUBbJnNBha53zNN8Dj9rwkH0vxXRqOpXJOzLZjoKYueLPnIdbiGgWZf8SfqF0SilKDZ54WSxuY9odG9pa5pzDmuFnA9CCvKu/O7jqCukpzcsHiicfijdfAfXUHq0r1NQSXauZf9QezozRwVGQlZL3QPNkjHuI62MYP1PNBwdERAREQEREBERAREQFv3Z/us0htbUtBjGIwRvOFjzHYvnmPw00dwXHibNFyQ10buNusKl/fTNd7Kxwbhbk+eU5tp4r2zIBLnZBrQSSALjP3/wB68eKlgLcAwtmfHkx3d37unhyH/bx3NshicXOsLoMLe/fB88rmQSO9nu7E4ixqHOAa+WVulrABrNGNa0C1lNdmW9lU0ilcO+gFsIxASRgm12Bx8TBqR8Iz0C51FE5zg1rS5ziA0AXJJNgABqSV1nZexqfZlHI+pPjcMFS5p8Ti4XGz6cjQkWMsg8oyGebA6JSyteMTHBzbkXBuLtJBF/UFZTHELhFP2i1TKoVDWAAtaySLE8xvYwkMADicDg2wuOIJtmb9b3d3wo65vuXFswF3ROsHjmR8zeo6Xsg2iCVZsUiho3rMhlQSgKqWNHIr4KCsFVAqhLoLqtyxgjovoKrQcQ7TezG2KqoWc3SQgfi6ID/b+HJazuduWXObNUts0ZtjOp5F44D7P48l6QljuoSq2OzEXBoudcgg1+jp8/0UnDFYq+KOxV+OLNBIbNGRXHf+oTbF5aekacmNMzx1f4WD1Aa4/wA67NEWsYXOIDWglxOgAFyT9F5R3u20ayunqTpK8lo5MHhjHqGBoQQ6IiAiIgIiICIsmegmYLvie0WvdzHNyuBfMaXI/EIMZTu6e7xq5TicY6aIB08licLSbBrQPNI4+FrRck8CrGxd36ipmZE1hbjGPG8FrGxDzSlxywDn9FvO3dsRbPpmQUuTrYoQR4iXCxrph87hlEw+VviOZAaFjfTeMU7PY6Zoic1hjLWkH2eJ1i6LEPNO/WV/8oJsXHm6+vcSSSbk5knMknUldD3A3aEbW1tQ1uMhz6Zknka1lsdZOP8AJZcWGWJ1gLXBQSO5u77aGI1dS4RVGAPc5wBNJC+4a4NIzqpPKxh0zJBthOjb2bwurJQQ0sp4gWQR3LsDb3JcTm6Rx8TnG5JOZKzN9d5/an91E53szHF+J3nmlOTqiW3xECwGjWgNAAFlq6ArtNUPjeHxvLHtN2uaSCDzBCtIg7HuR2kMmwwVhDJtGy5NY88ncGOP4HpoejxvsvKq3/cbtEfTYYKomSn0a/V8Y/5MHLUcOSDu8MqzY5FBUNYyRjZI3h8bhdrmm4I6FSEMqCUDlUsWORX2uQXAvoKpuiC5dW3sX0FfUGM+FfI4QFkEKlzgASSAACSTkABmSSg59217xezbP9nYbTVd2dRELGU/W4Z/OeS87LZe0PeU19fJMCe5b7uEco2k2NuBcSXfzW4LWkBERAREQFJbK2X3gMsru7pmGzn8XHXu4xxdmPQEX1ANWyNmB4dNKSyljPjcPM52oijvq45Z6NBub5B1rau03TEANDIWZRxt8rG/1PEnUkknVBmneEx+GljbA3TFYOlcPtPPPLLQcFk7myOnro2Szyhjy7Fa7r5G4cODdbm2Q5aiApKZ8j2xxtxPcbAf3JyAAzJ0AC3+n2RHRRAznDBcCpcL95M7UUzbjwRZeIec2uWgWsG81jo5iAx3d09OLG7AWvYQbB19Wh0bCG6OBBN1w3a9QZKiR7pTKXPce8cLF+fmtw9FtFZviJCWWmdG+TGWtc2Mg5BrYyGnwiwsCOGZzK2eu3KpHQe1TtlZI4x3aBd7rO957uK/jLb3I4tLrC5QaruLuwJSKmeMupw7DFHexqZRc920nSNtiXv0AB62u7971GUup4pA9pLe/laMLZXM8kcQ+GnjuQ1vE3cbk3Mjv7t10A9mjbge6MNu0ObHFTmxbBTkgYg7Jz5PiNhoABzhAREQEREBERBsW6G99RQv8PjgcfHETkftNPwu68eN13XdzeCCriEsL7j4mnJzD8rxwP5HhdeaFn7F2xPSyiWB5a4ajVrhxa4cR+9UHqeKVZcci0HcrfaCtbh8lQ0XdGT/AKmH4m/mOPM7nDKgkmuVd1ixyK8HILl19uqEugrXMO2/ezuKYUUTvfVI95bVsOhHq83HoHcwt927teKlp5KiY2jiaSeZOjWt+0TYD1XlbeHbEtXUyVMp8cjr24NGjWDoAAPogjkREBERAUhsbZvfOJc7BBGMUr/lbwA5uNrAep0BVjZ9E+aQRstc6k5BoGZc48AAs7bNezCKeDKnj1PGV/xSO/DIcgNckFrbO1O+LWsbgp4xhijHAc3c3HMk9So9jCSAAS4kAAC5JOgA4lUrcthbOdTYHYQdoTj3DD/BYRczSfKcNz0APE3YEjsWgFG0tu32stxVEmraaO98IPGXLTmOTcQ1XeTbhqHhrQW08VxE29z1e7m46n9k3dv7SGH2aJ5dGHF0smhmk4uP2RoBoLDXU4+yNnsLTUT5U7Da2hlfqI2/1PLle4DK2Hs9rAyomaXOc4CmhBwmWS4DST8LAbZ8f16CzbLO/fW1M7mw0lqeHD5ZJcIfIGgcfCQ4EWIsL8Fq1DBK6QSus2rmb7pthhpqfQzOGQHhNmjIZ6EmwhN69rMldHDBf2SmaWRX1eSbyzO+09wvwyDcggz98a81rG1jXnCwiJ8Rt7om5aWkascAeoOXEW1NTcbi3ZrrfHUNB6gRl36qEQEREBERAREQEREF2mnfG8PY4te03a4GxB5ghdj3C7Rmz4YKpwZUZBr8mtkPC/Brzy0PC2i4uiD1nDMsyORcD3M7TJIAIqoOliFg14zkaORv5x+Y66LqWyt9tnSgFtZEL8HuEbv/ABfYoNwDlVda5U73bPiF5K2AWzsJWud9GtJJ/Bcy7Qu1Rs8TqahxBj/DJMRhLm8Wxt1APEmx1FkEX2ub6isn9ngfekgOo0kkzBffi0DJv1PEW54iICIiAiIgm6NuCglkZ53yNifzbHhxj6OcLH7oUIpbd+oZifDIbRVDe7cczhdcOjebZkB4BtxFwruyNi3qHtqQWRU4Lp+dhoxpF7l3Ai+VyL2QZOwaBkUYrJ24s7U0NrmWS9g4jiwEfUg6gEG9tvaD4A9jnYq6ozqH3v3bTmIWn8CTz52DlkbQ2ngtVvAEz22o4bWbDFbCJS3QZAYRyseRGtbPo31EtsWt3SPcbhrfie4n1+pKCvZGzxKS57sEEYxSP5Dg1vNx0AU9T4ZCyZ8PuWnu6OmA/wAR99SDq0HzE3ubg3zvYBie3IFmzqc5nR00mWXVzsvQW0yCyNpbQdA3vHtDayRuGNnCmhtYNA4PIy6DI2zagsbw7SMYfC2THPIb1Uo4n/JYfkbp1zvrYa7R0r5ZGxsbd7jYD9SeQAzJ4AFWwC48S4n1JJ/UrYag+xRGJpHtkoHeuH8Jhz7pp+Y6k+ltLuDF3hqGDu6aI4o6cFpdpjkcbyO9L6fXMhQyIgIiICIiAiIgIiICIiAiIgIiICIiAiIgIiIC3XYO1GyUspqGh5gERJLcWNodaLvWixkaxx0vmCBotKUlu/tIQTYntxwva6OVmhdG8WcAeB4jqAgu1FJU1M9wTO+RwaHNzuTkBb4R62U5VbK7phgxCOmab1E5IvK5urY23u5ozA4fj4sV2zTRtlqGPxMcA2lmafNjJub6ska0WLep1BBWDsiga5pqakn2aLIC5vI/hEzjbmRoOIvcBLGqYxjKl7A2JlxRQHiR/Gfzsc+pN7/PqdTUPkeXvcXPcbklX9rbRfPKZHZaBrRkGtHla0DIAKQ2VSRxRiqqGhwz7iI/xHD4nD/LH4E89CF2jY2jjE7xeqkF4GH+G0/xnDny/vm2AkeXEucbuJJJOpJzJKu11W+WR0kjrvcbk/09FYQEREBERAREQEREBERAREQEREBERAREQEREBERAREQTGxdvvgY+Ixslhk8zHgkHTPI65DPUEXFlmbU2nS1WHG6WnwNDWsa1skLQBoxowltznfPVa2iCWgjo47ue8z28rGh0YP33OFwPTPqsPaNc+Z+N9tAGgZNa0eVrRwA5LFRAREQEREBERAREQEREBERAREQEREBERAREQEREBERAREQEREBERAREQEREBERAREQEREBERAREQEREBERAREQEREBERB//2Q==\"]', '2026-04-01 07:33:46', '2026-04-01 07:33:46', 0, 0),
(25, 'Bộ nồi inox 3 món', 'Bộ nồi inox cao cấp, bền đẹp', 1250000.00, 'bep', 'Sunhouse', 70, '\"[\\\"data:image/jpeg;base64,/9j/4AAQSkZJRgABAQAAAQABAAD/2wCEAAkGBxMTEhMTEhMWFRMXGBcXGBIVGBcZFRcaFRYXGhcXGRYYHSghGBolHhgXITEhJykrLi4vFyAzODUsNygtLisBCgoKDg0OFRAPFS0dHR0tKystLS0tLS0tKy0tLS0tLS0tLS0tLS0tLS0tLS0tKy0tLS0tLS03LS0tLS03LS0tLf/AABEIAOEA4QMBIgACEQEDEQH/xAAcAAEAAgMBAQEAAAAAAAAAAAAABQYDBAcBAgj/xABCEAACAQIEAwUFAwkIAgMAAAABAgADEQQSITEFQVEGEyJhcTJCgZGhB1KxFCMkYnKCksHwFTNDU3Oy0eGDkzRE0v/EABYBAQEBAAAAAAAAAAAAAAAAAAABAv/EABgRAQEBAQEAAAAAAAAAAAAAAAABEUEx/9oADAMBAAIRAxEAPwDuMREBERAREQEREBERAREQEREBERAREQEREBERAREQEREBERAREQEREBERAREQEREBERAREQEREBERAREQEREBERAREQEREBERAREQEREBERAREQEREBERAREQEREBERAREQEREBERAREQEREBERAREQEREBETwmB7Eiq3aCiGKUyazjQrSGax/WYeFfiRNerxSufdp0R+u2eoP3E0P8UCdiUvF4qq/wD92r/4KdKmPS9RXM0iGvrWxDftV3H0p5R9IXHQYlIp45EF3NRf1u8qN9LzZpccpn2a7j1IH+8mBbolcXi72utWm4/XBA+NTQfQzA/bRaX/AMmhURf86narRv0LLqnqwA62hFqiV/AcTxOIXvKAw4ok+By7OXFv1AAuvPW1tjvM/wDbndsFxSdySQA5OaixJAAFWwAJJAAYKSdgYMTMTxWvtPYCIiAiIgIiICIiAiIgIiICIiAiJocb4j3FIsq56hISnT5u7eyvpzJ5AEwNfj3H0w+VArVcRU/u8PT9trczyRBzY6ep0lM4jXeoc2OrZ+YwlFiuHW3JiPFiD1JITTTpMfEceKHeAMKmIqC9ev8AeN7ZF+7SXYLzsSdPbr2KxRdrjX+rXJhV94NiFqU2t+bpoBZEAVB8vw+sqvHcWe8bK7ZNst/D19frPvhVapUphc35sX0GgPy39TIvj9XKwUdL/MydEv2Z4ga9ZsMq2KoHViSMwGUMLW3BbcfTns4zi1Oni1wThhWYXvl/NgZc2r+nQH8ZVON42jXHD8NSZlfvqWbLo6cqjgkWvqTfUEXHPTP294TRw/EcFVZj3bh0c0lAZbXytYkjNrv5bQrd4lxGo+Jq0aJSrRpUwWqUyGs7E3BIJubA6Dbc20kamKIYT7wOMo4KpVyBitVs9NWYGoxIFzew8JOt9hew5CRlWp4r+fLb4eUqVaG4xankYZeYZbbjqP5j/qaFHjDobhj6/wBfznlMB0sZF4end2psbNewbl5Ajz6wLfwKuveF8K60MQSM1PbD4i9hZ0GiOdAHFtbA2uL3/hnE6eJpPnXKVulalUtZSB4la+hWx+U4WKrIx3DLf4W0IPXS4tzBl+4JWXFrRLMy52FGpkazNk8VO5PSzpfc2DAggEBbezeLR2rJRVu4pZVVybqzHMSqX1yqCoHqLaASZrVlQEsQABck7ADck8hNTEvTw1HwhadNbDWwRQTqxPTUkkzXwXDzUPe4g5ze6Uv8OmAdCR79Ta7HbZQNbhgrdrcOp1FbJv3wo1TR/wDblyn1BtMmM7VYOllzV1zMLrTFzUP/AIx4h8RKz2q7R1auanhqhoYdSVfFLbvarL7SYe+igbGoduVt5TsLiEoXXDoFvqWuTUY9XqnxMfO49IHTz2mLC6UGC8nrEU1PzuR8RNXE8frgXvRXoAGqX+IIErdDHJSpd5UYPUdfDTWxOuzMRsfrKymPrkVXo087qM1uW97edxfQam2l5B0JePYjm6/BAB8iSfrMi9pK43FNvIhlPzBP4Ss8S4pSo4anijVSpTfKLUiHKsyk5Ty0sdyDptPrH47u8N+UWBDAZEJIZi3srqNTrsLk8rwq8Yfj5KhmpHLzZDdR/FY38pvYTi1GocquA2+RvC38J1nKuC8Wa573Mp0uNsh5ge8nnryklxzGqAA4D021DEfAkEa5vMkmEx1GJy7gPHcRhyO7dsRh+eHqHNWQDW9GqdWsPcbW33ROjcK4lTxFNatJsyn4EEbqwOoIOhBlRtxEQEREBK32rrZXRr2yUqzKejsaVNXHmA7fOWSQHbDC5qWfkoZWPRXt4j5BgpPkL8oHIjiM+c7ZsvwFzYDyAAHoJu8WrrSw9Kkvt1QKlRuYU606f8NifUSIemaYrK2jIMpHPUkA/KoJr8QxLN4mOt/w0sPLp5Qq/wDAQO5S3QSv9p6N3v5Wm/2cxv5sSN7QV8zW5TE9avir8TwlUlKlJ2TLoWQlWHmGFjbr8JBdpeJYgtSFSrWcLsHq1HBtbXxMdZc6tVQjAEXtK/WB5iaZSHAuDrXtUIs1wxYC1yLEevrJPG4Yo2o06zH2dxgQEMd+lzNniPFFe6jwgXGYqST59ANvP0gbdCqFW5IAtuZC4ytlr5h5TNhwvXN5n/uR+KS9Ua84XiQ4s13B6jf9ka/HL+APOWr7OVNqV96lcFR5U1LMfT2x626yu8VoLlV3OVFysXtc6EeEL7xYEi3MgXsASLb9lTirXeoVyinSyUqd792hYXBPvObAs3M+QEJjpWMwqVUanUAZGBVlOxB3EpuK4fiMIhopWLYep4FYn87SzsqgA7EAMbNv4QCDq0vEgO2hK4fveVJ1drclBszW5hb5v3ZSOTce4jnqGmgC00ARFGihV0UDoANfUnoLa74R07q+jVbFE55WOjN0B5D/AInvE8L3dSpfVWqDKRzSpdgQefhzLPtMYauMV23uDbkALZVHQAAAekCa4ngBRoE7tl3kVwPtBSw1Gp3wNibqw11tbKegsND63tpJntHxNGSxBXkAwtfz9NRv16ggVN+GCqmvW4HLmNfnIrb47wZV4GHs61mcVCtwUbPVv926nKRoptcGSHEezlBaWHxdGpU/NAVL1ii0wpXUeEBQfMk9JzjtOrqRTp5gvMJca+dt5I4HhDYmkucm6aBiSSB0F5UXCnxEV3LhbAhRruSBufoPQCYuJ1XUBL+C9xfleYOGCxtsZk7QVB3ZHlIrFRxr026ai4N/687jUbix1lx7M8ayOMQhsrFVxCciDoK1hoHU2DWtdbHoBQnr56VMn2wcl/vA6r8iLfGSPZKqS2IXde6N+ni0t8bL8oR32Jjw6kIoO4Av621mSVCIiBEcY7SYfDNkqNd7Ke7XV7MWCm3O5R9Bqcp6SFParE1CxTAVe4AJ71gwLDypuEIFvMnykpjatTDP3jKauH1vUAzVqAOuqgXqUfMeJdLhhcpM0qquoKkEEXBBuCDsQeYkVxRaC4gVct1yuUHeFdFUq4QsLDKDYAtbS5uLrTkBxnB1KFJRXQoRpmIIUnyLAb79ddp0D+wqmGxOJL5clWoKiZSSQMiqbi2nsyWwdHQoGKhgQUFiuvPu2BW9ze9rnmYVzzsriL078tsx0GvIc2PkATpJTHdmcTWcBaLKCLl6hCKB5re6/HX9WW3gXCaI8dClSDrmTvEApMNfaWnlamGIsSVC77cppca7NVqwIOKxdMea0XX+GiV+ogqv4rs3g8JTZq+Iz1AP7qla9+l35eZWc7xOLYk+JFF9BcXH8Il14j9nahCfyqoW+8+Gr/gLyr1uxTLe+JzeS4XG6/EUWAhG92P47So1w2JvVp2IyqWFr87W19Lj4zoi8W4JiBZh3RPvMCD89ZzPC8CWkFdWrOTbTu1Ua/6rofpJxajFTcUlsRqtIO1vMVDlB87NLpi1YrsphGR3w2LRlAuRmVsvwH8rSk/2RZnqNVDhL2WkTkJ01aswso1vlUOSNtZKYB1dSHzPbUCo2ZR6IAEt5ZZkxbZqL89PlbkPLykXFO4hXeohqmoT4soAFlUfqg6+hNjz3JnTfsZ9qp/pj/dOYFf0dx0YfjOn/Ywdan+mP90FdUmHGKDTcEXBVgQdjoZmmLFew/7J/CVl+dqfEFT8zWJNNNabbvSB9pbe/S+q+lhNmgv6ShUFlYEqyi4cD7p525jccwJB4jXE/wBectP2eYc1BWogqqZswVlD07rsTTbS/Qrl87yNMfaPFl8qJYnoPEfLUaH4Ez3CdmOIEDJSYA23FunJgAdBbeXV+N4iiMxw9J8oIFWllOToBSYodfJpXOOds8URY1VpZtkanVp1D8LED+IwigY2oC5uwvc33Go32Bkxw7vVos9Ed4gNmYK9gbXsSdL2tIKpwrEG7DDuRf2wrZdfOXnsFxjH4NDSTBs1NmLkGwNyACRmtyAG8oi8LimchioB52NyPUb285q8exN10M6Zj6OExA7zEYT8mqb94WpAX8yrgk+dvnKbxTsitRsxrs6kjKKSgO/Ve/cimSN9idDvyi8QQw79xTAGZma6gcypDfgGll7L0TRqolOn39Zm7xqYJAbKCaa5gpsmma59rXkRfdXh4RQi+FQLblmOx1YgBfOwuNwRJ7sHwSp+V1MUVApd2EVri5YFi2m+9RjfnAnMN2yCj9Lw9bDNzzI7Uh5irlAIljweKSqivTYMrAEMOYIuD8iDI/inEDpTpDPUa4VQbXtuxaxyUxcXbzAALFQdrheDNJLM2dyczNawJNhZVucqgAAC50GpJuTUbkREITTx2BLUytJzRe3hqIAcp65D4W9CJuRAp3F+HVERTXrNXqajMF7tCB1RTvr15SGp9m8PUZXqLmI2bRSAdwCoB287y6dpKd6QPQ/j/Qlfw5kajV7D4c4epjcNfw06wdLm5yVUVhf94NLaWkdhaa5mqADO9szW1bLooJ6C5sPM9TN28DWxq3BEreJwo1llrmQ2IO8Co4rC5VI6H+f/AHI+tTtnHof6+UtWOoggny/ASt8TWz+qj6GRpA8NxmVmBMmcHUzUn+MqZbK59ZO8JrkB0VTUe9yqkAINdalRvDT9NT1ABvKiJNKyVl87/UToX2TVVo941Y92pRQrP4QxzbLf2j5CVuhQqXuL2IOtACmPUYmrd3H+kjrJrs9g0VO8AHeOWDvneoTlcrbO4U8gSAqi522MDqB47h/80fI/8TDieP4bKR3ygkEDNdbkjQAkanylLImN6d7gi4OhB1BHQjmJUxzXFYR0rXdGS+2dSt9Dtcay3/Z4ndio3k34TylhsjOtHRc1rJVqIRoNw4qU39D3Y/GSmCwzInhCZmB/NELRqWtrlysaVS36ht5yCKxnFfAwv1+kicY4qUUUgEGoDYgfdbeR2Oq2zgG+UkMCCGW+wZTqpPyNjYm02cCb92Ohv9LfzhUhwzs5hzY9ygOuoUA/NZaOG8GoD/CU/tDN/uvNPAaKJNYIwjfwmEp0x4KaJ+yqr+Er3aYNVxGHpK5Swq1mcbjuwoHzzWlmVtJE47DKX7wjxBSt78iytt6qJRF06OTe7jzerm/iZ2Ufwy5cCwFYpSKVQmGIJNIqGqMSf8wWyrvyJOmolQqk8tTyHWdQ4fh+7pU0+6qr8QBeEr3DYREuVGptduZtsLnkLnTzPUzPEQhERAREQMWJoh1ZTsRb/uU96LU3KNuOfUcj6S6zT4jw9ao10YbN09eo8oWITDtNkNMJommctQW6N7p9DMoEjT5qnSQmJ3k1VkLjDrA0a7Sv8Yp+yfK02amPNSrVpIzKUIXN3bFfYzOwcjIWBITJfTxGxtp94zD6A3PpoQfgwP0tIqh4+hlZjcrzLjdEzWGUc6jN4V6WY75TMmBx3d0r4dQVBCqhsUDHW+1mIHiLG+62tcTf7UcLdr00OXMzeLmbHukIHXKHB8yDymPE0UpUqSUx4LtY9dgCfPKFHogiJV47P4D9HSpVY1KjKGYkki7C/PU9Nek1+GV6KVGbEFkpNdVqi6orFhlBOoO5scpA123mzwvE/o6jooE0eH4E18ZR/KatNcPS8a0zoHcGyqb6WG++trW1MQrX7Y9ofyKqKaoKoYXzE5bakW8Oa/032mfF8Vp9yrd5ao+iUxa5PoCdupYDqJG/bhwfD0vyRqNILmL+FS2SwyeyobKm52H4Sz4fg2AqYKl3dJKRrIrgsxasSqk+0xzOV8XW2u00mq/gqZpsVIOwOo3vvrc31vrI/tZUqALkfwG4ekRdX0uN9j0PKTtThVWmoZm7y3lYhb6eptvKv2oxQsBIcQlNapqCnUY94Lik7eIBWtZKoHt0m8IJvdSQdBJ/AYe2ViCu47uzPUVlsHTIilmsbeK1iGU6ZrTVxhKik/JkVtdjrkYHyIOvlLF32aklS5s+W9zuV7xcx6swVSfQQr3EY9KABqNYWBNgSVHMspAbTcgAkC5IABMn+HVQyqykMpAIYG4IOoII3Er9CtlINr5SGA6lSCPqBLZxqoiOrLbK45eXP4gj5QjcprpI3HNPaePdvCiMzdACT8pM8K7NMxD4m1uVEG/8ZH4D58pRq9k+Dl3Fdx4FN0B95h73oPx9JdZ4otoNB0nsMkREBERAREQERED5qUwwswBHQzQqcJX3CV8txJGIEFW4bWHslW+Nv5SHxnCsUTpSv6Ov/MusQuqLicNUrIlGkoNRCc6lgApQZG15+K+0+8N2KquPz9YIPu0hc/Fn0+kncdwtkd8RhtaxuzUj7NXwgZb+4TlXXa+/URLdvAg/SMDjqR5/o7VF+D07qfnIapnanB9zVUtqEJBPW5BU+hIbXzEqvH3CUqI6BR8bCX7tHxfC4wZ6Ze1rVkamwdRpZxfQsumZL5yAltQobmH2g8HxNN6VQgPhSBkxFM5qbG+xIHhOmxH10hV74VWy0AQLkLqfdW2922FucpeI4/Vq1CilXtc/mznuLXNsu+mvoLy4YCvh+7VTS/K6gGisAMNT00C0yLEj7xF9TlKjwjQ7XYuvSwxAyUQQyrSoUlC2a2cFrXsefW0SFrmfFMOneEIxTUhksRla5upF9Dp9JMdlz3TZqGVq2U3FmzWuL6g26fMSrV8UxJudbm5k12XxTCqLEgnmoBNr3NwwII8pUX3hPbKs9lbKSf8ADvaofRWtm018N5Cdo6ys4OwvqDyv5dJ0cGvUoq1fDUcbRK2uUFOsFAtbmG9LTnP2giiy/ozPcWJpVQ3e07m2QOb94Nha5O2thlEVNdoKCjBUKg9zw/BlY/iBLZ9nXBVqqqYimrrTpgsjgEBnJtvzF6guOkq/B6FWngKbY5DTCXqBD/eOtMXBy+6BuWO2m5IBuHZzB8TNP9HNDD03yuXqIXqliBoUvbJkyBdVbS5uSSRVobsXgN/ydB6FlH0MiuzPDkrVa+ZA+Hp5UolrkNa4uOoAC6ne9+YJ2sN2WxDMGxeOqVx/kqqU6B01BQAsy+TMR1Blpp0wosJU180MOiDKiqo6KAB8hMkRCEREBERAREQEREBERAREQEREBERArnbzhyVcHXzICwpvY21BynY7jS4+J6yH7PoKmHp2sA6KWFgUa6j20OjcvPS1xLVx+kWoPbpqOo2YHysTIHhQAAAAAAAAAsABsAOQhY1RwVKQ8NLKOtLxL692SGBP3VzASA7UcMaqoCPSvySo/d1D+5UAM6CNpH8SohkKsAw+6wBHyMmK4Fj+wGNzErh3YE3GQFufVZN9keymJw9YVatEooVh4yqatp75HK8utfs7hCT+iYf/ANNL/wDMyYLgeGRgyYagrD3lpUww+IW8qJ7AcUUU1VbNpoUvUX4mndR8WE02wCl++7pUqcqjBWqrfcKBdEPMNd+hm/RnuIOkmKp/a2kXoV1F2Z0Zd7sxYEak+p9BoLCdT4bSypa1hpb0CgD6Cc9qYc1aqUx7zAfC+p+AufhOmgSpSIiEIiICIiAiIgIiICIiAiIgIiICIiAiIgeEX0Mr7YHu3I90+yf5eolhnxVphhYjSBEiamM2Mkq2EZdvEPr8ucjsTrcfQwqEqzymusz1KBvPqlQMK2KI0nmL0Uz6pvrlQFm6D+tJJ4PgxJDV7G21Mez+8fe9NvWEanZbhRBNdxqRZAeh3b48vL1lliIQiIgIiICIiAiIgIiICIiAiIgIiICIiAiIgIiICfFSkrCzAH1E+4gR78Gonkw9KlQD5Bp4nBKA90t+07sPkzESRiB8UqKqLKoUdAAB9J9xEBERAREQEREBERAREQEREBERAREQEREBERAREQEREBERAREQEREBERAREQEREBERAREQEREBERAREQEREBERAREQEREBERAREQEREBERAREQEREBERAREQERED//2Q==\\\"]\"', '2026-04-01 07:33:46', '2026-04-13 00:14:33', 1, 10),
(26, 'Máy ép trái cây', 'Máy ép chậm, giữ nguyên vitamin', 1850000.00, 'bep', 'Philips', 45, '[\"https://encrypted-tbn2.gstatic.com/shopping?q=tbn:ANd9GcT8vAoOLROm6ZMd2UfpXA3sOtJsbtwHk3hkDC605FHd7FGIKmhiJ_GeeVDSjqpSxqIQkp3rgpqmUcjC1TMcHe_F46v23PF6LiSIGtgml0RZ-tbeOKYx6vP3-UDjI9dwotjFXxJqFDYa1cnq&usqp=CAc\"]', '2026-04-01 07:33:46', '2026-04-01 07:33:46', 0, 0),
(27, 'Bộ sofa da cao cấp', 'Sofa da thật, khung gỗ tự nhiên, 3 chỗ ngồi', 12500000.00, 'phong-khach', 'HomeFurniture', 15, '[\"https://encrypted-tbn3.gstatic.com/shopping?q=tbn:ANd9GcQc6sqoZ-C_f7WSBiiBQSi6P7oNq6sr0Lchx-YGqhhFceoJjwQIjYwl6DtH73YlCP7zCu-_W7FSLI1zu6Ma4mWEzKmGLdcYqMF4CoqfZR4&usqp=CAc\"]', '2026-04-01 07:33:46', '2026-04-01 07:33:46', 0, 0),
(28, 'Bàn trà gỗ tự nhiên', 'Bàn trà gỗ óc chó, thiết kế hiện đại', 3500000.00, 'phong-khach', 'HomeFurniture', 30, '[\"https://encrypted-tbn0.gstatic.com/images?q=tbn:ANd9GcSZGJB7-iVJGYWvlE_4VFkm6PyWvwlXJ-r75Q&s\"]', '2026-04-01 07:33:46', '2026-04-01 03:53:04', 0, 0),
(29, 'Kệ tivi gỗ công nghiệp', 'Kệ tivi đa năng, nhiều ngăn', 2800000.00, 'phong-khach', 'HomeFurniture', 40, '[\"data:image/jpeg;base64,/9j/4AAQSkZJRgABAQAAAQABAAD/2wCEAAkGBxAQEhIPDw8PDw8PEBUPDw8PDw8PDw8PFRIXFhURFRUYHSggGBolGxUVITIhJSkrLjAuFx8zODMtNygtLisBCgoKDg0OFw8PGCsdFR0tLSstLSsrLSstLSstLSstLS0rLSsrLSstKy0tLS03LS0tLS0tLSstLSstLSsrLTcrLf/AABEIALcBEwMBIgACEQEDEQH/xAAcAAACAgMBAQAAAAAAAAAAAAABAgADBAYHBQj/xABTEAABAgIEBBAJCQYFBQEAAAABAAIDEQQSITEFQVGBBgcTUlRhcZGSobHB0dLT8BUXIjJTcpOU4RYjM0Kio7LC4xQkQ0RzszQ1Y4KkYmSDtPEl/8QAGQEBAQEBAQEAAAAAAAAAAAAAAAECAwQF/8QAIREBAAIBBAMBAQEAAAAAAAAAAAECIRESMVEDEyJBMgT/2gAMAwEAAhEDEQA/AMfBH0LPVP4ys93OvNwKfmIe5+cr0HHl5l82eXujh6+hv+N/TbyOWa1YGho/Tf028jlntXs8X8Q435ldCWUzEsWEsqHiXSHM8k7cSXoTDEtMmCIxJAmbiQN0c6fIk6E+TcQBqcFVtvToHTNNyTvxpm4loRuNM3pStxojpQO3pTBKOlEIgpulJNMTyqhlAp34kBzqglTvxIFT4ciim+CgU+CgxoIL0UBeiVBO/EoUJ98yhVAcjjSuKJNqBmqJQVFFchwN9BDz/jKznLDwRHMSBDe4zc4EkyA+uRi3FmHvvL5c8vXD1dDB+m9RvI5Z7SvP0MfxvUH5lntC9ni/iHG/MsmEslmJYsJZLMW4usOcrJ8iboSJwqygTNShM3FuIGxZk4xJMXfKnyIA3vxJkoRGJUP8UwxJfiiDcqhhjUHSlbjRCCwdKISt6UwvQBP0pCm6UFnTzIC7OoDyqC5UBynfiQdepPm5EU6gxoTQBvQNjUJ50s7VJ8/IgaffMgTzITtSuPMoC43ZkSbUj3XIk2oCCooFEHI8Bj92hbjvxuWeV52h1wNEgkFxBa615Bd57r5LPJ5l8y2JeyOHq6GD9L6g/MvQavN0NG2L/TH5lngr1+L+Icb/ANSy4R5lkwzyLDhOWRDN24urnLITZFWCnncqygKduLc51WCmaUFqbIq5pp3KiAozSTRBuzoLJphiVc+dEG5VFgUB75gkB5EzT3zIqxp50zTbm5kjTzqNNuZEMeZNPlVc08+VBZPlQBsSz5UoNiBnG1QHm5Es0fgirJoA3oFyUG9UGalbvmVZNyM++ZQMXWoOPIhO3MlcVAzjdmRmkcUSeRBYCoqwUVRyDQuf3KB6rvxuXpVl4+hoyoUD/cDlHlvWbq+I+cLQR9YbmXaXzrx9S9dZxD3cAPlqvqAcbgsxsTyg3Hf/ALcu/YtXoGE6jqljRSQ1jIg8prXib7sZLA8g3EtAsUbhibntb5JhwGwxIWh8czc4bTahdthenx4rDhe303CBEmAcoB3xNZcN1y8QUsVmw4cvNa5zrKrIZsZLK50iANonIDnQKQHSLTNuI5RlGUbdy6wxL0g5WB1yxWOVzStIsBTtPfOqmpwe+dBaUwNyrmmaghN/fIiMSTvyI/FA8+dODcqiUwNyBgb9xFp75lXPkRB75kFzXItNuZVNNyINuZVFgKYnlVQKYu5eZFWkpZ2JC5JWsQW1r0a3MqZ3og8yC2t3zoB16rn3zqAoGLrkS7vmVc7kZ98yB61uZQlJO3MoSoGcbkSUjjciUDtKiWaiDjXg8UeGyAIhrwyWTq1Q4TcZymZ5jYqXUtxFR1kQWtIuJAmD8Mk9xelh6GbS4EVokqk7BY4i3XWYj0nWqXEMpOdMjymuIkS3IeY/FeDnLtb54Z0Kl14ccWCI2EaTCAn5OpxNULd0Fn2wvLbhNzXVzWJiUeoZOkQ9rYkFrjZrS4y286x4NNdDi6qBfWrDEa1juIz3lgsd5oO0M0/id5ddcYea1tZb1g2KZwoRcKzoer0hwkAwubUaJiQFWDDeyeIuaVtUClNLQ6cmSEpgtbLEbrloWBaQXxYtIcC6G2rDq+T5bgwNAE75uayzbBK2Cg4QMc1hNwYZEwx5JdkhlxFmKteb7B5K7VlqG1w6RZO4S2geP47qzKNEnlzyPItdgBzbQ1zMcwdV32zmZ5ACvXor6wBJaTlAs3QZravSa7mVocsNhVzTcqMitzpmuVFbnTtdcgatyp586onypp986C6aYG5VTRBQNNEHvmVZN6AdyoL2mzvkRDrcyoa7vmRDrUF1ZRz++ZUVkS7vmQWl6FaxVFyWugvDr01bkCxw9NW5EFtZEOVNazMiHWoLSblAbVUXIztQWA8ihKQG7MgXILC5MXKkusRcVBYXIqlxUQcz0R0kEGxzSIlYTFlgOMTHGtZpMIPG2D5ErwNrbu4ls+iOcrpDVJcRWtTySsMtokf/ABeKOHe8azo8V8MisJ2NtF4DpgyIGKwcUliGyWQyFmK4mXGvTphI1Ss2XkzFs5lxaCRnn3K826WKRmNsTMzxca61h5LRnR78C2HqNcMZN0WLEldWMg0Yy51jQPXvW2UGHUayR1NosbXmN2TQZBy13AtHaXBzWF8SUybKkN0pWzsrSuvlMnaWz0WFUAvDjIBxDTJxNgJmZWnaG0ulYw3D0IMUH64svrFh+C9Cj+TI2kOE5ttE8sr96awIDXGRcBMA3TneN5Z9Hhyt37ACd2V62rMhvmr2uuWK0qxpWhk1udOHXLHB507XXIHrcqety86oB5ehPPl50GRNEOVIdz8yIdyoHLr0of3zKtxvSA8qDIY7vmUDlQ1yIcguroOd3zKqsgXd8yC4u5kte9Vk8yUOvQXhyNbvnVAKNbvnQZAdZmUa61UtdyItdbmQXhyadqpBT40DgqTVc0ZqBybExKqnYiSgdxUSEqIObaKQDYfOdEIG0JG0ZMS82h4BpEaGIkGEXwyTVquYD5JLTYXDHYvTw+wGbzicQNy0nkG8tl0vyDRGAznqkSyV4EVxMsvnLy+GsWnSXbyTMZaNTdC1Ne0sFEiTPmudGorQ03yIrm+XEsdugamuqsLIcMtnNzozSJkgECrNdoewWEg3k7mJeY+x5suZqhlimSZL1+qsPPM6zq0ijYPdRmAOLZgjzS51hOMlotWfBcHNkZVSJOBxg2FWaJHPDCQwG1oya6ZmV59AiukPmHHbL23qTGmGoepQ43kMrHyixsxeZyE5yWV+2sbIOe0HITbvLToMTCMcVodFpMWGfNfCo0YwnZZFrZGRmL7wVY2gYTxUCl+6R+qsbm9rbxhGF6RvGmGEoVnzg4+hakMG4VP8hSfdog5k7cEYW2DSB/4COUJuno2x22zwpB9IN53QmGFoNnzn2X9C1MYFwwf5KP7Ng5V4WFMJ0yjRHQYzDDislWY4MDmzAcLgcRBV3T0mkdukeF4Ov+y/oR8MQdeeA/oXOIWEo7gDWAmAbm4xuK0U2Pr/ALLOhX6T5dE8MwdceA/oU8NQdceA5c9FKj+k+yzoR/aY/pDwW9CfR8t+OGoOV3BclGGYWV3BK0I0mN6Q8FvQq30yMP4h4LehPo+XQW4ahZXcEqeGoWV3BK5x4RjzArm3ab0K0UyPrzvDoU+jDoRw1Cyu4JQOGoX/AF8ErQBSo2vO83oR/ao3pDvN6Ffow3/w1Cyu4JQ8MwsruCVoX7VG9Id5vQlNLj+kO83oT6MN/wDDMLK7glHwzCyu4JXOX4QjD653m9C89+iGkBxbO4kYsR3E1sfLrAw1Byvu1pUbhuFP692tWlYLwXhekwmx4MB74UQGq8PozQZEtNjnA3g4lm/JrDWxontKJ2izunpdI7bWMOwf9TgjpTjD8Gf1wMpbYN4rUPk1hvYr/a0PtEfkzhzYz/bUPtE1t0ule29QabDfKo9rtqdu9er63OufjQrhs30d3tqH2izsAQ8JQo0Wj0khsRsNrxDjPEVoY5xAcNTcQCZHGrrP7CTEfktyrWI1l5B/bsTqHLbZHn+JBn7cb30PNDjdZaZewSovLLKZr6L7ON11EGn4cHku2nnnW0aWYLqIW3yivAF8iXX8i1fDvmu9c869nSwjN1GMxxIq0guHquhtybbTvrzf5p+nbzcN5isNwuJqgADFiC8ePOs8zABcGC4eS1syvQiRGAedimLDj514+EI4tDclScvrFe6Xma/h59YBtaZrDLlJPMsahtutO+kwi6ZBljz97k9HNgXKeW4dD0s/8so25F/9iItoC1fS3/y2i+rE/vxFs01uvEM25kxSlM0TQIWkAL5702IwGE6SDO6F/YYvoSS0TRDpZ0an0mLS4tIpDHxCAWQ9TqCo0MEpidzVm2v4sORUfCcMNaJPsaBc3JuqwYVh5H7zeldObpP0IfzNL34PVTjShoOyKXwoHUUz0YcxbhZmtf8AZ6VDhZmtf9npXURpSUD01M4cDs0TpT4P9LS+HB7NPow5WcLM1ruJUxMKs1jt8Lq7NKjB5n85S7yPpIPZqHSmwd6Sl+0g9mmTDkcCngxK1U+Q2cpi22SzHYWbrHb4XUW6U2DhMiJTLRI/OwbR7NTxTYO19L9pB7NSIk1hyzwuzWO3wp4WZrXb4XVPFRg7X0v2kHs1WNKjB5t1Sl3n68Hs1cmHMRhVmtdvhR2E2613EuoDSowf6Sl+0g9mrhpRUGU9UpftIPZpkw43SMJtn5ruJeLEpALnGRE3E75Xd4mlNg7G+l+1g9mqjpRYM11L9rC7NTSVjR6ulY6eC6KcXzo+/etsXm6HsFQqFR20OAXmFCe4sMRwc/yzXMyAMbjiXorccIk1Jo1DfKxKqhlo2GD/APqRNugwjvRnhbvNaLh90sK7uDmnOKSRzrF+GqsyfKlYeRVh6dh75lhrRaSolLlEVoWGz5LvXPOjpdUssjRYYl84wOAOMsdKzhTzL0adoejuAaGsaJzrVptAkbrJm/ImwJoXEF4ieW97bnMLRKcwQWusIM8s7F5vFExMS6+TMNsjRCfq2TnjsAxLyKbEMjaB9fbBNg3gs2JCOJsV1kpVWt4yVhx6HFfYIZAv+ciC8iRsYOdeybw8+2WtRaO+I6baxAOIsGa0rKh0NzRaH2DLD6V7EGgamJEgmZJIAAnuJXiYNmIrjq6aNq0uf8tovqP/ALz1sYK5toX0YNolEgUaJQqc58Jpa5zILahm9zrJuBx5FmeNOiCw0elzFhmIAkcnnrrF6xEZYmszLfkZrQDpq0TY9K+466HjWomxqVvwesr7K9psnp0AlJCN/rO/EVoB016Lsak8KD1lWzTVo4n+6xzaT58PGZp7K9my3Tos0ZrnR014GxI3tGdCXxrwdhxfbMH5U9lezZbp0YlISudnTYhbCie3b1EjtNhmwX+8js09lezZZ0SGb/WPKmJXNmaazBP9xfaSf8QOzR8a7Ngv94HZp7K9myXSJorm3jXbsF3vI7NTxrt2C73n9NPZXs2WdImq2m/dK5141m7Bd7z+mg3TTbb+4utM/wDEDs09le02WdJBXoQ4gkuTnTVbsF3vI7NTxrjYJ96/TUm9Z/V2WdJjG1Vlc4OmsNgH3r9JIdNb/sP+WeyV9lezZZ0dl7vW/K1WNK5rD01G21qC4EmchSZiUgPR7Sbxqs2C/wB4HZp7K9myXVxFbVvxLAeVzfxrt2C73n9JKdNYbA/5X6Sm+sfpss6QtG0RtPhRkmV54N82tUupBtn3vVNC0xY0aeo4ML6sp/vrWyndfDGRCHSKVSaaylRqEaMxlGdA+nhxgSX1wZgA7UpKWvExhqtZics6HDfMzo9m1SB1VkQ4X+g7NHHOFkBWsAyLnulvawzCdsc+8DoUWdPaUTdJoUsmkEMA3LKbDsVraISAZrENyxJ7SXUDKcr1niiZSrNSxZLFWdHjOoqrfg4O2ivYfDQqpqujXo+BybA47wXhRdAbXEu1Z4rEmUm4zNb3qaIgqTkhz92l+MVIeNxrOcIDS8GOkxeDC6q6G2jqGAmBz3xeMx0mNmEHqKyHpewh50eO7PCHIxb7qIS6irgaONAMAfxYx2i6H1UfkHA9JG4Teqt1MJLqSYGlP0AwTdGjN3DCM99iQ6X0H09I+56i3jUlNSTCNG8X0LZFI+46ih0vYWyKR9x1FvOpIGHtING8X0LZEf7js0fF9C2RSPuOot31PaU1PaQaP4voWyKR9x1FPkBC2RSPuOot31PaQMJBpQ0AwtkRztfM9RN8hIPpY2/D6q3HUtpTUkMtMdoChenjjanC6iHyBg+nj78HqLddSQ1JBpfyBgemj78LqI/IGB6akcKH1FuohJ9TRGjjQHA9LH4UPqqwaBqNr43Cb0LcjD2kNSRWt4O0MwoBNRzzWlObhizL3qNQmgWF24VeISZrJGYQAQZIhiyBbeoGoKaqivqqIoNFiy4Vw3FjEq+CbApCrSEpUJSkoiEJaoQc5AuRTSQsSFyE00RcCECkrIVk0UxkglmlrqochSSSupWUNTkISS1lAUDVUaigcjWQKWIVE1ZSsqELVKiashNQLUUqIkoTQCopURmiCgLWIlqgKKCssUENWJgiEENGonmpNFLVQqpwVJqhaqiaaiCp6uhGwKKKQHcVUXoKKoM0pUUQKiFFEVEFFEAISyUUREzKSQUQMAmUUQRSaiiIVQoKICoSooihNCaiiEBNQFRRRTgppqKKsojNRRFRCsiooozRBUUSBJqKKKq//9k=\"]', '2026-04-01 07:33:46', '2026-04-01 07:33:46', 0, 0),
(30, 'Đèn thả trần pha lê', 'Đèn trang trí cao cấp, ánh sáng vàng', 1850000.00, 'phong-khach', 'Lighting', 48, '\"[\\\"data:image/jpeg;base64,/9j/4AAQSkZJRgABAQAAAQABAAD/2wCEAAkGBxISEBUQEBAQFRUVFhUVEBUPEA8QDxAVFhUWFhUVFRUYHSggGBolHRUVITEhJSkrLy4uFx8zODMsNygtLisBCgoKDg0OFw8QFS0dFR0rLS0tLSstLS0tLS0tKy0tLSsrLS0tLSsrLS0tLTcrKy0rLSstLS0rLS0rLS0tLS0tK//AABEIAOEA4QMBIgACEQEDEQH/xAAcAAABBQEBAQAAAAAAAAAAAAADAAIEBQYBBwj/xABFEAACAQIEAgcFBQcBBQkAAAABAgADEQQSITEFQQYTIlFhcYEykaGxwSMzQlJyFCQ0YrLR8OEHgpPD8UNTVGOUorPC0//EABcBAQEBAQAAAAAAAAAAAAAAAAABAgP/xAAdEQEBAQADAAMBAAAAAAAAAAAAARECEjFRYXEh/9oADAMBAAIRAxEAPwDShYRViEKsyEqwiLOKIZIDlWECziiFVYCWEE4Fj7Qjojoy8TNAr+P8co4Sl1lZvBFGru3connmP6W4yvcrloU+Q3a3iT/aRePYo4jFPWqHsqSlBTchFBtmsOZOsjkA+1qLgnkdO48vOdJxZvJO4PxvEpUUu5dSQDfQ67G3MbT1RDoCd55bwbhzVKtFVFwzAt3DKbv8Bf1AnqhmeS8XLxMZyNJmVcvGEzrNBFpQmME5iZ4NnkU1oJjE7wLvATtAu8a7wDPAc9SCd4xmjC0DpaDijgsobFC9UZyEXawyxigQqCRREEMgglWFVYBkEeIMLCAwCRARoaLNGh0a4vO5os0g8i4hh2p1Wpv2WDW7Qa3tb6bi2sdw7AVa7BaSMTpcroqHvLbCep4mgrsgZFaxJ7Sq2ynv8xDqoAsAAOQGgE33Y6qHo9wgYUISczVAQ5topOUqF7hpY95t6XzQDpemAe4emlifQEn0jqbkqCd9j5jQ/EGZ1p0mDZonMETJqk7QZeJmgHaXR1nkd6kTtAu0BM8A9SJ2gmMBrNBs0TGNgcvOR4WSsNgi3KWQRVWTMLhieUtsNwgAXbSQ8VxLtdRhENWp/JsttyzbAD/rab656z74P+wnuilLnxH/AIvhv/qk/wD1il36a635XKiGUSCtWHSrOQmoYVWkJasKlaBMDx2eRRUnQ8CTmiDQIadzTIMHnc0BedDSB5btjwF/ofpDFpDQ9onz+OUf/QwmeUPUgqQe9h6XMBh6ntfq187KT8SYkfceJ+d/rI6NZ3HfZh6ix+Kn3xokO0C7wdSrANUgEepAM8G9SBapKCvUgHeDepBM8oe7wTPGs04BAV49RD4XCFjLqngKdNc9RgABc3NpucdZtVmEwpJ2ljiOJ0MMvbILclXVie4Dn9Ocq+IcaujGiUpUQbPiKxyUr9y83buAB5aG886450qZGIwtwdVOKqD94fnemu1H8QB1IBAGUy7ni9fluOO9IgP4uoaQPs4ajZsW9/8AvDtSFvzegaYvj3SOrWptQpqtChY3pUSTn03qudap8DYeAmcw1XMCrE3vmDHUksbk37785IpklRm3Oh8+czbV1Czfyn3CKT8nh85yNR6wlWGFWVi1IVKsyqxWrCLVlctWGWtAsUqQoqSuWvOiv4wLIVI7rpXCvOdf4zNFl10XXSt6+cavoZBOp1ufeAfeWP1j+ulctbf/ADkIjXgThW1Pn9BI1etZ1PfdT66r8j75GNfU+/6fSCxFW6+Vj46G8onPUgHqyK2IgHxEYJT1YB6sjPXgmrTQkGpOZpF6yScOtzKD0aJbYS1w3CGOp0HjI68UoYdQXuSTZQouSe4Dn6Sg4305BDAsQBp1VBgKl+6pV1FPuIGZgd5uST1Mt/GixfEloXSl23AJNiAFA3LHZQO88tbGYLjXS/M5AZa7A7gn9kp6/hH/AGzD83s32zA2lD0g4xUr08jBUpAgilTBFMfzG5u7b6sTbW1tpQqff+K24I3+Ulutbni/x/EKtY5qrs5UlVuRZBbZF9lR4CwkDEpmZUPssGt4HQ/3j8FZgT4t5Hxjq6+z3rY+mx+cyyrMK2WoinvHpyI98u8uvqZV8XpWtUHeDLegbi/eAR6iArRQlp2BsxVjhVkLNHq0ipoqx4qyCHnesgWIrR4rStFWOFaBZCtOmtK7r5zr5MFh10RrSv6+c6+TBZCtOddK5q3L090Ya0uCxatBNXkBq8G1aMFhiMQSbk3uB8rfS3pIrVoGpVvTB7iR6EXHxze+RHrSia1aMNaV9TEAak6Ssx3HkQWXfkTz8hzlGjOJCi7EAeJtIWO6UhF7Og2zEXJ/Sm5PnYDmJjm4q7tmva17XsTrysdBoZVPVJbMSTfv7jfbulX+RfcX4/UqWSmWUMO2xa9Z9CAMwtlXtWyrp5yqwRbVRaxtbl/mgg8SpI1/CBb0F/leS+Ei5J90Jp7nMjaWzdn12kGlU7QP5grepGU/ESTTNrL/AOYP6pFq07Ip7iy/G4+sIsuE7uPGSan3gHej/SReD6s3jJVfStS/3h8JAzEU89EjmB8o/g9TNSXwup+YhqOhKyLw1clSpT8mXygWdoo/LOQL9RHZfGdpiPtCh6zmYwhEaRIGF/OLrZ2MYQHddOdbBFI1lgG66dNaRSJ1PaUeK/G394B2ramN62Qy5nOsgTDV0/zxjDUkdX38vqB9Y3rIEyk11cdy5vcR9CT6SuxuJCIWJGnebD3yRhKwFRe4mx8m7J+BMy/SXDtSxTU6gO1vUGx28vjLBFx/Fmc2B0+A8h9ZCxDdrcm3ebwaJrb0haydlT3Eg+/SaxNFo0jlJ8bAd5t/0gKyZWt4i3kTp85YMMtOn+tSffG8Tojstfw27jAeaWbN7v8A2Gc4Fz8pJ4etw3mP6YDgos7DxMBYpbVB+tT8Z3F0exUHc9/pCcTWzr+ofOTKlK71B3i8gr+At2pL4lpUpHub6SBwo5apHj9ZYcc3Q/zCBJrC1QwVdctenU5NdW9dofHcj4CMqrmpA9xEipuU+EUB1p7/AIzsmDU0xHGNpnSOvKG2jSISckAyIMwrQZgDaMYQhg2gDMV+1ccrkelyPlHIuvlc+4X+kbTG/gp+It9YACI0iGsOdx46H4f6zlKizGyqxPcoJPwlQJV38vqIwrL3DdGsUxH2WUHnUZVGoNjY6keQllR6CVfx1aS6jQBm/tCscFlT02BatRfk1Bde91LI39C++eq0egtMWz1nO91HV0zcC5BuSRoQdjoeUk4zohgKi02rXZaNKoU62s6qEZizaIBqe12r/ltfSIjwmit6htsbHYdwg2Xfz+s9/odG+G0gf3fDHLSDXVKlYtv7P5zcDY3II0Gl5uJ4fRprrQwyIq3B6mnTGdiTYAnQE23113FprTHgeOonKgUE2I2BJ+EkcTwbGmbIxO4AViT5DnPdKaIrA2Rb3NxhwoNQBmVrlhcWDEA6+6ScFQJVHzVCqAoQq5RUYtYkdo21UgX2113geH8G4VWyG9GqO1bWm4N7bWtHYHo1ixWY/ste2axPVta97W89R757klFwFH2j5TdC1LLuNLAiykX233PKGpUmJtmqi7q1mCltwQl8mi2Xc35a62geSP8A7PMZXXrQophGF1qrWFQ7ElVCEm1/n3SXi+geJSqQDRe1MP2XKlr3GVcwFzcfLvE9hfA1DchTY+zepoviAtu8b32kTFYZl6sZnOUnLlNTtG19SbcgffsTaRXz3iei+Np1/wCExHbN0K02YEWFzcbAczyhOPcMr9UrmhWABBJNKoBpqdSOVifIE8p7RxgtTCZErVDUYXyVAqYdWvmaob6C58z2ZD4o1OkjVcSxRFV2uxdyVAFiANLklRa/auRLg8lri9JT4Cdwi3UiWnGGDu7hFQOQ6qpBCqwDLrz0I9byvwPdMoD+zHxik+3hFCrymNJ0xLtOMYHbxhM4TOZpA1jORExShMniO6CYQhjDIHYbDs5KorMxGgUEnUgfK80GA6HvYtXqKgI2XtMOZudhop7/AITRdHsAKFJAqjO4DVGOp15W3sP8vDu991JIDbKGemblbKTpqOza19STYawK7D8DwVNlUU2qFgWVzeqlrNZi3sDYa6bg7XserxAJSuKQpH2VV0UX7GZV7JNrimwAPhzBEMrdlCCwy7plJXawXkV3XtEZRfnpH4dGVBYlQLvmcv8AZmowAVQRfZmB1uQYA6hqmsVFUBAX7Kq5JVkJVusH4gykaDS+5JgsLhzlYNWeqyhCwDCkVNMm2UUrMFNreQ1uTeWOMzKFZaqAEEXIqEG2YJdeVyfdy1kLDEhrdZTyXLqtG5LqVuw2AHbsbESxKl0cHTSiaRAIu+cYj7WwqMzNZtdCGIFz4XvJXC+G2pooTDotNSpCqC3VkADIW5mwOY2Og33gsqHWnmVBlsGGZWPZzdnQDQD4kajWzp4Rai5rpcjNY3Cobmx7V7639YxXcS9MgLTRt8ilRYC42a+utyb2/DeQFptlXMyCor9okFktrYXO45XtqDJFcMwKWG+YZO+xU5gVse/nIlSirm4ptlupphqh7TDKBYAg6EH2hfyGkA2H7BNIMHbKVvcEAAXLJp2st+Vtztzm8LZeyDmzWJYrcUwSwJC6+yc1pWomUpYU1CEWyUx+FRfYaEWO3pfaGq4deqek/VrTAYmxKvluTUObawupuNVN/CVEvGNTAbKxFmFyO19pt2u72lPlrC53Nirpe4/CQApGqt3tYaXmap9L8GKop0D1jOCzNSUVMpKgAaEBnsMulzoAZncf/tDqNiaaUqSopYKc7O7Au6hnABAvYEC9wLmTVemtiiDYgjNfRFAK2G5uedxqPCUHHuK0EFH9pKLnqsy3YOKRCOHYnbQi1tbki08oxnSGu2Nw9Jq1QJTqGmvVBkcgsczMBdmY2BtrqLAE6GHjzsL3ALBbXC2zHYchKNh0m6WPSos2Gp02QGmq1jUaqxLXdQ6jQEhXBDG4Fhv7Pn/SnpIcXh1RqFNGFQ1arozN1lQggEBrlFAY6XPLukniVZf2Yqc2ZmQpYArpmzX10Oq2Nu8aXN8xiPZaVGtp11qUkK30pU1YG/ZZVswW5PZuLjawNgAAJFwos1p3gGtK3dHAWe8gmZYo+0UwuLEmcJnDGzQ6Zy0mcNp0y/2t8gFzlIB3Av3kC5NhrNpgeEYcWIopflfM5J0Jtm0Oltjz02lwef2iyz2ClwykKZ7FGwvoQpHM+yBax18ZFoYSmp7FJRre601UjmDYD/LSDzXC8Ir1Pu6Tkczlso8ydBL/AIX0QIIfEMLAiyJqWI1yknbyHjN/Vpgr7RA5BVA5Gwvz15+MrVa9wAx9o6X8ibb6dr3SCJmYcwDci5Y2OtgdNrgX77eO0YYNmqdhc2l7s68gAcygkDUkaWG2+olgza6qCST94rMBt7J0GljprufTodgbobBgM4Xs3OvePrt5QIXD0RbhjVNicugUk7hSbgkLlOnh7pCqSfac6hzpl1tk5ruQtwdzfujKHskZr5dNXAHaa9rDe21j3SViK4Yoqr2VAuPzEc9bEnTw01gBIZhmLKeQu5zFrqAwvffv5W0tO1EpowICj8y1ArDKvLMvex9d9oxwwNy2pO4yILAakgH0uQbRnVA82G4NxmH4bgXFjzHPc+kBUY3F2bU3S3ZXW5Yrm+HeRH5ip0BNrgNbKDe+3IXzWy6a37pVYnilOncNVJJu1zqFJJABI2Gh28ZjOlPTHE08WtNCvVIqO1Neyz/iyu47S8trb89pYN/xHjdHD3Fasqsi5yDmapsQHOUE2uCPQi2gmbx3Tik3XJhnovUpU86kF3SpZASUAAuFDNe5Gq8t5hMZx2lXrVaiVQQ2BamVrLkSk9wTRpc2PMHXU7kCZfhmLFOvmYEgpUUhSAbspCnXubKfK9tbSyD0+l0sxFcrSJWmpWoSaCuKl8ruouWuQGtoOQ2OxznDceerq9ZUN3pOt2DVCzFs2XfS5ub9+sDhsS9LLUpNldR2TZWtcEHQgjYyOi2Q+UIJ0Lq2xKklBZ11qewva9ptDoN9jtznOI/ekg89CNDodxInR77xx4yxxtLtRVUHE8W61kqg3daiuC3auwbNdr+1qNb7y/xLl6a1CBdrk5RlUEkk2HIa7TM8Z9sec1NJb4ZJRC4kl6IPcRM5ieYmqxK3oMO4j5zLYn2oGi6MewRJNVLGReip1tLLFrZjIhWihLRTnrabadCx1ogJ0ZNyyxwXEqtJSUqEHMpt2SDo2tjvy8JCyzloGqXpg6rT7FJ2ynrCQ4N8x00O9gO8eztaWNDpHR1V1qLZEq3BWoqhiLDkSR1gG3LwmDMVRyxueQAGgGigKNvACB6ZhuP0DTzrWKqDY5yykMdtCdtT7okxCVDdKiuLm+VwSLjUXVrjQLtt63nmqVyFZfzZb6/lN/WFwuLyLYXF2uxF75dNN/A6QPRqxO4tbe9nbu0/1vt62bnKXJNvzXCroToNL33+MxmG4q6o2V9kdx7OjGsttD/LfQbBjLSnx1gFutQ3qdWWCqNCoJsCbA6gW2tfwkF9TOtzbUXACjQ2Nhoe8X1jKYA1toSCeeu62tqTyv8A2lWeKZagohRquZmWoWAturC1/wAxvrodJGqcRFl2AL5VNJM41W6izagkOBcagcheKLarVVW1CW1NhfrBbs8h37DTc8pV4jiobNoAozAX7VRygAbINhbQjwMiYrHlQzIGIWoozDLUpWZdbOQSp7hyJOplHiXvqLe3UOmhscttL6DfkOcCTxDE9ZmYNe4XN2QrW6xyA1gP5STrqRrsJkelQH7S7AWuim1yTqgOtydde+aGnfUXNja4vobbXmc6RfeP+kf0j+8oyOD3PnHJ95G4Pc+f0hFH2npNI2NNLoPKJk7JkjC0roPKKrS7J8phVN0f++YeMvcbT1MpOAj7dvOabGU+yT4QMHxr7wec1mCX91XzmV4wPtB5zYYBP3QSiPUp3o1PK/uIMyGJHam3oLem4/lb5TGYpe1Auuiw7UuuIL2pT9GB25f8UpWYHygByxRRTk0sMs6BHBY8CdmQ5y0KZyAIrOZIUrFlkASkWSGyxEQBrpfbUW1v3g/SJWIAAA0bMDre+mndbsiOIitAM+OY1OsI1ClaeXsZNSUIy29m+nkJypib5ezfKQQTmXZVBWwO3Z338YLLHqkARHu7tbTgSSMk6KcihUqczfSVPtKn6R/Ss19KnMx0op/a1f0j+hZUYXB7t5wyfef53weDGrecMg7fulG/wCfZjynKy9k+Ul8Np/ZqfATldOyfW0wMvwMfvDec2GJp/ZGZHgw/eSPGbeqv2RHfLVeZcYH2g85tuFJ+5AzG8XX7X1m64Ov7kIEbALow8D8picYvbm+4YmpmG4iLVT5wiy6NH7QTWcWp9kGZLo796JteKL9iT5fOBR2MUV52c21vadtCZYsk7MBWitCZYssAdp3LH5Z20gGFiKwoE7aQAyxZIYiLLADlj1WECRyrCmBY9UhVSPVYo5SpzM9JE+1qj+X/AJazYUFmS6SvbE1Rb8H/AC0khXnmCHabz+kOg7fugMJ7Tfq+ghge17ppHqXDwOpX9IjcSn2V5VYTE2pqL/hHyhatc9XYMNQfhJgz/C3C4s37/pNm2KQ07Xnn1GuRXva5uJfvjb6lbDwO0YM/xwjrzbvm54FWU4PLfUTzzibXq++bDgeIpihY3BI57Si54aozzBcZFq7DxPzmx4fV7Qyn4zEccY/tD3/O3zMCw4A1qo9Ju+KPfDE/p/qE894RUtUm0xGKDYcr4r8wZBV3iitFMtNHaKdAitNslliyxwnYDAsWSEtOgSAeSdywoEdkgRmSNyyXliNOFRQIRYXqe6BZiOUAyx6wC1h3Qq1QecUiZQEwfSxyMZW10yoLcj9km83WHYd4mB6YH96rEbWT4U0iFYjDbt5/QQw3PpBYYe15/QQj8/SVGxoOuVbnkNvKLEVVAtmGx+MrsE/ZW+ug1jMTUB3kFZQq3qky3ZibWB8e7WUeFPbJ8ZdCvZrg20lFLjPvJpeGgdRvbzmdxTXqXPfNFhivUAWH1gKldTcNrM3xgnrzfmbmXyIb3BlFxz78g9/zAgSuHHtiaRa9wB5TOcOPaE0YpAKCN72+EAt4opyZaaW06BOzs0y4BHWnRHgSBto4CdAjgsK4Fjws6ohAIDAk6EhFEeFgCCRrYa8lBYQJAp6mFtBhO8S7dIOrhQdRCq2gBfW8xXSwE16zW0zJb/hJ/rN8mBOb0mX6S4cBsQCNexb/AIVOIV5vRGref0jm5+kk0qfaYeI+UJQoXa3lKiy4cCFU+UfidW1tsbWE2GD6OB6aEDdbyh4twV0fTxhGRw/tmWpYeGwkPBYe9Vgw5/3ljUwfaKjkIFNW9r1mkwlIGjrp3TO1EN9uc0OH+5AgB6o33lDx2/7Rr4f0iaGi9jpKLpH/ABAPeqn5j6RATCb38poKBmewwmhoG9ja0CXFFeKYbaeOWKKbYOEcJ2KRThHidigIQonIoD1hFiigPEIIooIfCLFFFV2l7UxnS/7yv+qn/wDDSiikhXnFL238xJOC+99ROxSo9l4H9xT/AEj5Sl477Y/3oopR51Q/iann/eWNT7w+U7FCKKtv6mXmH+79DOxQIY3lN0j/AIhf0r8zFFALhJf4f2V9fpOxSVYkRRRTKv/Z\\\"]\"', '2026-04-01 07:33:46', '2026-04-13 00:15:08', 1, 10);
INSERT INTO `products` (`id`, `name`, `description`, `price`, `category`, `brand`, `stock`, `images`, `createdAt`, `updatedAt`, `isFlashSale`, `flashSaleDiscount`) VALUES
(31, 'Thảm trải sàn lông cừu', 'Thảm cao cấp, mềm mại, chống trơn', 890000.00, 'phong-khach', 'HomeFurniture', 80, '\"[\\\"data:image/jpeg;base64,/9j/4AAQSkZJRgABAQAAAQABAAD/2wCEAAkGBxMTEhUTExMVFhUVGBgVGBcXGRcXGBoWGBcWGB0YGBcYHSggGBolHRgVITEiJSorLi4uGB8zODMsNygtLisBCgoKDg0OFRAQFy0dFR0rKy0rLS0rKy0rLS0tLS0rLS0rLS0tKy0tKy0tLS0tLS0tKy0tKzctLS0tLS0rKzcrLv/AABEIAOEA4QMBIgACEQEDEQH/xAAbAAACAgMBAAAAAAAAAAAAAAACAwAEAQUGB//EAEMQAAEDAgMFBQYDBgQFBQAAAAEAAhEDIQQSMQVBUWFxEyKBkaEGMrHB0fAUQuEVI1JikvEHM3KyFkOTorMXJFNUgv/EABkBAQEBAQEBAAAAAAAAAAAAAAABAgMEBf/EACARAQEBAAIBBQEBAAAAAAAAAAABEQISIQMTMUFRBGH/2gAMAwEAAhEDEQA/APVsB7jh0KIhDgD7w5Je1MfSw9LtapflzspgU2Oe4veQ1rQ1oJcSSBACzGjYWQEjZW1MNiA0031JL3Ui11N7HNqMbmcyo1zQaZAg96JkRqFcqPpNrMoF57So172tg3bTLA4zECC9mvFa8p4ZYETgtfitvYWlX/DudUzh1JhIp1HMD6zmtpsdUDcoc4uFp0vot0cMOJUyhNA3CXUbcq23DgbysPoC5lBQi6dTaD1QuasRfVZFgFDvROCxCoNilQrDtICFuiLgZS6s5XQJMGOsFZBRH5FBymzah7KqPy2j/UIt5fNZbjhRY5x3d6wvIcAPCcvgsbGbmoVv5S0+hVDb2HccLmbqXhumYxaYG/cfArPkVcX7SMrE9rRJaRlIDhEX1BF9Vx2O2LhHOcW06jc1z++qEm51vzVsYerxf/02j5rP4apxd/SwKXyutSfZ7Cgf5Z8S8/FZo7IoNMik3+kH4rcNwVT+f/sTm7MqHc/wIH+0KSYvavQ/ZCm406b3PLnFgJEBoAIAaAG7gAfFF7Rf5zf9I/3FU9jPdTawWGUAXc24A33TtuYprntLXTAvfnOq3GWMNEPB3k/Eqvi8NmZYSW3HPkn4J7S1xmx05i6tUmAtWRp6dXLlDS2+42ufjqAQmF9yY1Om+JaDHkj2lhB74AMEEzNhOoi8pTqkkPA1aSYuCeE9SfTgukoT+BP8RWEv8QeKiJrs8OADv9PotJ/iCxv4RhdU7JjcVhXuqF7WFjW1mFzmudbMACRrcaFbKjUJOh6kR8VtaddrQczgBrcwIWeN8ryjxWvtCj2RoU9oYcVG1sW/8WcQJrdvhnsZVffMx4JZTIAtlBbbSzhsTsmrVodr+EoYem3EzSbiu0/eVBhsr5bEE5KmkxlDrE29lp4ljvde0zwIKp7TwjnS5uIdR7uURlgGT3odYmCRccOC7d2OrxU7Sw4pdrVxlB2Jz7Nl4qtqPij2IquMHvFrm5iTrlJWaGNpCm5tPF4ag78O2lW/96534yqKtJ7nlwvSzMbVbnMO/exoF6zi6rM18eG6QA5gNp4GCb8IgNtaTgEFwLdoGLW/dmQHNc7l+WJiwc7lD3Ida822Pj8EcXRqOq4ZlBtR76eG/ENqdk8soNaReJc9rnZRIEcSvaMRUDWucdGgk9AJWkbT3DHOic0S0uguLiJM2vA4DoCEVMQKbKmbGCq3si0NOUuLzvlv33juAWeXKX7WQrE+0Tj7jQBxcb+QVFm3awdLnBw/hiALTZas40Re1regi3QoWvzHu31sOhG5efs7dY7HBbXzi7HAACXCHNEib7/RWjimkw1w467ui5jAYh1NrmuytmxBImcoGgPGR4JWO2mCRlGaBExA3XI3qys465lYcVg1wCeC8o2x7RYok06bDIjvE20G4XKtbH9ocSwDNTa47wajonlLCW9NFnu10r0Z+LYDvlZbjpFmmOK5+j7Qgi9Mh3CQR/V84R4L2lpF2Vzix38Lg63OWyCFvtE61U2LWinVbxj0m3jomF8Mu52WfdF7xrErX7KxbG5w6q1hcQGtMS8w6wk3Omi2FJpcCA5zCbS2J9QQmpnkDCw6NqHo1Mptaf8AlVfQepEBYxWzHzFStX6Zg3/YBKr1Nj0nCHmo4cHVKhHkXQptanFYp1AfdZI5PYfgUNZ+XUNbydUaPmqVH2awjfdotHgfmU79j4cH/KZP+kKbV6wbsYxnecaWXi9xDL8CDdKdj6dUk0zSIbAPZEkTc3neq4xdI1HUiWkt0bB3RxEJhyiYAHQRxVlZvHw2uAf3CVew77LVbNd3CtnhtEZWIB6G36LSbRodkIaO7PdMk6mS0+Pot3QcJIOhQY6hmaWnf9grUqOOyKK1+ya3Af1BRa1MbHGe2cyKdLxcfkPqtFj9qVK1nvlp/IIDT1G/xWjAjePVWDH9pXz76tv2909ORca4N91jW+F/RE/GF2seN/iqWYcT6oT0MLN58v1rrF/8QQLEDwVrAYkkieJHoFpQOAVyi+ALb/lzW+FtrPOeG0p4gxe9xrfT4J+ZrrFgjiC4Hzk/BahtbVXKdQei9Dgf2NMflJ6mQPKJWKmI1Aho4NAbu1sgq1LeEKrUqK4g31Bw0SzW5KvVrgb7qrUxYiZ6oLT41SjRm61+N2zTpUw50uLiYDdTfrYC2qt7Nx4q0mvFs0iNbgkRMciuddJynwtYdzmnceq2BxDwDZvgtfcJ/bQ0yNysK5/ZlFz6gNUl2V7XNncQ6dfJbj2j2ScRUpAPcwwRmaSIE8lrsBiIeYG/5rqcHiO9PJa41jlPK7s7Z7aDA1hJMAF7yXvdH8T3ST00TjUcN6U7GclWqYw8l0RcNY8UpzpVGpjHcFXfjnDcpor4sNNQu3jeiZiYGhOgtc71rTXcXGxT6VUh7ZBEGb9CPmsw5fDotlukdBdbjDe6tRhLQ9uhH9wttQbAEaG4+i0xh7FYHeEbxp9FXpBNAKoDIon9qeA8llGfLx9tYzdXWS7QOMawF6h+xcOdaLPLmrFPBsaAGtaItp98AvP7D0e9/jytuEqG4a77E6cFj8BX1DHawO6d69WNATMCeNkD2FX2Ye88nqYSsDBY6eh+i0+0cJinEZDUg3AyyLcCBf11XtT5G4n1QMAGjYjkBHSFZ6eM31dePYbCbS7pNN7mOMSBYC8yPynqAt/h9l45oks03dyY8XgT4r0UdELqc6reMa4IbPxhnutA0uAD6VDP6qvUw2L/APiZodXOaeEAEar0IUmjU+dkLmNPAjzCuGvPP2BiXtaZptcYJGZ1t8e7qNNSJVCn7OtxFSrTa53aUjlewvyhxAIzZct2kzzEC17+jVcABdrnM1sCHAzydMeELzvD7ZH7VIeKNy+jnZHe3MOaTDjDWW4wdLY53CXa0uM9n6rKj6dLCPqZYIe+XAgDvZBTgETG/h0VbaGCxeHZSeWuY33Rldo+MxloNtSB0IPPu8dt97HBrQBv1PEi7hobFVRtsZS57wBI71jM2iTp7y5b5enn/L149lv2feXU6f4qKVRwLm3E1WAAhwZcs1gggE5bACVsewpspVHnM8SXANBc4NyyRAEm+gAkyNNR5/t/HTiu2FUOaDT70kkQ0WBHQ+Z5plH2kxcNNM+/Ia1jQ8kj8sQSTF0vOx5Za6H2xodlSojC0Xk1jJqBji4CBAgDuucT/wBphU2e1mEpNaAK1V+Vuc08pZnAGZoLj3rzoI4Fb3BY6rUpxVYQ6A10w0GbHuySBfeNJWtwfspRwrA+q0vrjOWGm7M1zgZaxrXtMOA0JBFuK1LvwvKcp8ukpuD3FobnLI7RujmAi+Yzk7p4H8rgASE/A4UZf3gZnJu1pJDRubmIGY8TAvK0vs8XUaRbULW1Kh7UsBbIaTlGnr16radiaggOLbgyDBjhKne6LjsFTNsojRA7As4BOo0HAXKYaK6eV1T/AAUXAHoqe08C5zCGkA6iZid0rdCkheAdRIVia5/2bxMk0XkAzAv+bcB97l1lOnAynw6rzD/EPZhAbWpnJUpva5hBiHAgh0E3iN69B9ktutx+EZWEB47tRo/LUbE+GhHIhbkS1saQTYQt4+BRkoFrKiiqLrmHilOcrrqaU+j/AHRFcuUzFGReELgRfwRQOH6qrUqAGN/r5KptcVw4OpuGUAyxws5xg3IgiLix3rT1PbFlElleg+keIuw//qysiOhqvfuEdbfFJDXHf/SPqubr+1T3tzUzSYyYze+R4GIPULW432gwoH76tVrzPd91vkBl9FqcYmusr46i10EtLhePfcD/AKRMeSvYd9Z4llItHF/cHlf5LzWr/iH2Yy4WhTpfzRJ8J0UwftHisUcge57jw73kNAtJa73auDY9pFXENjVzKbGOkcDnBXnVDG4L8S3JQFPsgXMzsY0PAHvgUxGcEfmm3AgrrNn+y+JdDqoyRvqPk+DW2CrV/YbDNc01XmoWPc9uUlsF1yLEWkaErPLjKsuNBtKpSeSZzC5tlIBvMg3G9c3t2rNIMAcAbggANBB0JsfsLv63s9hXSOwbfeLO8SOi0W1PZfFF37sipTO62YNjh+bquN9PHrvr9+OWuEogu7t4EDNaN+s8gV6Zsqg3D0mU6Y7xaHF+pzubLiPAwOAlavYvs22kCXAEmQQRIjhB6LoHUJaR4+PyOq48+LP89nHl5UMHtF5qASSAYvu3X+iDE1mOc5tak86jPAcMptMzIkboW2wWzxAJsfPTTorrcA2RICcONd/6ufHnZjnK2ym030ezDmBzmMOkd4yLnUS2D1C6VlB7T1Vk4Uk5mkS27ZmNII8lbw9OpOoI1Pp+vmtdPLxq1NzwrVKo7RWwBvU7MLeGlCUcLIYEao1W2MEKlNzSBcR5+C879kdqHZmP7N8toVyGukyGmYa/gAJgngeS9ZLAbW8Vxv8AiFsR1an3Q5xEkNBGXx4b1UrvqrIM7jr0SyIXK/4W+0ZxWGNCof32H7rp1czRrr77ZTzHNdY4ajh8FpklRUPx5UUV1UISxBnKyXFVA9jv3pNWnzKc4lLexxQVXN+a1G19jMqtgjx3rfGgd5lLNJFeX7Q9jajXO7P3HCC2d1t3LkudwPsi1ryzE18gMOBDLDlmkwd1xC9rqUlSxOzmPBkAzxv5qzkmOHp7H2ZQMuoPq7pq+5PEt/QLc4XbT8rm4WixpbaaNMZTcD/McNI38tFscNs1tIxlzM4G5HJs7uR8I0XQYShSc2WuBA3G0dQfdW5ylZxo8NVrn/MiDuJl08iJHHemvw5Og++a2OK2thqWtQE6RTGYzw7vzWuxe26ptQwxM2zVHBo8Wi6uwxSqYSpMQeUaemiGhiaWHkvqNB/gBkkn+Vun3KTU2bjK3+diAxp/JTbHhOh8SU/CbAo0/wAmY8X94z0Nh4BZvKNRVq1zXOdlMAGIce6dbm3veKtNwIET5K+RCwCuV8tqhwY3WWW0CNythqa0gKYKjaTtwVmmSEyZWJVEARBqIRxUlAotPBEXEImOlFCgU1DWo5gQd/FPKznVHlW1GO2Zjm4qkHZJAqCIBY7UTpu37wF662u2rTbWpuDmOaHNcNCCJXM+0+z+2oPYGy4gkXh07sriDB4Lnv8ACjbxY5+zqxILZfSD7GDdzDc6Ek9CdIVlZrtZ/mH34qK5+x2/wnzKiYa2sqZkslQOVDQ5ZzJRKx1UDCUBCgCjiE0JqgBKycNE9wBWHclBWfTVetRBsRPL5KyWlA9nJBVp0GtiGiwjwTc/IKGUDpQETwCB87ggc0zYfRF11RQlvFYhZUCKwafFRoWSAhsgYhIS5WC5QHeU4BVQ9QvlKLocFGQquYrJeRuQWsyU5w4pIqHmofHxREr3Xl3tzsR+FqsxlBzs4cH3uQ5vh7sc+XNeptPgqG2cCytTc11wQRf5EaION/8AWI//AFR/WFFpP+AKvBv/AFP0UVTHu6iiAu5q6hgULglOPNYhTVg3VEHa30WMvFNpgbgrhrELDmona6qQgXmSzdWQAgaOAQV3UylObaYVnK7f6FV6jo3H5FQAQlvMowXEffohc0bvqiq5YVAjcI3xwQhphBHFYDeJChKmdBmyGFCiIBCgWCFA4JgyjmpmCoWXXUDgsvcN4jcgLwFAzP1UDYSu14LAqIpod0+qLPaEjOlvrblND+z/AJj9+KiVnPNRB0JCFoKjXzoVC9aYGoI6Ic6B7+iKcHBRzyqwfN1A83VFjMOCkjRJDlgFQNLkIqQkuJUAIQNzKVHjSyjQlPbJRUe2UDgOKbEBLER80CTCCoExyU7qpqlOQlFSpE6yOqN9PlKBRasPPiUyI3oQSiBLgeIhA93AJxSaggJRhxO4XWR0S2AlMJAG9RQnmo5/JZLkD6sa70AF5QBs70WYFYcoG24DyUVeOZUVNdQHKSglYJvbRaZEYQNY6546f3Wc6wHn7+7IJRpkb4+SaYASi8eHzQh1+Cmqay9yhcEIq2mbKBwVBypnCGZRiEEL/FL0uNZR5vJJOtjCCEySdyy525TOsAygU0yhdeY9OZVi3XmkOa3qeSgjBxS3vKJu8R43UyT4IpLnHQwhkp7mQEh0nRALsv2UBp8TCYxvEX9Ut/iPBBHu4H6lYJCX2TYB18beKIawAAgjn3WZ4pb+egUZU9EDmMAvvSqyBtWShe7cpRM/8qiDPzd6fVRZHR5J6DrKDMBbjwKwNb6dUDRMEXPlvW2TKlUcLqB/kgcG6Gxm+8WTHXvmOkDMPuVVKe7cAT4/DmprAH1539U2m8CUbXqYMCnb7+CgpW6rJKwCgNrOaiWXKEoDDeKF/ALHaBYZHFBi9uXRR7hHoeqLNexSnNJQGDPBCRl367t3VCQdZn74poJhUCAJ0A6/VBiLD6LPaON4+Moez1m071FIqCR4SkPJi/pbzVp5BBEkb/7b0nKRxPUKBTHumC423i+7TddYe3Nxvxt971ba3h9N5Qgi8tveZ80FcYQ7z4R9wp2BnS/VNyb7308+Cjqf+r+yqaVUpGRYEJdSlJA16adNJTYjSIndB+CS5hMxx4mEUOTKRYT5oHVLxPojyOG42+ajWEjdpv59FBXvw9SsqxlHLzcopg3rYsBPiPrqgewDQj6eOirsqMn3jI8fLksdoOcLbJ9+XjdR7ZOuiR2smL+aOXTdFGGg6ysuLRbQJYiYWC2bnooMuxIn+3S/ms5xunp96oKdAHw+7ToibQBkwqJ2xJ3D4BR7rTwWXUQAfT7BS6dMk30vB5SQgJgJ1GpTIjf4qMYZiT04cgeHNMDY4KAW0RqST6BEG9IQ1JPBYAOiAgfsfqoak6dLoC2+qFzddyDJqHSfLqhz3Nz8Lor7+vDRE2nF5Uqgzgbo9Vio+TYmT96bkWUSdL3RsZF/KN36ohThpMfqgY2BedeH63T36Sox06hUCWEDXp0Ss2abeOn90+Ad5EdPluQObz87qhZA4AoKoJ+nTgjqEdfFA51uW9FCN9r71XqXMblaPQfLyS437/vgoEfhW8fisJ+Y8PispgstwcXm3STP0RuaSMoFtTI3a2vzVrLczYR6/JJL9283A/RVmBpUWgEkEiwB010EjVGxhE5SIvM6eFoWWPJs4QB0ubbvH0Kj3AyL9JEorFVxDZOm927rpqkUmGJyE6xfQbzzRAF2jjbcRbqdJH0TnFrRqJ3Df6KBWc3GWPX4XS8S51gJnhbhu8k1tYRrxP1RscNbcpjf/dIFswroNwJ5kwmMouDYdBjhxWHVxxBO+DFlO1m5Ii1p46Ax4eqoz2p4buP35KtVrlpk+Eo349snSDMcTHD0SaW0WiZEOEcCd8fBQPL3i8W+9AsOAibzz/VU6+1QJEzrrqYmY3qqNpAd4zF+B00+J8kG4c0iN3lHIXQHcJHDW3mta3a8/wDMgCToNxFuuqQNq6nSx96IvczHIR4oN0HwYANuU+KHtSTAEddf0Wi/axi+/eLQOI+7plDbLJIGt3XIBj4+KK3Bfx10v96rAq21AvxXPYvbTWy4kZWmCS7zm0NjRVz7RUiczajCNBDm6aRwkG3FMR1JeHRHXXd80ykAJ9SSeS5PFbbBjvZRG+BEATfdcn7KU7bgBFMOE6lpN7Ru4H71VxXV1JAhmU33+qxTxFhOu/URquCxvtZTpmHOMzGVtzfVxHCbeY3JFb23pOEOD/IawROqhld+zFtJOl+Flk4tgMTG6684p+11IzOcOuJAExx156ckwe0QqNkOphwgEVCGZheXNzW3aTN02GX8dy/FcDc+aE4xrtbD1udy4Cr7WgWbLiDa0AieJ0txCL/iykdWvEybAG88J+Homxcrve5/EfX6LK4T/iuhwreqimz9Trfx3zcaYzF3d3Cdeemn0WK22hJMcdLAa3nWf1Xm1X2uZmylziBeRMXJ+H0VV/tZnFmuaBe+pAOvUR5lbxI9To7XMQ7VsiZ0H1NuspVbbbZ0vEwXaD0lePP9q68mIjhBjSwmZMd31SsT7RVy14sC4ATcmA0A36yZ3k8lFyvZH7dp5P4ZnfHLWfBVMTtSLg2hu7TS19+t15Fh9tVmta1ziYGUTuEtgk6yIJ+qt4jatfKctSRaJG4ACeJM/wC4p4MenDaZcYkkRAjje0HwWDtkgiCO7Ekxx0HGB8F5eNt1wAAQBEfWOAsOimL2rVcBBymQ62gMG9t8x9lTtF616lT2yAQN0kzMGCPTUeaqu261z4syHGRIguawujkYkwvMcViXvIzFxhscLkunpII8lkV36nXMXSeJi/PT1TtDrXe0duBuY1DGV2XqZgReYndyKr1faBnfcHe6QCDoTDXCOsnyXBmme9f3oB6CI14Qjqgu1PU8Tx+KneHV2dL2kp5CWySJjiBBO/pbiq9T2jIIcBxkabwJBAgGII8VyuGo96RrHmrT2yrOWnVsMRtiq5rLd8PLrHuxLo33MOC2D9qHKY0MW0vYTbgJPUBaKm2EZkqdq10N2htet7geQ2CBAgwQ4Xjf3gRGhaCqNLbNUlrnBpLHS0ixAgzHP9eKc9pOqUcNfRTtyXqY7bdd5cDGV0gwTMQQByInXVa6tScQHZsp1MWh38Vt8k+aujD67kt9Inim1MIfUJLgSXNcNDfz9fTklB7mv7TMS6dSf5cvwsr1PDwgdhv0lXVwhgzvLo7xEnfwVoYMm5CV+HjSFkYQ8FztdOMyHswuqz+FSmYXlBRnDcVGoycPyQOw/FTsIQdgVExPwnI+ainYHifJRFxVdr5/Ep1fR33wUUXevOps1Vgaj73lRRcGmcRr4/VMp6eDv/IFFFv6GCshRRYaGESiiqGFDxWVE+wyint0UUW4MPUZvUUT7X6MZ7p6oCsKKAeKJiiioMIQooooCmLKixW4FiMqKLLQAgKiiqBUUURX/9k=\\\"]\"', '2026-04-01 07:33:46', '2026-04-12 13:30:14', 1, 10),
(32, 'Gương trang trí lớn', 'Gương khung gỗ, treo tường', 1250000.00, 'phong-khach', 'HomeFurniture', 60, '[\"data:image/webp;base64,UklGRnwhAABXRUJQVlA4IHAhAADQhgCdASrBAAEBPkkgjUUioiEUGQYIKASEs7cHHSXA7ho11T8i5wjk+loQGPcep/CUNPD3pT9yLHN/WfkZ+4Hr76K/m3uRy1Ykfc/+09c33f/kP+R3uz+0eIp7g/3XAcgB+sP+m/Kn/CfE7+P5r/an2AP1d/4P5XfJP/M8Uj79/yP11+Ab+Zf2L/n/3/3jP8f/u/6P92/9V7pPrH/s/6r91PoP/mH9g/2n+D/d//O//f63fXn+1//u9zP9QP+8grPXjgNJPBX8AD7+h+TdCfeKeRfDj/8i1hUKZYF415Ci/SncleQLj/9QMSPyoB5OKFQeM8We/9Y9F5JIpCRPF3rgdHRAkpL/vNMa2xLAwpif08DsMxqnXSCKj7IeYHPSv2FJN0cWCh9xrUbnWjSI4vI07Oev+O7JuWDhisZYqLbiUNDQf85Rmb7/BPLDR7i1WuEUvEEEPixoQamjAUxrCUpbXX8V6r9SkRgTzrxjHqeO4a5INWImUIxlgqXOAAJOkoZgk2t4uR4r1900KLcp1TnOGYCk27ssnQeOd8a9ORvUhlJ874KrhZOhynqqCu+DcJlziNkVQJAeFHGhxsrDMawKtsWWiSHceysibZctH+DvgOqdTH3eysrLeUIU+J8iHnjqgnuRf95TpDPYaCxLqET+UKLo9N51di60+7RYCvNSTXBU/uMEdo8P4M8/6jfkHLdj9vyHrOvW1OMoSmVtlGoMQY/OO9PIXwWJQnpLc322WBxYmzWsNxxgXQXEs20OPRxqSVl8tPnskK42NSG5nTlXD2J1mUpp4eVO+MChD0f1/ujzSjz3Uuxqq2wPtd+Khs6YK7Qk9xz1cTH3CqU1xOSB7AJn8uKUU+eiSOcyqzwcUHAZXRp8DcG8NEtz/3wz04PJnxjliS6qth8yEHA5zhLADMSWmTwmO1ycf8Njf/N2kimjogV5pl0+VbB8KzoMK/xuzGw2RNQAXcXuXFo1Ck/Ajdho35QOpghA6mJSUA0DZeOj5Eyt2hoWLA9fUgLzfl4Xpt8Ysk9fX9Av7we9owUGcqZ2qxokyOgp7UGX4p5B1mDzfAzovIou4SlS64KcQ6MAA17TmWXTQgxJyYMmUoX6povIfGS8k2KT6G4IubWQ2x/5BF5V8sYHp0S7xXFQFaT4IBB3YPp7p2meu1nu86nsxwv9n3C583DFxyuhUGE0J/J2CABL6gL8Qscl5uNbXxTlxEhzuVxEnA8ay3yE7fmEoeIIevEnl26aHn5IGv/6lM8rrMKVBBnAAO3M65bLZ2FYaUwfAqFJyZXbBPcZS3TT56E2BVPlMG/ALweTyk0iAlxWI8HpuhKfs+t/efj4OVDnF7bzOjoo6Vq2u7RwAoIoZoZN/rpc1NeU941w9peJYpxkBzp1E1YnvgH5HvtSN1fVXXp6F+4XwZsd5FVr1dP4EQ6hzqGCQu8StGITyc8AAP780/b4ZyxknYyQVbomExLoIvH3mHrHY49IJopNYZZGCKTkc7EBy3KWs73r6bbX2TxOQnZQxfBmKqjiYIvfnLFEKqFfeWtM3caTeab9HEgjhYYnRtBl23KKt5qkBs1X2ALLsFgJbuskIGTEbGrkTe7ZEmS/1CvpUzb8rsO5B3YxCUBFG02fOLgXAVjCsnpsiZXRmyGjS0kvWHxYpWUfffU08HHjEq8twLSRUI8mszuFyhPflhEIEufmZNFbB9gM4QqIKlSiXMKqCkfrzkiuGCagAOfBOQGiT4SJt/uAxMomtXljMRF/uTxX2R4duRR2vYC5cG6ZiJNXwWFNS1JF9vHuVRC2gwOD7hwrDD6z7C/LxBxhyen7D/vCRa0Pt39WwPIitYzMmTHZGsUK68exzTZ7ryDF1S4uHtQySmoiTyXYLgrdHkLfQsIDdNy0iISkuIO8NYCC6U9h7tg5NxmDCPfOBMbmDGmgjbRB4AaWNgeMWS/sUwrLF62xLhqQ+ugdDZU+yh9HnD9ViL0Y5WPXF99F7K+y6zWdm1mZ54Ug+fbupq4o9f5eCW/n7C+3jHCmHWTHvwtDxY2pZ02pGej3dDGkuUiCP6Mtd3uTocNRhVTkkpeC+mBpz18ZRJDen9ZFu97+sLcmsAH7Iut0J9JQDes+vfub3L4NimZbJeu9Gtp8k5OkVoCbGUk6g1APwfDYC/dWjtHzlDB7iy3xygeeKPKHBp5qjH0dZhwsIfxiEvVBgTT0xj90uvFTm69B97meRQ+ixhwns1RcNgVHrlc+T4Ct03fumUAtQFoHdkWOTxBtm+vZ64QKV/3PUS8OV2xtsOqAhG9FmlvyCQLGZGrx/N/oPjiNfavD5arH90YpwuF455/z3PoOUeaCn972NhShaNm2cwIRunAKbiZSeRySj3X8T070Y4Ippl7UTK3hBEamUzwibniLu2x/6rnseegDTpVDGj+0MH28GeFVHwnpQ8OE9lfDS6ZTSDp127zHLBpz1YasZoj2hTuNAE5bIqjXESmvxY1C+Cr+PHzJ3b98hbhsONTxDbNNx00tW1TWn+jVCYZpyp8jY/wq0bq97IdwLmHHenKfV/hsmzNZN15yGGyXbFvovyBY9hDBFYrCqizjy4D5thHjsrEqgzCBVXS4A5LwM6n65JqaqYwAvDXbGwiVb+uk2/0wxfeiQHRrVGCPL7Thwz7KWSlO5HsAET0uwyjyhgismM5xf6+nxl5EGWKPqQSGG3objp7tClYRxwGyCG9t4t4IbMi1Ztpco4wEIU81wfYM3nQTt4A3zs8RcB4mvgN0wcu02OJW3Lx4wzazLk/wTfjQ36SHfk7tQSH+LeuiRKuMnxV2TvfvShBVKNZKUc7mibk93qeeR21Jb2+qZ9CK4wzcFsmoI/mK5qhO5bpH3FQ3urESiET0Gt+Fr0QrnXseWDwatV46UEWZy1RqnXWu+ztiKaBQ29vC3Gj9J1eiYcB/E5/mT2B83DcQKgg2uIKOoUhFleipfwGCZao/zrNsdFbUe2AMQBq6ww+Fm3K9aN6EZiYwgJ6p8brxsMChRuJcdDMemQ8317R8OUA/Pz/O2ssBoN5+2J+rOGPNB9II1fQVNCRN+5HAQb4G5YWAIbHCddHByRecgodHA+VkWsJs4yCa0KbsPeCwXiG+rzFbsmXC0m4gcVCjd0Bd0hj9jOLKGOgVkn4+ZoKjf9rFT8m+bkOlNyrNxf/riqIgFLHUyi6JkzLW7sTG6StQQAxSCJeaN4rFDmdK6+HZveTvZFc8mZbfaEhPKDukNvKHHwW7bX5mfMr8/8ffVjuHyd6S4pIf/UAWQv/D4o/l7bvoQGRdZsrSvMyS4ker7HOxLGmj9hoEVvUpMdvUYMF0xlWpqZzX7aSJSPf8dhpVnIZEoHJgLjoHS7/kHfm+/Y0mhfUBnUqFsjKY9ZUBnPAZTbIld7ZO7En8E5gXBcOFJ5gcZadBpEhnF2mx4wk7WcAeexEGtj+uqoG4WGDdoOYgoWcuKeZiIQTBoE9Zb4glsfBxtNa80DlbE2u8WUoRKsOt3VUcERvhVA3kUmU36Tfy5SX7Qn9yoUi8bsnoaKc8pNbVzfAjLyBK5B8dkA3MJZ3/acmSZ4GREAN/e9vW/UXV5CgXD8N82A/OmozsXA1CP47ppyIf2iLKFgtRL5X8hNLYw2Gotb8R/TuOT41qWH8O53SBSERE0ymuHTAVhLe7qzHIvBjqytiy+W9dc9vNhjnCt6LwXojXoaxGeekyLttcp0bSaj+NAACwtN1KwiB3Kh+PzHPlK18ocZHhqUUIf6MYFIJ4TVXxUyPnh8CmyGjw+TYasWu32pAIRrtUcaXQdSUN0eQeN1nO4nU4Y86UkTeNKZWtG4B5y8ooNwbvgLLNIjF/CVfY151b8ngfNw2y2hMRcSWO6572nk76Z9UYv0FNMX/9BUkbeP2oRDm/yPTI7NADLlqCXW+wweraUGO5w7qDNduMHKwJwzv2zmeLHGg4bFeWHlUXGnshrYjNrVvXHogR65g458QGXxePZmupXYBCxWAa21BD1ylsMB2A/InbLfppXjllyWRU44BPt+J/SOK/GZ49qdVTFxjzEsoAtxzY3wCQYqiFpSz18Yy3JQqyuzhrZlM8XJTELh+z9ZYZzumRFw2MOL8SJBREZ5YzgPA6n8yx0n4O/gLZ0a9s4eux5d25E23znNm6hr9kYms77caLIqSukXcAv7dKWpcjWGFUAhzwWC+/DPjBlaeQQzR0fGsMuoxF85yApEn9h6JvR8biU+WRdCteojMz9tfpupk99W3PE6tuImyru7RaOa9Ufe2agvwrzFzS9/0wQ/ohOic2GK05kosuuwSHzHmBUY/RFEUXkYd5b3kFZBnU+QPkxebXpa/gLURvNYG48D/3SlMhk3iSNICc02pf1FMV8Q8RhkGawnzZz1i0TPbMuFfTsTfYu8I9ARIhUowmHKIberdzpFmurjWzHSygqsPj3zghinsnhITEkhQZ/yAQzrpbPOIzCD2g2xeoZ8YVCsJyHdHddKhAr3Pqbp58/wWvkIfBloD5uZMP96L4YvYrFfx3Y9t5hF06HnGodUHhCCxmssD9kxxuu2Dwjz7mH2ZybC5vWPXV443efFISj7zgMf0XSmhCuNNOCVj9Xui/Y1UxQXwOh0Gs4lbH9iEYXezktM6Yuo+5d5O2bFLkGFdEHp2BnD7FkiQnJN+yV5Eu6AiAvximgnv9wVIXLlxrmDSiM+uU82sj1uVDdkfl/BhREFWsO3OVTkmr1sGmcpId2onibesGaPFsV/GufI2XEb7Iynoxy3vX1Yq4cCJSyDQdPrF2y3+tzKDyCNSREPqBfHhFHSDsDiUy2V3nSnrJ/AYFheD1flogz9JT7/j3T5aPCGaD4cxPI54M34EK8oE5OVbNrA9kQqabBp1umTMyt5vXRvAGOx00/kYsdvaY9Z+/eMgnpAZP7n/VUWKGhcdphXINtBgHe46diMSqBRrfOqARpKDKcJ2+YVZ/1MjB6TTSrzwq5sCa5KmgEVkjE1+Kc8uWi0OYLHzOhXlZihnMzV4ts7wWZwvJYpP0oHCO7OgA7jx19d0DObmyurpAWke36inYPxZj+whUT7wZk1bYbaFAG+3Z8n363bn/v5aU6Mr5hqbeCo2SICOSb/ZB1PGMxrVmuijXJh7MU/dGnPE3ralVX4X//P7RcJv7NY6WIt7SedNF9WP2F91CcjfXn/86D3St992OSUzBZJl1Uwo/1zFLopIzlcF35JVBwpIbW4P560xx2HmnZiB2RmPwzzH35OXWyL/sanoU2rBJmZRh4mEcf69TcZ3dTC+FR/9uCKqG1b86Y0/tYjTLv25Eg3KqbnuNaJLj5igIe6pvEhrhSKENqbYnmUzjijVv7Bnqwi6LXI3kLt+0kcmgojXP4ndmRNesKKHf/4jysJ/mAgUD8wlXx147vHK3lT5KVr6quPQ2yIxEO0xRIAreM8v40YMzqoqUbzZVgYGXiXB3Xr5NajuK8XcVfaFB0WJ+jZRCdhvBRrwIlQN+mi40tjTaoF6/fpD9Oo5g6EBLMBeXM69qdkEAUjPMFj8DrxQXyhVwbwinaFgPxDhSKuTQyHRAPqiXNu3TZZknZSsFJSUJx9iIwol2dJ5InnFY5Q2Q9p8O4O3VsnxUoXY59pPnA3qZkCjMwq/WlEv2dV/t88oPRIuK74Ep30ke2zOBy5YMj5Y+btkCPWE9pv0htwS0rr4+D+ZQzlWQP+JSQy2hxhhog/7j4Hw908R6IPE76jpqYGRsdEDH63EHnUCINkfPZBqUz9NGMoj7KkIsy5MAcJmxhr3coIl2bfUqqJaFo0I/Uxzyff4qS+yPaTqxuxn4aLCz6iIDTBfLfnSH0CxxhWHB6iSP9ks7w5MOCmoHm/JQs4emDbzP9Rphx8c/Bth+1PMtmoGPMHRbWxDtKnIJX7/8mIOvnTVvOBjniZ90aa097ez+t/CmGuaL1/TD/6RGS56ccJAmfgLvpv79my5RNko53fnlkqASbGJjjT+qB6r3Lp1QvJDzvzi1P2L25b/FiyCreYPVR1Ai6xeKDi+Iz7fqa7IMgzxlas/LkieuJehYK/z8F4phZo9lVUJhlfa8MIjDo8IM9yQFu0/YceWtyjvunuWTBBeenRarnq1R7DtZRfcGg5LymZmiuu1Ly5ceaQdYbvHIt6Rk7/gYjYKAMsO6bGye5iYVmnjlLDGFApmIu6oQv53sBTyfj2G+lULV7UG33//GWtPXGtycwjqCuwa7hDrQvV4XgPBnih21u5UZ8IxGanlpXZp2761cPuPtuAKQbWLO5jNOoaqopzSZM1pGFG5srxcmqQs5gBw4uKgebVu7WCI4NZy5vcV2OZC0RI6uOjnP1EoLbLlweXvoxR5o4Xk8fWbLFKrY4ncXWJzGL6ZThr17WS53z4oIz4ukuFaBoasy//fFLHFHYe2E7/bGRFK/pbm/7x507DNqtJYZG+KHRrGbtrXV+H5vnppjG6qE6NkwRZvjZEjxv40CKh0OD13/U+mHPkb0ch3xv6f56pRiodLiijZuHTAkEOqr5iW/uju1IB3vbDEbU2ma3EZGgMJfeihNZwCQgbUtckRZqs+S2jJUetOOMieCZLHYM7I+CwDHG3xh2WgcPSCdgWF1LisRrzD5rXXEScgJ+Crybe1O7aJ5DJqCxuubjVSJecVEUrjN7bMV0Bcwly7RXadoIbwJle5oLyi1vwdngAUQue2fU5RwlCOHfqqI2dAxC5OGmPpum4GlbpsN5JZvWlx1ab0PUwumv59kNc/mC+qFS8e3Be+cj79FqImMTypxcVeJqjADCC9BpHH0f7tUWIiA9eXwNJbX07Ia9G1yu2pRPRIUlmkKDOnGkY4L9ZFj7oSB22TYz6Tblmm1H8+X2b5eM4nXT3aiNOdLggQRKmFAAukKG1hzZWTnuse8uktQxjS6rIjEz7yl3vrasEO3VrNQ1362X8zzhgV1DHwGIg3O6FCm/tBTjGBtN0aoVLkKXvvDxevWpDNzP83K7K8XYAIeJY+zNMEQzRRpncV5HpdwKZ5cYS49oxpAwqMfzw9rln9t77bbh+KmFzs657Qa0qO/84jY0TVNvgtzyz6QxMVfIDL5FAML0gdfId0evmi7zdS9hI0QotcD/455cjFUy+1/+quXojROC9WuE0MRhofucaOBA0vF59bWFRB4Zwt/0EMNx5gLWht/q+RM+57tGMM/J7vS2uYEo141twwKewLD6o/48FQJbu0uyshVKUZwviQ8eOJUQ9nMveXppJynEUAysyadkOqA+juVX31h0WbNrWBpaz8t+UvDw2VNd3j92cbCvOOUMOu3VhBBCJoF62t5bv1G8dQMUfam43yVBdEdj/g57UPWRsUlbxv1xC60gIFydGua4/WRz+CZV5NZ6tLoAHbHfGBA0Y6bbJV8OKy4YiI7AReDuKEdH8N930MSB79G/dnWtxPMW1sTNf/myGDR0kzitarUk8spXr8VNRRWUZPq85HjzH6AExhHeeahYx5I6RhH65k6h/tMb4VqAICR1NywJ4cws5Z81Lj9YRoXg/EGJQAWemt0dQBe0ffzrFtzWrzKwmj0pGD6XnaiLcudNeKJ4T+iP5G2fG44RHJv7wliPYSkL1SW3GKepCA+llsjDdliwXXaKl1hJ8JoVsqIi4vLy59mv8uNp3WDcrXKzM8eavuoZKa+HBmp6rPR34tpf7OLGmMnGSAQuIefPLPIUa230gDWO0VEt2PIHbZ5XmVinQJg1kzx7XBcww/eiEWjlJkryScwCOMHwVLBUmFZILrUtgR9B4+VIK/OdxVfn5M3cH0iT6QWu0As8AALcbowirhJA5O3rtJ8s1r/BMSWgMh6RmoBz5K4bsG1xCj/mVcVJ3L/o+auAmac+LacIJF1uGJK0QdG2fhW/OSltzL9JLmWf6za2JlGV+rzLtXIcG9nwAJnN7nA0aCBqCyha990kbdR+NkDjYr/J2n3Tyv5v4d4zNjasruTDkSoR/gutZ+ELecimRRZ4rbpcIneLuKMsiW61X+bJuRRsHUm3m0iTnyqWRmqLxBy78jMRcVXWhy8s6BzBVjSSak7B1FBIJZK+qyo/E0YdGfVqbsBjk4FLWoXT6oW1QLmOC8L78EzqeeWhtX6sLrOGzhIPuBzNLXlt2WNgHmkp0hsrVIGD5V+NG+Gw0tW8Lp5SQzdefUi1u/ncXe7RsJlatL9/evXgc/TvlI8uanrrA6qzpeAuwfthrGPMgmaXLRZ5RK8t/74YYor+37eYGUxuRPyBYnSZN31PO4DgNIADr0vpGCsUkcK5zZQy0OeZlAqpge7ns+WUbmdSLX4MNQ5Iusz2U1n79H13cBe2aVRY6g/lV2g0HjUAGUqvxaYS0OpSgLQov+CGiLwXLajOaT0zYFpcPBBlxzg8cKBcy6uZ+yItqSSSb6JhG60SU2v+bMfnbLIYYB/g4DARp3gAFeuemU2QEHnLxaL0SoP/gSkTt3ZxtBY548sP4lzWb7I2tIi469XLn0NgQN01kwHBMJ7f01NM69CRegGOigDz+qP4VViRV1l3r7SrzP2F/xr7+X2nMOKgvX2od/4RSJk1cwqOBOWULOAPt/QxYDY94odCjQs6EuGAUBqvpY7iN4D+8eB/bRvzMaTRDXM0W9cGDxMNQZaBXSaYV2bjSHuNnnutEBgNn/R4vhLyN6iIpZslPM4IubJbFgujJKPn8w1w3aSMyxh3Gam38/1BNQ/8p/78lSHt81/ld/r19wiX6PjwMalZIXxvHFkyUOyCDtUdCGvSQBpedXK7mtcNWJgy5CS2UMgEPHC/IoVRbEHexEM7EYKtmV3Q2g17ORg+0SohL/JjXBHiaJY/VjQJNwiBVnIQ7U/pGO7Yps93pp7FRLiKVKWXReOEWGOhqUD2O3yyhURciyxsrl2VoRUoqSC0/MSs4Gzm2zi7UrI3LGCcbnimhC3DowAEgb2KrsQShNaO1R4s5gY8GfjyN5LSaGLT7Rp69DF2vCWCJXHhKDDaXDi/hIuF9VPgMXAul2o4cYCPuou8/N4oEIGAcSgqETZGFw+3o53J1f1dCg13oglJJMw1h/pkfcOHmldKNDTP9EU5JwMTNFYLJah80qI57aEAkll3rNi9OraHIkYud8I4g/fCOgPh7vjTA5/xytWFo6Dh2PZSm1O0nSBfbDMvlmQY4exXQ31v3rstkhFJy69IsQRygAOCJ4gh161CZOFlWqzf/sHEjZSN2QppAAZfABN1j6j3JF8YO9DxIv2vt7DLY6LzH5/sCt/Mv0Tlw5ghse9YZvel7jzH+U1kzRl+8pIE/p1ibFzhBYIE2H43i+Km1al1vGpDivGyqOmWhQRAn3o5i5nsHIar8CKZmC5nE/ZDmLXB7hSeobKog/h1PU2kKqs5OfwRlcB34rSYy4tDgGJyS2QnA5z/arCPyU3VbDBc5LmocEbIx+UV1xQmdaTVHFuQiBfaCyNPEgDdmAeWEvf7G2JF/s/XTXnm1cTIUlY6aNbxX6/MvZyjzVwr3Mqw94NwbXUO9tvvvtmNCCwXBFPIKXRYHsGWnW8/S56noQ1NnXkzd8cgvHGejwnFc6MG01AHbZ701oAiqI/5rBLoFZgTDqRt+aeDfzE0gEGH3X95hWVr+/2lJLhguY5+j5E7PCCWBhvCpoaKGGklhvVh8ktxxpVF2pUKB94inSp+ItsJkcA3mSePZV1LR5GMaZaSZ1WqSHvGCddEEVUZHaAHBiqD17IEfWkrEZbNMCeiQIO8FHdYyBXqUJyr0G4lDpn8hmh7KoDNEc456zIHr1mvb+W7F4f6WKGIgooi6lWqczdMNodJ4qYl53roHlIeEUMt8l3s7xKKnjUcCLdj4MQWOCUY+72UxlFWdloAL/9o5vWynByw3TArIiX0CP9qV1Rg0lfRf4f3EJPfyMXJ2NsQFWydDKWIBNOGnjngbEoFe9p/+oi8BtwyLzeJbkZFmdaOZM6JgGrfV/DUnm90LJ36eGeXPB9sS754UvvD9jGe2RdDkO7xFeCdcQq3KHSgw+LMbDyiPkvkVWaedvthCP7gG1d0UnUQAgU9/2hdMaXyyLHH/+bMgu36+xxXz6k34kWnMwfdVoNIrG5oxSQd6BYPQ6QM+i3mqeY/N/vh8yMe3i0r1sRl4w/C7IdZII6XzKg3jqrispJSQ8Zfkfy3P4HpDuPHlkyUBfqzLj0v36rWXnfaBxZhEh86sh+uCqXU5AHx87DeAop8fLvIMqyTgVrqSBf5BQGQy4Wp5+emLNXEYx+uUUZV7b7ijSzhvGL6Dbn3f+aB31NqDM8jQvPgmtjhcbI8FeIBCCS3/Sa6Snkh3+lTjG93A6wekBONp5cJd7anve/JmYktLZP5IiJDRyY/kRIPvfL/hJS5c3VE5QAo6M4nDfluKMpyqkt9KEatgRGI4cqv/zE/FUvkTtdZMvv+TUkUrNZK28UvbccLSsOBuDCbk2SGWmIETV3jtv0HFZO+4HMoKUg+KFXtKpPnmernmM8WuMR56LcW4+uxDbjtUTR+Qq/2NK77QP5PjrzXdGu+ly5gMFqHEWn3K9Gh/XEefP7LQyoKixXcg1geb/xMsSfuhXZRs0PKMfDkM/MuuanpQyN2YPgt/tP3P37itHje1tOvD/GN8vCQkkK+mxbDpySUpGFWcfhRNo1PKxrv4pRu95H7FK1i46OD9NZJoX4+h7lhdf6DKsED0jbYKdexNSLA0pc804LQzU1NuvKJQj/Ee99waXx33ZADOgkwwmOX2v6vXfw+NHCIs8Opm3mJ4IvH2L/ttxpjpMFLSaWZUKJh3wcmW4oWn6BemGXrzbFdbcH9mG1p/1mnZ6b6Kf4OiChvo+/SVAHIu89kZ4KF/b3SGvi0K7LSKX6YJf9rjCsaA+lt8W7ByLzTf222eRO1goydnDib/IDdZeD/ReRVFGaPaf+fiH8nZdfpTcXGrwAB5Lj5q1DGpD//fDQEtFq1C3iXbL3qncfR50ramjCoXYuM5RqKUioS1rbIhS2EXk0Ne71E5PD0xL/oOcaX7Hvv8NfA1i+znAZkfaQ/2dYRueZgPOgVQ2PWRedQ5vHGC4ADX9MlDxSQdpnK+MUkw/a2HrZBt9e802Hs0zptIej2VKrYo/Oc8GjjzE88iE/RPMcjo0ymU0R3AN/1lEfj5pCOl/lp4pWsL0PkjEWsPR0nFIsjnqSNx05FQ6TpSd5icfy2kGCS5NYweEfkp3wKn4itXbQqLtaOka5f/HUqrc9DKWO0EQhOHsostaVmhzoEe3Mq9aMeN5QTDOMKk1qcmAHXKD4DnkKCgjBsZ4CHx5RhLYyGnZr/4hAV9adthaS9Flt/+tANpyLkF/hqI5XiMthmGsC8JebircVrrR3AduXeMr3I/35rrfWPxcd8mBtnXlys5AYrAhHa/dGFStPW5Vlu77RJOFQYrH74E3vYA56zBSlfcIAAAAA\"]', '2026-04-01 07:33:46', '2026-04-01 07:33:46', 0, 0),
(33, 'Bộ rèm cửa cao cấp', 'Rèm vải nhung, chống nắng tốt', 2500000.00, 'phong-khach', 'HomeFurniture', 35, '[\"data:image/webp;base64,UklGRrYfAABXRUJQVlA4IKofAAAQagCdASrBANwAPlUmj0WjoiEUeg2kOAVEs7b1mDRcaAKO1aAnTpKakcUfPX8zzyskfXLqKfOPyB6I9s39P4D8BHFnswgB9XjqTeCfNg9Ev+R4hP2X/fftd8Av9C/w3/r9oT/a8jH7h6iPSk/eD2jGwgJ24LcAAW7Ym6sUiCXvq1bDEAPElh4GjRzCaJnylXhofclCynCy9S9UA4psr/WzOz/nnus+vNMu2HPNzSp/wlcqm8GhRdLogpO1Yk7XsPbrp+jlTR9YyS5z1gCRUX4Di5o6WeHab4eSdxoZakztdFQPmW8Kyd8juIO3UD3ZmBjf+vXYQipCqIMjwmxKgkVVULkCvdDs8W5OM06tGBwdR0FQa3IFoLJCE4gzjk0MM9sIARhHbzwFd8smCzpsdzStf8M6+3NV3EH87+ekFLi5XzfDNEVKk9q+y6u4GQZONCwPUZsJkFJgm9BkJeLPbMeJ2Z25pkAe+pEQyT7gu/25LWd+bMTFZt0SUe3wk0KwCmpLl34W2pRuJvx7V0girIoCq1PqGT9OkmV1SS4y9jxJ8hu3l/LmQk8PgSZV0+LTtrMOoinTkypjbZGWCLAXA6CKba57V1MYQ5z4N0tBivtwNf5Uk5yBCcNCIJ4JBnb3Euq6yuq9FgcwP0G72G765765PVjYnt4KqrjdudSx2cR7hWMVd+cFbR8YzCqH895GYDlCw7TPSdiXSeeAZmCzFb+dKXKqs4OJir+SXQQJF7qovVGjIlucVpFN/pf0+ImYWtwPV27Mdtxe2Bs+6OL2hhR2aBHZIQjIkboDlJqmPAAp5hlD5AjYBp0ZkXEl06hQuuiZe2PQXwFL+LH7nGDBOH9FpJXVTu5Ll0RTYvWnrFzapNmzC7N1jfYY7WzqR4QO7nREbf2oVOeXyNEYDTea1S+0ZhUdL+AnIly1Y9ctJOlL38GVQtfurOH8r7uQQiCUfIBJ3Ny9JpW863in/tCxqImWDs7ZvntPxBb9rANDWAEMqTLsq0FSWHqeuiZEMJnVS7z/yi1az+vPEAGn0ybMFpT9Xa+cnvrt9nuC+k7tF9H6GS1ftNunNiEBUi11f4VkwHA251Zr0BTayIhSQPLb6q48alT2UcPIsdHzHaScZ/4P01v/HlEcqTGYAAD++2Y6u/uwy+/DtLaUJ1PR0FPeqIo21hBx6lAAoRN/mGALC6VeSRCghzSMxaBfhp1SjWMPWIqB56up/dUuVvm8UfzrzQAnmA8Z22cGqL00jWmIYOGz/zsDsweX/SM2CGf7yfFs4ZuCr/olR6z3N9IVqJIrfazNxIIGyznri1xlo5FIM3pdlOEig7pZeNezVdwPx75dT4Xtquyqi6HrJa59QMpJYuEl31sGyM4ot7wlg8pQmy7RQKgO0YGwwP9B2V47AO99OAoIrkLmkiZkLmjo/n7WiVeCpw6/d5JfKclfi27/Uwcx8+LMuC4pJ1t8L5kqT0YSEcXZtivG35yNfcDzB7qNnxuHXBvgrIReop7R1/SXAgqXcu0FSE7wNyTwKhX1WPEd2OYfXI6qsvm3HMs2UKsUthuv7vE5iR6LpOpNRg6Cjxq2sFlGkTgNEOm77OUsI4LaFdrlYa0PrV7eU9052g09dRlEhCuNsTvbNLRHTuztkEBP4Ch9YNLt24fKSBSkLS5ueJZKCLq0/BrlVlbzvTV+JJFN9QCqcBMu0H9sX5nNstDifIx11mHgIM5Zzq8yTklcyqxLrqzCHkq1NjJwnpU10FZ6HWys3WqRukjQGccRznIdHmKrNLKIKjIubjYlZVilK4w0ZXCAarg/qJrut48xSWsWAkWpCDl2mwQQeBdPIoH6aqQJp8fTkT9PSW9+q83H3SH/Lsnq3oZg4GcIQ256OibC7j8eIaKJZzSibxf/KsRXwkOYOUMXCnAJ30RhncCmpN1SqcoMCzPIqyDMrb09syhBNMiEMv5LD5xfhnjrBSnKwrszreyCcaXeH964MguYF0PpV1eADd4jbvVhaCXDZyzgAxJ1FLX75SuOvlec2Q9J3O6tK0V1ApqeCc5yqRq7uDmDWOmHf/K6W/xcsxgmH7zPmLr7Los3HMhhUf46xwkmK7jXrSsjQSOM0yid/btD0A2snpwY3XYbScjS4PKNuMjtm4PyYre9QBsq7Kvy/FYCYVw6UWV7DMWPdmD04j0dGovL3dskda0B/PTy7AscJ1zv7G9p7BpvtzWsjG0nl6t+PRHUGP/drX6jfIrMlOIzlCjjpzj77AzaVLzpbsrz5kPye1rdRjfhkZ8EdduIGftG2BaikSE81X1d2xZeGqhXChtv6ZO1MI710noiZcCfy6fUampsE06Ba3AWQcRojpdUcOr4UZL6A+9v91rM4Guuaio/fHcaYF0nAf8qd2mmaDAch9dhnKc8b6YOE+dTUazYA2kidB5aM/yKbfRYzsbJNIufelXIIk/jQaRi0zKBYyEinqZRpBsu8ypjy42CYbu1oVQxY58hbNTGvhnCMf2L6tngea0HQq2srXOQ+AzN8dokwsU4qlocYBfr8KPsWPfvuqaKNsb5f93AgBwxTxynblYZNPJ+RKzPT7wyX/biRMXQ3DjUjT2KH1+EuNr1PewjNflPBiLXUHO/j6Dt/Lsh0xxfT1dlmWzu2fc7GKDQ8jEEQK9mKBQm22Wb5mxHZMfORUAvaTjQUNuBTtu0oYiHLCsPzjY7JBXto0zES0ZDL3NNjLzQk6D4jxH7Gf6TCDet8TS9nJPU4xAWluY73Neeu9a3//1zZ4prSTwtosTa6T/qHW18aF0flSbS/ruDnf0bB4iV1extdSQVjXKIDX59jGaBAq6Zh91jjNUAJPF0nYbJgKSWH0LnsWM6H9ciyceRmuOtkCTWM10aevZlhyQR+4SfwYciGY1de87EsZOwK9g+3/M4FLYnGO7oBSu7YRK33yILcFG5Pv7UJriaOukROPOX6vDeu4so2AzvJMF1gndhtEVXae2LqIkZTmySGy7x2O2mr1OhpEDwO93pCWP/TtseLpYOvCzIvrbT3dldXiYRrULtg+ea9d8xjgIrIHUDOaC+7WUUN5+IVi7no92+c9BkO2u3yXAjEGbFDDM5mFHriBHOl878PkpDXP3Yawe6qunz8W2UI1eY40CE1gRXT0Q2sFYw+mBOby1rjkKP3zKD2n6fyY2SNcrHwIsOiHMy+WDZyI4i2ohp/ZhNOlPO4AI+9E9HWNcJQVumsBQFkLJ2gmiuJw7Zxu+LqnTy6+YvQvuv+QYs44KCprnXcMBCzLUcICCT92p8PSC/ww8AgKVMU7gZWBnCPLQms2MpboYJfT71FzGVCpTLSkjXzwn9/01i0L0g732D1P9c4DGyyOYIWubPIDO/sFKsZZbZuqPDITMasGQC5s54rgxJ4zrpzH7ryPzO9rIQjhCx7dGTvEXZqeVlWoB3Uv+m3A08VzZq8+TsG6N7vkWmrRoRGXP5PcsV1TdRnrMKQ+pPizZzKIFUgTuEAPO9MfyMqsNovG9TPT4EMDGatoTrA1ISt5P1JRbDodBFFV+1Xlkxt/BIv+HaoPAmONJqC+sbaqIUivE5XJsh9Wy5TIByM0APcu1f0d0jc6/ffeUGMsYbI0wG0IK1d0aB46AEugeZ4EJQFX+Bi6yYwNHDXvJGaso7ztkAJnKMrYKa7oTUViyBRIIeKNtSr6UXVmJ2XZmPL6ama4j84VAicDp3bCxUqVezSw/4sKKwnc57oSuptFXTNjo6IhYqvrtB3bZZXTUZzGfRysYHezcW5RccNCVivQFkIxlFQglW1qv5XizkL6Y+mgB4Izc8+6OYHaPVki13jqG33w9w2FUwMRzZ2K7p4D4ic1/2AdliAKgiU/ajb5Am/uRajDIJBK2VrnNfiT4w55P9zBCPKErqHaWPRfJU7s+SGV06c3SZfgDJlsCpVYkrctqkWBUUi4tpi/rhfbwQd1l2gvmKHLgSeSIdIbm0HkXhMUPThJQyWdUq1qQXtXFyjhlsdvBCtgIg8gJgLhm05RZqkY+NQmkhvZ8JB5y6GfK/oOv4Zq0vQ2spIhrTbrV7vA3V2DMU9CXXaEqHb5h+Y4M709XLdIoXJSJiEvHBD3k5GuyZRR3SUaUmuhWqtprQawVU6gBJ+c/r0sLQd7e0/PPYJorlhcgUTsh0Q5cfB1TJzGNSPQxcTe0omTLQBi4WLkcVBLJ4+UOM91r1XxstnFUaDH6l7/bSN2jcZrMiIl/RPHWGcDOZAI2ck2AbciKey+wHY0kZuQvjMuMChZr4s726ZZoKydjKkEDWDFZclEDwKKg8jniWONNqEtx7gLc/H6My3Dd4KNYf2D298t/xdGYkITBhdU4uOlFlKotqT7S2UD1nBvNHUwE9XfI9882ZZOrJcaBRAqvAVjSUqqBTl3bnHANmvs0XnT28T27g+r8Dcl3/nzLtmcmlJw5EfWnFcBIkMXQLbmAsqEToRNDeK9wJoOwcN9SeRrLw/u8H+6ARiwD3RcK6tdKPx18vsIUGqcajL22A8pre5blgcPUmW3QJCg/juqXQzi571n/+eMHZRieWs0gK75PMsoHtG3KirsJPbc+vpDnGDAG3eZnta/uD4zUuDbw3L+z/td2BrHt/UQAGYlQtAbP6ywV+HJxcG7Z2JMWyQRmd08aSx6X/hQGBykC2a4gyFSaLg+elBaMsk24uz9jEbs0pdtjRQkorcO4IEhTh5NKqED9W8XMFnjtTHTq0AEUSprYTD3QUqwhOvxbVzU8cdXI8V5ROlvbnrfaEfOefczXAL/LkgrOIBPuhDI7mWm1nntjNs/jadb5308d7oxNOP3FYSyVbfi1isUiv0HTuNsvLFO1/l6pBGN0U6Myb2hzpoCglSR5jqqKnxF7OQP5GsnG0rPsfZW9992OyFzfqrGpZ3CqkrwzF/WOWzLupLsTt4EKBu0EYFAccq/xwp5mK8vnp+FKRoQXIvHNa/OJtgny72Sbsr6x4Wdrdp+CjIr7cuz2yiS7TzHiaMyG0Vg+/xRgnZOneRO4R0Zs4u02BTserDOZaiY2Ufvdk9RrSz2RZEKp60iB2rT5/ytb5HgEbXWyqCm02PUYpCOgLwuBUGXhsDQvViu9Y89v1Bdr7wuz3+4SyRI2xlbMhj2+xh1jUcBus2bqN4nS/OuNh67C3LK0XbO0NYtKzCp2TCA0BtUuvYfSsUrURyWjqO1YNnLcLzmjA8Wt7/pYk1jnNKwv9NJcC/dPxZJvG4YpL2fvFbBrmB9kr8DAX47/9Z7aAiCZd8NBwsiyvbH5Ny/Ok03JRtXeY1G52RAKEVHHixjaVHMBToXe9qD+HX/SUlD1ZeioYO+BY1n963SRAWYB1GrRC7a++jEDbwRpPAT+K6uqnTEomupuXTjWj9bufipAVN8NDj1YX0fS6Roer77P3CxbM3hKSdb+XPCsPkT5PF3tYsVd7dtbBNt7x3sdZ7lWFQS2uc8w5yuJA76U9QYcc50H+5zFjAB9D5PFkpJcI/jrv0oyxlYvjKHM/LCoFoGAUB7hqJ0UEHcjbLQv82Yml/S68uS2BSOBt05Qe9q9HfTU9tcLkCAVIBccZftHS57DSIZGik5XuqvIeGZl1cmGVnKzYCWfzyznlOi9flR1ZJIoGHihSWh8hfrbZEsySI2zqPLMq7VEcGDb1vu7lb4exMqLOymPLKNJfexY6AXtiK13y/8Zp1rivt/IV2La4GhJCTdEbx67WIGvV1sAJLMI1p6fmVoGXWINePCdB4r0Kki7BPQL/JKyRpeALk7sIGXf5RpQMtbLuye5UfAYdDkMGK1U4gP5pE2daK+mdIHV3HwwGuAsWuwYBiy7u2bfBpFV2Avz5rinTxQbPkLt2F37P4ueZpL0T1iHB8ssy7szh8AmV7xYjGQ6rGRpplzEluMq0MxdIrQ4jQ2iJFvLHk18fPFVxWcGlx7tCejTPtZzK9f4DIe6XXeQUyBSiZP+5iTaAVKixpKMmkOqSlkHGAL53lSKP4Y0/wabIIp0R55CbZeMOE9dmxCwAzX9a2F/bnHzU6+9Z6oGUZ4nBes8mcYhXE0xe6InAPIC5Cmv5Ta9CcO8khAwFMWm1Qkt7eLQph5XAGj6Y0j39PmVxHLfO6hTurUtSVSmVdvSKjKUGXYW7KHUqYPtN0k53U8JyDCRb1HfZO8e0XzG+7zijHkf3tfXHSfRo0f2kSZo6o88rgW7BMpn4sE1doovG+5I/zbjFVCe+1xAWPfnD1UWa5Spa+37grLvI6VVG4RKSBpEkP3fsfPZHJrNIqEsgUBAxChxVnbu8noUCeItqSWFw9tyHj+PMHjW+i+DKUksnVbMAsVVmbgNCMdplfzY3PHj8hmykIs5QdE8jLZWiFA9bZqLXlw0tlz2PJ9l+tazGUcTZGm8uw5QrR8huRe23smGsi1/CMonZyvLvRyJeXWsoJjCFP25Va1S0Ik23cJQ+sN3VvSl3CcnCQnhUsyjgEgvD+Y1VlUkGwORvs8AiUn1CoEnerp41dZObYb/L9UvpfvkjJd0/rLFCnkjX1tTRxBIjsViFtF0FZ1CwMm/7BUrxg7J72Exvil7PxBX2n/jzRsbcSS7mXO3VP9/u5uaJZuFYWFtIszK3q0TtAbPSGNUEuDbSUQmxf60Q9Bg6BfrEhUZAQoBNopc027xW9/xr2Bn8Iq02hYZGtRrvehX3S/QLNFBrsCgfhDkM6taxunxYKkyY/rAGmxC5ltksPWy4dTo7jA9Qlqf6lT177Off+tkUZYdBFcVuQ47vr6PeFz/4allPS5aa6j4oH+JSVfxdXdqeYG8sy+TCm7ufNb3hbzvrcBKVoCE6pm/rhzySFWsksrLvfA6w9BqnWxIa+/gfdo75/yNCKxMBdQlqpip/9W2RyJLItwo+3GC96YWMjLSxVEnyUPqUrCSgAJUm0vWUBDttcSjSbkvfo0qyY1J6YuMPPnj0Wut7i7NgS2GfqsqtdQs2mIpKw7hkSqB5XNYe7GnqkhkmHG3B2xoi5zgFcyYvSQ69j/HMjDG+WJo5rQ5J/5jbi5es/JTQ/Ln5p+YyBoer8yEQehCX7o/8cKjj62Xyl0Ehp9piMfQ/Dr8Qxu4myIwIpe9s3sF8cGTf1w758XjIFAq9OmN6tj+jcCkJLkKHHPEO6HcwbH/ksO4p12JG4IXfbr2ZzR3nVjZNM5nqExP1RAdDHUTzfxf5BE5XYwQIGqi9JEbe872K5V0WZjw7A+T2GUZvRzRzjzEC6CTjCx3q697tq494y/f/vIcYlXwiakNC7eztl0aZDg0HTMz6zWmolaiWr3dlVLJCmQHi+0xPmIc7SwEWJm+OGlMpbHmSLHqXVj1PV2ULdmW5TRmUypVv3xLAmbsf3jxE397ynj8XmbMa8UWbAH0SYuvzsrdclwpEX0YRtnJlsM2vABZWNhaLqLu244gUg8Fhm5QuZOWrGabC0Ye31rAr8YuouGNBmxXh8NLmOVF+IkdT68b//uDAdvAZ8r250JlexA3AX1XCDZ17X4zwA4eGyV/u3V2LpejI7/UxDdW2rQh/DBTDgIBhzff/Dh4criGkJisE92+xj1FNuKQ+0rDj8JzC513WV4lPbgtQklS6IMPavt4bcaK62A3AZwOG5Ob4oqAo+W24z6ARmRf1oRmvVF8VyuOG0PSMb4+ByfYnjPq+aZA+H778xuME/TKYwoieY86AiRZE9sCRoUct7CTFhiNVvLrBESu1d/OM50RM+5f7tUcCFjD7kFDfMuIwOQsQ4ViAQUzj73Fw/GEMP2Z2uM8V4Qe7eaZDohOSK1YPQ/qMipqP5a1FlZkFyGqbKSQNc7iyUf/jep9i2Kj9Pm4VdZaVo3X66ni6YdFTR1I/e1TmEYpsvdJgAuGai0cqLhFGWri6XdF4cv3BHWF20mpApYg7r6QcFUS4lr9+GzfmFwg4Xb3Vxhg+nVXNxPw7OXG6E1mrz02dZt3QAnkLXd4CEH3g4Jo4Pr4lAfjWImgkJv2kh4s5CJDS8poZQiJhZ/LmzTpCxzTyQB9ZgL8yfa5862FPeCADRUOyPvgeEDbaalTH0QnqnUcrooFtNOTGYs0hBHNF5qNA2LM+4GrBrsrKpNW4duLtASlSZXXra+HqiflRk2ZgoHyazUiFWEAxkV4InNKpOp2OPiH1l81ZgVfgle+4jxsPzhVHqWRI/1ifuINcyTcBmScfJ0rUJumOnzqmfZP9Mbi2WRAvwj73cmHhoHxfmptdjjGnfeNQMQh5GqU5D/H4q4Jpm0CUbbKQqKQKG5wPdpiriPtKBVCoIiisT/RHB7oqD4tRNairKQuCqQVvAEDuUY39yKbugIDUAkxzPlHGcDktYomtpuU8VLdwOavnl7xckq2xXYz3KEEWeg+sMNwf2Fxuj/1XfbzjZQwdE35qWT5TRYNErfY1WABzJ9aXnBQ1weN54taZibT/tBKxguXtvfv0s6EgoXMGqnKCgf2VgynPpITuPzdoB+FpqDPyO59BaqeqI4L1nUFbjvjeWXUhxnAjfVJb6+PRnE4p7DUYEx8H21ZG70JJJu5IEvSK6N1qQeJglrKf90hE1cnS/KOf3Bz0J6ig621FNe+wW+fZXsFLttuaVTvPiUYGSjne1Qi6PRNMciGjp35B5vOPs6m5sqyzCRn5ymQXHXGFnsd+/hvu23fWqxqe7EiAXwXpy1Aupz3HlaZzISGZEp4bU1VNpWPIxarhDXSwMyrWvaJIV2iMlbFJ23Dfkq0ItVG6D7R5OhfEAJmHXNdocC5s4/OUqjZrxZGtbjOMND6iF3bo9J1UF5f/HpOCeJjy1SThfYnm1d/yWyt7BZccm/DeEtDTrCWwaXI1Vz6yLw8pUSImclgyn6VQMpATkGUh+i9MUBwDUCTHZjSclrbfiVk5SXGRPe9R8KW1e1rl+Ywxa25S2clnLxKoCNL2+tM5kH7UCzBj/jDyLHuimrp6/LpeqHAERMSSb6pX2tG6sLoPvH595migYGiyKWH3ZuHcAry6LzqRKIZQvms5EyAD8ZVCYSzqXfzZLM4sTrwKbCdTxXN74jrxzOH+WlxBbglj1qq3MBr9O7ghsEn4DmIEdhtNFm6Gn337OPfbHR88ILgcN4/L6eAvH6GLCKPPeJy7E6aHWusQD0PzgOUXri/7XiFLDXJB1c6P5NQgGv6XjSULn+VZChX9ggoqVsWemQODty7+hnLTW3M399GYy6/OjtkvKLprzLxcBmhodlFk7IQZ+0me14AsuftOWOp/wDHtSwSAHLqA7vi1yNYV7M+0IxoZPsGRWA/3sBNdnn6a/TQ+ZMudA6ALPVKTuSzPUyn4TChiHbiL88UT+qn30O1OHk031otyOvuk33+0fLV75uGKW7C/UGnDWgv6TV89Rx12NjKSUcDsOafQKdj6/C0AqxgPjCjQ1ajI5EN+OgxXxkdGmDD0GNQ1vP1td9k7Rs7SbcsRR2NNLCQbm76LxMM5rYL3QR1ADZQehuZp36/cIuTcfrPeybavcfDb7rkJZDwdotr5nD+sV3Q/6pZGSpUf88tgyXMT5DMKcSvisobkl98JoSjLl4NQaHqhP652gcN1GEDcHAR3dO55oag3vZiIUTeYrvYUI/V4bMrULoW4dVG1h4jxR2wJ4uASbBARXBFrIjGg7N5iLDe+qGpYL3L4niiNZ7SjHVaSSM2G1oz4zgmHdNER1oeBc8oVZQ/PCVd6dkD2Jopp8ain5zh96Xl5VkwJx+lf0GL0ffVXaKU+fYqJMl3zKH3rLzPROvTF7xzPlkxahZZ19IIqBoJ/qDbHAEurXPwIH+aO9d/hC9zZazJoefRN3CVwNyUFKC5G/NHoUOzmzLXzJJrTeN4QSc+oJZQjwd84IHwSnTVfOAG//SHVMzBtPN2o6rNl3vk4ufmCGgdCrEjir69mc3T4S0xE1Wwa57K5HpQnRlTGnsMU7omFS4vLYwRXhvB8DPwtj7LxHc9VGjhU6PqcACiq3LMyffMZFm+WhGQ3KxUjJQI69bIcPn2YcWqDD3AUjbupo7tQ82stnf5m5UPoy6TrhHL7haVdqnaN74taw/8Yfj7GQYMYdfAwN1qgZpnDZtcvHCLolMVkrAVpMBi4fBAV9sRttjzY7GUwAV62i15TqUHhQsXW6dmd+dFRiJg23paAl7rdxZM0MENnO8QmpoqVF+YCoA8v4JbiOQ8emSGBdyAxoKvuL+jta4Uft5TX6NSM94ofy/oAqDIazmIuftzfKcYiTu0rotk48hTAmVusDFEpcsLHZrO4lZVwn9urYPO7pXE4RgHwUjMadbtv3P6nC2DGWw+IxuhfPCAaBt4ap7uxRLbXI4AJfHjAvKJoaEYjUiGONokFPyHko7bTnErlUwdw0l42tZrxMQyI5xH/rf1apBYhdhsrCcTSkIigD1RCWF2BC2vKHlqMMlh3KRa/gzlr+a1aSEbTMXQR+gqik4DK3OOO8wezR15X1wPge5Pdd1zR1EYmfDld2kku5mss+14W66fUyu0lMAUHyBgOnd1b0TR6e+01os0joHI+unX5GjQxAEwmS5iMZX4mlLrtWMW9k93h45d8wZEHHE8OcvlupVBMXSQ5FKgfkXZKU2S740dW5ozQ5gaqx4SiIP62CTywQqRpsZsIygZGWDueb19zq4g4snn9MzbASEcd7btagCjSn08s+j+x5BzNAdjoc46D8LsIEpy6xpLfwFQ09mIHEEcvEug5P6yYgzgeg+IrhzRFp+ncgV564/ns7yYNnsDdF2F3hLJLVo//YpUwNDSo0Vw1+8KW1K5mnqXmm1yAVtnDqvZY9UyP0oxRXCeSIbJzQDajgfWSntv2rhw8xRHLgJamTFU2ANqAAAA=\"]', '2026-04-01 07:33:46', '2026-04-01 07:33:46', 0, 0),
(34, 'Tranh treo tường 3D', 'Tranh nghệ thuật, kích thước lớn', 890000.00, 'phong-khach', 'Art', 100, '[\"https://encrypted-tbn1.gstatic.com/shopping?q=tbn:ANd9GcR0Q9epPk-IbH7vVm-vZpufeDqoJH0X7EgQ3BXV7ZsMP6KhWt3bO4S_iRykwunxIhH1RaLm0bApY2HGQT93Mf1P6o045cepP1j-AAT_PgjIZWAuedYMAUYS&usqp=CAc\"]', '2026-04-01 07:33:46', '2026-04-01 07:33:46', 0, 0),
(35, 'Đồng hồ treo tường', 'Đồng hồ cổ điển, sang trọng', 550000.00, 'phong-khach', 'Lighting', 120, '\"[\\\"data:image/webp;base64,UklGRpwXAABXRUJQVlA4IJAXAAAwVwCdASrBANwAPkkgjUSioiETe32cKASEs7dwt+h6jo6dmg/emdf2S7MCMso+bO/J6advJzvWnEehf0z1pl8cPzvhr5L/U3t9yvOpvMv+WffX8j9vXzs+7vxR+OeoX+Q/zX/I8BfN16hft59N/2nh4/0/on9if8t9r32Bfzr+m/5n85f8J8y/8P/jeQF93/6XsAfzf+s/6L+2flL8eP+//m/zE9vX0T/3P898BX8t/qn+5/v3+K/aD5pPYD+yX/59z79eP/EaCbaEoxLbx8/7i87lx1y/RHKWLfTn4fv71l4vJnc+eMstYX2HdqvoCgQuEsZHjzJ/74qAtZH9R7v3B8sLptBTCnICtziuqt8CARBQs8qZxkfXpCY9FfIZK75jLWZ8im6ZPihaMjwWgUbcrz0WEBxc8VeTP4WnDuanGIN6a7FlCyCRkZpbpDkgy+66FnNxfep/tLR2Tt1Fkq0zJLcQ8Su7WtfB+/5qPnoPXMX+/aqpwHmGa8UFXBpD313MYyucnpEn9dN3rsCqKsXHyyjGWXKDFLHcI3xG1cgD9fzYLdMfRgvqcoEFBJZslMQLo9sjxnBWwU9qzLrG/1nWF+bRybilQjhQq4KPGyhB+u8T+eylKqTIFbbsIaFnq0pNrQgnyTnjYhhG9AfsMMXlzf9o74TPtWmcq7nz6ROaeKCrk2tCEdyrEpavEfmtU0eswephR/bBmTmSmnlxwuw4eMsuZaBjwmIYEM2R+Ip21CB4QwzxpCr0KyFycY2MsxROauC9oBGE5H//Z1GwyO0MzYM/U+EdJyiWBUwQ8zrs1oWuv/KRfOjXM1IHDt5xtOGd3HuwkuS8rj4yI+Gx838GYixZoQujZeD/qrlRRPsaoHz8Od/HDGZkJ963Y5tctBT+rP+IGfXq84t+dBFCzccZtD4VaBhSdfpwSdvfbqStWgwAAP7/gCQ/Rp9LZH+9wWcf/QDXq1NYtR5hcHPH78jbAt+kZI2evmFO1zp/xnzO+WljanQX0Yilm4Mq/OvZweYmYzJnpnE1BtwMWdyznvZLUU7fVUHMp75hv4bMlM68eF0BqN2KadFOdBazjnlPB6bRltHjmUONRJfjaYa1a1y3Mb1+yMaWbbT0cd/w3mSW24klkzTZfVzhL7jYHt/uiJgd6VR1leQXu3y6D+uZfqmBH8yMx/NjRwiBzqkvAaoAtLXXH48a0EuYPdV6PJc+4qQJPDALdl38DETTMiBjTtcTF+2NXvi0WooIudaDOq2siksbaktv8BY0hvIDzvwHZNShuDvEq235jxSc2tVGT1xykMmKOYxi5cirQKP9zUaNNl3qqtpEps4cr9hSREncE32tRpSP8hkY/oigiC2pS16Y1fL3gjGdLF7EWVKbu5g18ezoQi5njFsb8/XIaGqOqyuY9kbLhKOVtYU534/iJKpEKZooCA1K38c/By7cwk/36dkFhenQSYcwhTWHXHT27LbssQU8wZ2V2Zx2q2ov2O4Q09GT1VBzy/O8gTvTZosj5dKT9QT3c56u1dQtSZT8sZTjoN6ePNvlKyy7XBBEvXFVTzy5XElkDJJEFgcRWEVnw2p3VWrx20d7tQQ8q0cVtau2T9gEK7/lgDF+8U3B+OiP4CYu93yWwKE7VNNBDrA3l+aLaRxIBjvIjo5YLouekx8n71E2wSWS5KKN3q5hqYlIyk6MeDX1mtpd66hOhsGU89WPG8pB9SwA1h5lvjBVRnm41PT0izwGpwGc/q/ASyBSnes18pUI8u0814TtcJvZHL5BJ1B+Ay+drsHiN6fQKZSeuIfKEzLrDdpPrNH0lEFMI8aq/zDbkCWjzu2X9c0AKq9ESkei8BZmQEgO7XVL+PT1nu4h5RQBtrj4dnytbfUMXABPL9r/3bQrq5+PUIxNkM/x5ms5QVyTWL0acHhPLBzXFxknbowhZGfgWdJ+WlO67Ai1M7PjxG87GlAAzFWzQinXG93PngzeEkcn149qUnauQTIhpzngGLJchdUSQdvoPFwbMCMf7rDkKgZxjYFcPKE7hgnWkBmDAKGXhpqHkkgsyRRyRG+w16WVtI5NiJw6tJTEv5CWNBLrdk5H8Os1GCG/UGJbv8IwGGH5UFmAB15WlBYU2SwdoVX8wkTKubxMsXWLTRHfWYopwlviKi6/5WnnjFqjdynFCRJRkp72BLUPOpX4Z9jvSIBBCMdoah31Q5NerwxP85v4bp1G0IQc3JNdpQTTMOkYniCUvAPtBSau7rG5OuI0/d7hfrDT38sK4ftaUTqvpoTVfkIl44FDqDBl+R7fsxEYG3n/8DwZwVctWnA/i9oTYdIKUa1NfqhCTa252/8v1XZqDTM4FkQOvKabm5ZdGb6JPXSno09UVnbF7naqgsuIfQF24Sq4wQ1hfzCUMBkED4vSEkwXgeC8VM97RYL1gTtAfHFVybS/4VEsp/R6tVVXro9TebKoe/08KnZ7nZ52BCM1iNYiA5jtYxPTtkliyHT6Iri7Su94KBJq3tgoAGV1sQirmL8gP1oCERJp0yZfyofqzTONszFWZzsPhVzsSFYK8t7ivKCEKXZHhH1+d054xhg4hpeowy9hehzMtgdmPSKtdQesHrVXg2lHABCPCCMfZuMNpj5v2vR4eTMgBem16VSxVUFKNuZwA6mFTQXNidCettGfr8qtR81RcFVsWIwC3gYInux+fcxeHoM74dqlltvr/A/ISJsFiVu9MQjPTXkHGzHRMWmVHSekcPbVVzMWXk5t5y/Oh/nbemO/QkBPC52POjPetU/TKLKPXGwJKwIk7RnC1zPk6xAdD1XEbcXDCQV3sSwn94jxycV5wu94EjsyRH2A8mLz6DZKBMLfF+iMqV/WTVZr32T/kDvw+8s2NbkRPbnR4whm/YLXiD3wEMC2asKEX2mO5S1QFCxqsuyGLZd6S8nVNg36qtTNpd9/tdgbAuAx0vTHvPf/gSLMGKtaKgaNzNjlZ1mrM+mM0r8aul8iG6oAVRuZ366b7skmzlao2U/sdzC/2RuV8LN7wrQg+oJpP2vR69w/nmrCTx1IHGziVCvsio641nGbpYJygsSF6+ilRGH+/xok1rcyLOT/o5G+mwgy/+b3OvGemtbtKaL2XnUXuObDWtSRjmTzoBb1+Sgrjf3/5nnq8Y/4ISaPH27Dn7+CAFM1iXnKfd3OgfeGSJ5Fjsja2O6YZR7FKThT0yX6/sko+WFGoEC0vqp/bkIj0oRo+1QQLDm6kbxybuZ/DjNVHUC7xC9aVCBwdcixqP/Dr5RWUVInl4H7jtT2vxO98GyOljPQGIkk5u+7z6SE7dkdi1d1n1QdfxQle/czwGU3Xj+k1sU5jiSAaI5bNUSVpq3Hjf/oeKVwFYWJKuiswYRWxs/lkCk30Iunc25IEWF0U25CI//xTtzqqYYOrZWw4n4S3FlNKcfjcJtSD4YWOQlDP51gDwT77Rc4qS6TjRqpwbhO5WFKPTDi28W4mUyE5a6QESdPvGQTzS6ZHxmX5/0f7X/Jbte0DSkoE4zo6WkZ+tyHV6V+UrymO0vCtcTOdQVbdj2czG1ML/CP8s5AmLnyr55MrMfAs6Wgw/ByBV4st2xV9DLmzfOvsCFlosz3zaz5wm8pXSmCiEsiSO+K5AVuimsUT50GBRCoJ2zVKVJHSoNFn1ml1vC7uNLp7dcnvA2DsIsbhBDfQgR1zoFBclnKb3BnUyJKZaPcTilFyWzgYzF24Yo1uRHTwctGPaEC7+6EJijBD8rB6FDnvn7Y1fjovGm0VhzSb70nvn6aHsOLoYop7Vx/EIQxHhU5WsL8TtW3lSdyb5+5801H8Q2BMU1LLv8JaW3m5wszNA1mZGcE58nGyNjO+VYsCWRpyc6K6XG75b/TBOxMNymKuMybiUQgKv6O0KgBsuuIYxpvcxmdhwh+KcdJ16XgrMtbYBY9jh5oVTBuXbtWgKStaV9zSFm9k/q7uTg40qdmZBN6qjnrQbwNwcccDeG9ygGlQNU6HbY2v3BdJ3L/c1FgJTjCOFYS0qCorWnRYrVxQU7DonjKl2Zv6PPbkhylobeDd6PKHo/i5xb/lbLkgUsvvXADWZbn7Cxu8FH3g0SKWMb2Z3gGhKSIOl6ahDXLXwSxxj1RTsVwqPc5cv4bOpNalxALZJ6BNx2W06prih3x6J+gYw4Z2W99/LaWt/e8lKFvdipXXqTLitXtq7KosNFE7VxFJY3btkdp8rD9vvX/afolyNDpDoO5wmQ2PyPr9aKla6meUG7Hrnph3ocm/Gw58ZyhJ/mfIK/2HJou2owAJZf6D+ogw64vCMRtfcEuEClzSKfxlpJg7amG116zCM1N3r3xhJKCRqw2bk2Z51Y6LcJAGDMSGcckuZPVfjWnAJoH97FK7SZPudEhQ4cwNRuOAr8kkLk0dw5AVogUW4UfzjKZTccBdgBl4T8Vtm9KYSYSH+y/L7HZ2DgFQfvWkO+cr226k5ansCI9nnoc0EOVgGu1LgkwK/aukr+DQf2Za9EkFr6kCzdlovBjfn7njKdfahPp4bEIzUW34kEKATPdZ41w8aJ7ZcDq6g4GKYBUtcjmpKUmvwnyeW6ir1Cm3oz5thHNcMbvIhr/QAJenwawWQOEJxOzkCOtBEatUur+apDLsKPZbMkJMyuljSAOrYWAs5gh2Hg4w0QkuJPVyennRFJ0IMPRJJJjhcO4ExuuM0XDTzZv3tlKE8lefijYReWabqkM+GVaeDzE9zK7nLOjD3A4l9eFnFO7jbR+8FBl8wv2FvHvvMw9kBsr7ma9qyxQm4+akIA20Ka2IQNcY46im8nllW25sMg8M9pOpl+Wkqnu60zwtnCLU7dlz6GW1I+v7A2GiZYKF5iPF/GOirlh1jK6vzFWnDZ5yNYl1Rdxelrv0bjWvvO+7V0H8SkKyt6+vFmpl4D1U1F5cttBtbsCzZwGLBlVb90Fj/XljLWY4+HsbHudvgH4aeCwALxGco+ZAK2J7g9lDmQTDsTU7EffQig7BAR9zOroRlrUmSj5btRAKAoTm13vjCYkHngrPUtrreVioVhxDzrA3JtUAxpnEQ1a3J3UdG65l3xW8DdNhBGssrT0VDVnDCmwkLH/nC8YpUDcpHAN6uMra9Ij5vl/sAQu1KHHEPH+hrnWuJ7yr5bLt5l3Y1+8ftvd3io86qgq9lzrUgAiI+NUFlTy5wK0XWBFaITLUJoG0SKBrouBqKsQWNnDDH3aYbOta/m2hoKwKcDDeHYWXK59AhjTWdGjuaaT7W8uATJ0vGur+oJhXvunH0kHe0q97gGm4JG8aAOk3l7PfwafOgrEXyxLT0mlS+ilOESgfSK9qZF5nJVKUeGXgmYQy7zSSzEjRMSid7wcK0SzTvTxyzHi8XC1zHyg73PrIEyyMtMCrPP8v03EuJv3vMJZuKcMawvmtgTKZppS1CKOyrSExHydsgG9kN/wNt2dh+8oa2qNJRqTWwhVwRHpvFD7T7eqwzXNCS0T2hGsUWOsy24W3kenE0O5kwy5k1WvR8Bccd6tpVlJtCORrGDUJkAVlxKFnTYsYQXd2OLZOZvo+PrLpnMamLCBf6gnDFzniSorujjax12b15brRBHOTYhDr9hLl6xBq7+Qv9pQuJiesNMgf/qWwQdB6GUl7qHo5czp48HRt8I1juM0rzXHFH4UH/jiwSsJnntQZoQOG7CGtBO4tcY+BNhZZRmgJKy2k3vmoJG8K8NwX2bVETjBu41X/vyEdac6haU20dKvoSrXtqrX+LgABTn8FUzORrpoGRKfnCowxyrID2TNlI0sagAEKi+3RTjr+DXglJdT6iGsWH/s9TljhvJChFQ+NpdEUxe9XjCpv2UKCmxvYBlsBKsxVfuSX61R20uiMwOtxDuvqE1XDymKcfWsEWLlgn8oQDkeFWF/7wptdJNSCNHajpn4gHKqKmFa/xebJU8LbpREJyIY2tU+NtFRSE4pSOFYVmCZWHWE/8FHXi9H6fHXmuVVGn8sCebnrqhL3Z6A6mfMANBU5GNiBTp7gTkjfbSNjrhyAMu/tOX1DiDHyAJNZ3i+Apvp9i/9/xcdNMH8Elfebs6NYT9Ds0gLJsXNhQUsSvIBv4LNZK/A80Tx3ce+a8v68P9hJRV/ee2fVZWXiH79g29/ks/DHcNvSmYuofJ6lkxCfmsCm+EPv4yqurNm9sicLWd65PuV8wNrQ6uHwjjCLvFx7JPkSZdoeY46JIdk5wSW+L+n3lFIu7k38MH/BCT2T/W//ah1SDjCjXGRTq/DlU/uR7o2VZEY98jAOI17Yd5EfgXrxszvPJQkiYGWaLKlDxEszGPCMcZgkmTSd1vDWzsGljbrV0AARMNU0UdNILWMifrod3KyOAGv0nV2pPxQuk2n+x2h7L+bGd9Fdmd6LT3UXtJvKkzwjjT5Ku2IJcs8dfvbcAKFVFOJ6+RX47p4mGkG6/yDiTBUK8pcJV+wD3wE4Gq7ZpzZuFDbkU59jifn5+MJ1Z5SJNVqHWYVQzwR3yZHTU1s3YANRp1SmDo3qmZSaX9lgFaGCW/keoT6lGdcSMv8Bj92zsUDSEuDcJpCyfitGOk06cAdKK1vSs53wgLAiYfQGvaSzn/oIQKZ8Fuap9f8LwMrMW8ZoB1CDZyp3ZrPfM3aUgaWdcX6Xb10wyPHnjlvJKaWmmj8H5YgG6Ecezo7GwmK9ZCOROJZfygECxA5Jg+JhXzaSQW1daeSQehzAE4WMEJSCMIs8hHjlncpHWFPwirKN6f8nICPcsd0gp0qWrmZa4U0NNDX3xwz3IpxlC+ZC1qu2XLS+ec0tq0A3Dx8GLWd38y4lzhAe0YtS1XcLz1W6+gobocnpS8D1VBTRlIVPI93SzO/l80oZtMTsDsFKZk2oKgFQ176clZbdSw45smudbI/v+Im/yQgBG0m+0sqxvOkMcYDkmCjGh2Is+0MpIul9bYD9Vve5ZbIdxrOYsGx/xgtDZ3zhGrvDlwBBTxe/pvn9K0M0qdQ8GBKhmNsyt+lZnxq8WYAbR1Hck51ddq/JhSIaF/zDtxbNSZa4QOE+WIs1kel+s+KZFIvuC811w3AOhkYwqZ7cKoNJzwFqndbWqWtTct1GQg8BfgukHz3urjqw5jZTsp4TdWTPE/H1by46p8+mbJ0FVjOQQmUs9CikFVlSkvxuExkBUuoawjS6J+nZsyqEDuOuwUhqLOQ2cNEm4+0kYybJYIW4PcHQRZEM+0w4V1CyF2ZQcX+eR5KK8YwWZ41GleMj0hkY9MZNhkOb8AnsmpjSazf4E7lKn8Ljb8kWETVa/OqCDoP0dT4spSxLj41BCgFwjv8JcdaoGBOfO6XVrvGjMFyGQ1unF5ygW1GLonU0QOGD/u/AyfxV0IyoKyBTz4amBTklDyML150uKWlNcGDNVw+AeLbw3qM2tWCMoNjggYXs/q/wmmALE0IRRm8tKhyAry6AeAkymffr0hLYgQKSsZcUcTg8URQrSrz5T5Aqnl6ThVCKmBjVRqBDsO51sKin07R2P/EM09JOS+VxalkrCIsC4mBfYC7D/Bm8BX5foxE39k2telCib62yHMvyuA2OBaYgXpiaXiSGUeNC/uVt1KRKIK6Z32m7MXYBShyqwafDpT1AYDL1tgDpqYzc80jzAVpw9UykaC3BH2b0An24bfXs45I9MGTmAl6UKc5Ba4uvLkIudoUgM5OFyxKkiPJbiz53ajAXYhhcj7w6Rwb/cygXGjKzC3J5ewLfoT0yIWYZgQfI9BX4ShR6LRm4UcV9u/ZwEL6rwRBfkx7ULtck9k/aCdLEpKyF18EeVIB3y9ReDvsrHx8eu06TvYVKC5U5B9E4irbYNL7OeD2F1kVwAELMbuxabY7EXm0jbbvvM9cvNh79ZWT+28WevRu4iI1e5qZjG1RxaoGi+tdArEV0uwUINQ3XO34/YFAfK6I2fw2XGLaUBKwtEanM79mM1ZDqUTfYL0XoVYChyEhzaYn3SlPxUmYJBZfT7eIbNyT/ygQRq5eQEwW+jGmYaLOvKV5Kyo8Ef1kOzG/vVEKztIREcmBNz4lF0ia9jCbSACslsiQAAAAAA==\\\"]\"', '2026-04-01 07:33:46', '2026-04-12 15:03:11', 1, 10),
(36, 'Kệ sách đa năng', 'Kệ sách gỗ, nhiều ngăn', 1850000.00, 'phong-khach', 'HomeFurniture', 45, '[\"https://encrypted-tbn1.gstatic.com/shopping?q=tbn:ANd9GcSH8uv63ea-Vndeoaz6dCQ5U7sPDpf5A7OPgb8Jd-LM52gdQpqnyL4Txq22O-V6mNl6ug-q6HMYr_hUevQGru4jwUwllYd7APWI1Yqp7WVdYaGCUcsbjoX7Gcsdbll0VJHFpxGVkQ&usqp=CAc\"]', '2026-04-01 07:33:46', '2026-04-01 07:33:46', 0, 0),
(37, 'Giường ngủ gỗ óc chó', 'Giường ngủ cao cấp, khung gỗ tự nhiên', 12500000.00, 'phong-ngu', 'HomeFurniture', 20, '[\"https://encrypted-tbn0.gstatic.com/shopping?q=tbn:ANd9GcT29hFxqbb6nl8O3wXTIZeU050vnDTpBMjngryHY-YrKYPycOtpMy_zYbb8Ikp0042ONvkkl6ekRcvO7PPto80vfpV_afvLdZEPA3GJrM7SL6PLK4J9M4l-_eWwRN0_&usqp=CAc\"]', '2026-04-01 07:33:46', '2026-04-01 07:33:46', 0, 0),
(38, 'Nệm cao su Kim Cương', 'Nệm cao su thiên nhiên, êm ái', 4500000.00, 'phong-ngu', 'Kim Cương', 50, '[\"https://encrypted-tbn3.gstatic.com/shopping?q=tbn:ANd9GcQAg42h8JeBCScOWv-37qvA8q_06Aes5rm-J12QkcnXLHG5K85Pym5TtIYW87yL3gmlXhPr7T8YFyfywYDkcM632kCK1ZNzcm3wNY8pMymJ4FRnJvlAEinZIoQFh4HoY7R3nwoIKTkJIw&usqp=CAc\"]', '2026-04-01 07:33:46', '2026-04-01 07:33:46', 0, 0),
(39, 'Tủ quần áo 4 cánh', 'Tủ quần áo gỗ công nghiệp, rộng rãi', 6500000.00, 'phong-ngu', 'HomeFurniture', 30, '[\"https://encrypted-tbn1.gstatic.com/shopping?q=tbn:ANd9GcT0_Lk0jK-YnoknyHuBOcmj7m-OiegsrUoCDo-5TqDJ0YO14j26rkpYya5HUjtlMxnhNcbaIDLYuygqCE3Cg0RpoFsODc2IwodFJvu8CDTIt05qn4yHMnokAcdCjCsE9fwBYRV4tXkK-g&usqp=CAc\"]', '2026-04-01 07:33:46', '2026-04-01 07:33:46', 0, 0),
(40, 'Bàn trang điểm', 'Bàn trang điểm kèm gương, nhiều ngăn', 2800000.00, 'phong-ngu', 'HomeFurniture', 40, '[\"https://encrypted-tbn1.gstatic.com/shopping?q=tbn:ANd9GcTZrZVP8LQxjQVaP1h6A754EnHKsopkyrftWbP0ND3jdK_QU_XEqCU5-gBiU3emoueCIxr3Zjcrd6bTKfctMHprXem0Cd6vyijnV85oH80&usqp=CAc\"]', '2026-04-01 07:33:46', '2026-04-01 07:33:46', 0, 0),
(41, 'Đèn ngủ LED', 'Đèn ngủ thông minh, điều chỉnh độ sáng', 350000.00, 'phong-ngu', 'Lighting', 150, '[\"https://encrypted-tbn0.gstatic.com/shopping?q=tbn:ANd9GcSOFdoxnZPnJuM0WMEKN4yhu22p9DHRA8CLoUabJBj7delfjcmt5IhbnDwdg1MPCA9FhNLkz5UmlizkXvLfB3PhEWgiCfcOZ56jOVzjKHjK8mFp9yQ4yVUxCqJv3V_GfH19__aBag&usqp=CAc\"]', '2026-04-01 07:33:46', '2026-04-01 07:33:46', 0, 0);
INSERT INTO `products` (`id`, `name`, `description`, `price`, `category`, `brand`, `stock`, `images`, `createdAt`, `updatedAt`, `isFlashSale`, `flashSaleDiscount`) VALUES
(42, 'Bộ ga gối cotton', 'Bộ ga gối cao cấp, thoáng mát', 890000.00, 'phong-ngu', 'HomeFurniture', 100, '[\"data:image/jpeg;base64,/9j/4AAQSkZJRgABAQAAAQABAAD/2wCEAAkGBxISEhUSEhIVFRUVFRUVFhUVFhUXFRUVFRUXFhUVFRgYHSggGBolHRUVITEhJSkrLi4uFx8zODMtNygtLisBCgoKDQ0OFRAQGCsfHR8tKysrLSsrKy0tLSsrLSstLS0rLSstLS0tLSsrLS0rLS0tLS0rKy0tKystLS0rLTcrK//AABEIAOEA4QMBIgACEQEDEQH/xAAbAAABBQEBAAAAAAAAAAAAAAAEAAIDBQYBB//EAEEQAAECBAMFBgQEAwcEAwAAAAEAAgMRITEEQVEFEmFxgTKRobHB0QYTIvBSYnLhQoLxFBUjM0OSshZzwuI0Y6L/xAAZAQEBAQEBAQAAAAAAAAAAAAAAAQMCBAX/xAAkEQEAAgEEAgICAwAAAAAAAAAAAQIDERITUSExQWEiMhQjUv/aAAwDAQACEQMRAD8A9sTgmlOCCEXUWM9FK26hxl+iAViIYoGKdiAg9kqtiKyidkqtiIJ8Fc8lDFv3qfB58lBEugcxFwuyUI1Fs7JQVsW6kwfaUUS6nwV+iB2qaE7VNQFQFHj8lLAUOP8AdBXIvCWKERmFsUEEW45+qLxlwhndpvMeaIxfaQBOT2Jrk5iCdqcy6a1Ph3QEGyqomfNWrrKpieqCNdXF1BoU9RhSIIm3Q+Lv0RLELijU9EELFPDUDERCQSxuyVXRLqwxHZVe+6AnCWKHeiMNYodyB7UV/AUK1FP7BQVsS6nwVzyUD7ojB58kCTRddXG3QGQFBtD3REFDY/0QAIvDWKERkCxQRfxt5jzU+K7XRQt7beY81Lie10QCOTmLjk5iCZqfDTWp8NAQ6yqHq2f2VUvQMSSSQaBSKMJ5sgYxCYm5RbEHHueaBrVPBUDURBQOxPZQDro7FW6oE3QEwOyUO66Ih9god10DmoqN2ENDuicR2UFa+6IwmaHcicLYoGpMuklDugMgoXH36IuChMffogBCLg9koQIuF2UDYfbapI/aUcH/ADB95KSP2igFcnQ1xy7DQTtUkNRhSQ0E0TsqperaL2VUvQMSSSQX4SjRWtE3ODeZA81HFihrS42aCTyAmvOMbjHxnmI8zJtoBkBoFnkybXdK7npEPEMNntPJwQ0Q1XnYJTvnOFnEcifRZ8/074vt6CERBXnTNpxhaK7/AHH1RML4ixDf9SfMNPorz1TilvMXYIFZn/qiMb7h/l9ins+JHZsb0JC6jNRzx2a1vYQ5uqZnxS3dkYZ6OBSb8Rwsw8dAfVdcle02W6XsK6IxXZVJh/iDDzq+XNrvZGRtsYdwG7GZ1MvNXdXtNs9GyROHH0lAsjNNnNPJwKOgdkrpDCuwhVcKdBQGQkFj79EbCQWNdVAEAi4fZQwKKZ2UDYH+YPvJOi9ormH7Y6+S7EuUA7k5i45dYgmClhqMBSQ0EsbsqperaN2VUvQMSSSQG7bfLDxf+24d4l6rzpvJbr4kiyw0TiAO9wWE715c/uG+L0g2nizDhOeLiUuZIHqqnAfEOUQ7w1HaHMZ/d0ftxm9h4lbDe/2kOPgFlmYOjXChVxVras6pktMT4baFGDgHNIIOYkU+fArI4MvhGbHSncSm08x6q6wu1waRG7p1FW+4XFsVo9eXVckT7Wm8lv8AFMhRmu7LgeRT/vJZtHN7j4JTKR6LkvuagRcVwv4eAXZc0jz7wgbvDQeKeyMRYuHJxCb3Jp5ICmbQjC0aIOrip4e3cQ20bvAPmFW/dlze4+K63T2m2Ol/C+LcQ3OG7m32Tn/FcR3ahsPIuHus6SdU35p1V5L9psr008P4lGcI9HD1CMh/FEGUi2IOgPkVjRFK6In2F1zXTjq3OF+IcNvTLyL3a5EDa0BxMorOpl5rz+f3L2KVPua657OeKHoQjsdZ7TycCpYYXnEvuacx7hZzhyPsVf5H0nF9vTApYa81ZtGO20WIP5neqJh/EOJb/qz5gH0XXPHScUvRY/ZVS9ZofFmIlI7jukvJIfEz84TTycQuuaicVmiSWf8A+pf/AKf/AN/sknNTtOO3Q74lxH+DLVzff0WUnzVzt+JNoH5vQqkAWGXzZrj9FGcN107bpnyks5CsBoFd7SdKG7iJd9FTwQtcEeJcZfcHliW6pUitmSGSlZiniz3d8/NMKbJSYifa66Cm7SiDMHmB6J396P0b3H3QTlE+KApsr0u+3Y9+1H6gdPdV+P225oq89DLyQGKxRyVHjYs+Pkm2sfBumfkVE2m55JEzxKtPh6MGv3jN8WoEi6TWkCcwKdSqbDzDQM/da7YuCDWgAfU4kuPK3iZ9EmNfBE6eV4yMKTkCddeBzTyF3EYARBKYlrWkq6IdsCKyzg8aGhlzKxtg/wAtK5e0xamuYk6JLtNLacx3hcbHabOHesZpaPcNYtE/Lm6nAJ00j0XKmy5Jdy7PglP7qg5I6JdEqfck4NGqBs0t7in7p1XC0oIyeSU049FwjgECn9zSXJcPJdRVtts9nmfRVc0fth0yORVaeq0yftLOnoBtt/0tH5p9w/dV8N6l25Gk5rfyk95l6IFsVejFH4wxyfsM+aul6D+aufNWjgXvrheh/mLjnoOxoyCixU6K9DPQQ4mJRVh+pwCMxU0Lh4cyay489ElVjs+FvRBW31cKW8ZLYYNxaGi+86g0VFsLCishcgd1fVakwBvQzm2fp99Vju/s0abfwXkFh3bGtLffBIQwVG2wU7XmV+Fa8c+i9DEFEg1moRhAMhM+AVkDM1A8vJNJBM5EeKCp/sOk28iadEPEZEHZM/1D2WgMMSvfWlB9juURw06AX0r5LmaxPuFiZhRPfEaAd1p1+ojrUJhx0iAWPrpIjzCtMVBqaf0yQxw1z0HM/tNcThp07jJYH/ebPwv7h7rox4ImGO6yHqpTDIKUaJIAdT1/YBThqvJYG/HvnRoHOZXGbX1bPi0+h91DjsQJWFsqHwVK1jid1prQV8UnHTT0kXs1uHxbX9k9LFTTVDsfAuhue4v3i8j+GW60WFzqVeALy2iNfD0Rrp5Omkm9/ekuVWuIwzn1OWiCfhCNfvgrt0tOSbEOS9846z8PJF7R8sptHYgiO3jEIoKSErKsjfD8Ydl7Tz+k+q3TobZWE9RcaKP+yNvM9fcLqIiE1ecYvDRofbhulqKjwQrcWNV6acE42toLdVRbR2FDiOm6H9QzFJ8wCJ94TQZRsdSCKrDF7BY2xfD/ADH64fN1A5o5B0lUY3BRoJ+ps2moc2rSDYgi45KB8RyhcoRHCfvoBMWUzANmDzTcWVNg91rWOc4NBoS4gCpUVrNhQZBvKffX1V/hW7zybyk2h66cVW7HLS3eaQRkQQR3qy2S10yZXme8mU+NVhh82mWuTxWIWkm8edDbhRPcBQTyzBz5TykhiCKJPjVP3TJepgIY01NDTXWluU00gi4lzUQiU5nyH7p8GLUCedUEkQ5aCXqfFMBudB509Vx0edwD4eS4XN3cxM87D/28EEbnHU96jiuoBTM21ply8V14GTu+ajxAMzKsqUINqZIB3kEyl3H3mgsa8GcjLSYlTLXJFF0jXIE+3jJU20ItFFAxaTJmRrOn3buTtjw5zfqZD1++CDMQz3ROduB56rQbOggS4cFjmtpGjXFXzqOhsAFl0gLsh9lKS8jc37zXUpFJBdQNoh1Z5Z181wYhs6iXI6Vz91nY+xY0OsCMHfkiD/zb7HmhBtWNCMo0J7BUbwG8y34mzkOcl9HV42t+YCZhwrrSvl4qZzzmKZcll8JtJj5ScCCRY+Kmw20nMduz06hBoy8W7106muk6+arYO1Wu7QE+7yojDEabGUqVrzqOPBVDYkAOyrwPuqrFbKDQRClImZY6jScy0WaeOeYV40GVKzpTTldNlkaIMFjdktNmyOhuqqLgCLTXoe0sGIgmPpIsR5cVno0Eg7rxJ3geIUVjMRgX8OswOqAxuzYzwJtJ3bBhBb6EFbt+EByQkTBSqFNBS/CmxTDitiOeAQ3e3GuoMm/MIoTf6e85HfQcfD3akb35bfdllnw59ps+Iof3SDHfwPmPwkVCQS18LaNaGUq30qmDHayPT2WROJit8fJLD4uM4yaxzj+UEqjZnFNpyyOpJz90+FHFZOyN6Xp6rNB0Y1+U8UGWgCezFOaDvAjKoIzGvJBpN4/0r5LkSJYcPMn9lRwcfxRzsaZ3nKQrWwlmgMhvqOc+gqUPEfNdhYgGcwLGxIvTOeq4d3UjuKCN8UhprQyHrY8gqXGOmbdxl+yt8RD+mhBuby4Zy0KpcQCDXnzQQQIH1uM7GQnrITK0GGhlrb+CpNnvm8nUg9fsK/BC8WWZ3S9WPTbBxnoPFNJ4eKU00uKzdu73NJN3vuiSgvCBlI9ZJObO4I6UUkTDT+69B+6hIItvCWp9Ml9N4QWI2PAcZ7jZ6gAHvFVX43YR3focZird4ky5G6vzFcLgHg4Ay++ibvsImWkHOU/6oMOzHlrix82uGRp3ajiFaNxxnQ5lWmMwMKKZOYHg0IcKg5H71VRifhtzP8qIW/lf9Q5A0d5qKMG0nUrl6lFwtru3TXQSNRmbHks1FivhyEVhbKm80F7O8AEdQk3Etc0lsRpqMzxQapm0J5Cuhl7qHaIZFFSBoTQjSRE1mcPiXl4awbzp2aQc7nQKygPEPtEud1kP0+6CF8Z0OQiiU6B1JH2Kk+a05p+OisiNDXVp51Wdjb8E5uZ4t9woLx5ahorWSmRZCQsVvS3aztK5V/srY73HeisIaLN/EfzaDgqG7F2T8wb8QHdNWh13D8RP4fNXzYIZQSAyaJSHTJTAECU6aD7p0Tfkg1F+NZ9VUA48ukKCXT0QbYsiBcZzrRW0QHU/fBCR8M42B1z8FFB43ZMN43mfSdRlzFiFRYsxoTi11Z1ByPELRQo+4ZPBlwF0TtDCNjM3erXZ/wBNQgyDNquAIIvJEwNrNnUoeLhS0lrhIihQ78LogucQXOluOaRIXOtfVVb3NBlvScb7pMuU/HohHQXDM9Ex5caEzQWgjAEW4WmfdXMOICKFYjaGG+buTpuTlxnL2TsLGjQ+y8kaGq8+TFNp1htTJERpLbppmqjZ22g87rxuu8DyKtg5ee1ZidJbRMT6cmUl37zSXKjMJ8SscZRKHXIq9hYppAkQfGXLisVjPh6k4b3t4P8ArbPg7tA96roLsTCJO4/6TIlpDxMAZCtuC+k8T0YQ2upbjcfsmPglvZqPxD7oshgvi6Q3X3nXXhMXGau8H8RQXkfVunyRBMSBve+nVcHZEnE6gikxRTnGMfoRqDI9dSo4MPtSMwCDxrlLoqBCyc/oB4ty5hV+I2bCfdjSdaA9DQ9yt4lbUGmijMOfaFNc+mqis+/Y7Gf5TjDM52oTlMOrLkVX4luIh9pnzG/iZMnq2/cStZ/ZyaMtx9QadyKw2zfxCeoFAef2EGOwk4zpQ2PJAExIjdMrHelLqVe4b4aLx/iO3RTs99SVpocBoo0V0/h6e3iunirogDZ2xIOHEobBX+LXrfpRGWz9lNDnwlnOxXXgCra8TccJWQQ/I3rU8jy9lC5gGp8B7+SmeSbpOG9+rz/dBDvzpQHIjPgT6oWK3v8AFFug60537rrsmnIlw1pMaSGfVBUx4E+emvLioIUTdoQZDjKfXJWrycqcqeKgjwd7WefHiigNo4Vj5fVXJ0qluhCo40LdcW30Oo1V1EhbuU+BQ2MhNcBKYeNbSOU1BTxIaGexWUSGRQoWIxAC5iiciXqF4UAr5zBGRmDyWlwGMD23r0WccuwI5YZ5ZrPJTdDTHbbLWT5dySzv96O/KkvLslvuh6GYe8Lj+ancoIUFs3CxmDnnoeime2dbfq9CmYejnC9LcjqRxX0HjBbR2M2NRzGu0MhMcz6rPRvhAg/4cSX5TN0vGa2DogsZs5W8b966YBN5OHj3FTRWFg4XGYYzDfmgfhM+9pl6q2wvxa1zgx7HB0pbgaZmd/plO60keCGCZBcOFZcN41HgoIOJlVsJoJpOhMs5nuQH4djiAXtkD+KjumfepP7MCZ93AaKPC4l+grlJHEkVHU5tOn7qocxgFHDuuPvTyTYrJcspW/quAqVpDb11bl36/fBBCGk++Sk3geLsibcj7n+nI3OYy9pZFQSVDnuM63SY4g6zpLXgn7k+0fqGQuQMjofFQujZCg4XPMoJojALnkBfkcgojGI7NOV+9Naf4dbcDl7KN5sgfEE6634FRzUjATTI0mbA5V+81FEe1v5j3D3PgoOvEzMC+Q1z903clcgcLnu9004kkEWBFhSoqOeldUJ86aAnEMZcNmDqbaiQ99EBGZK7ZjI1p7p7Y5IPAz9D6JjoqihY0JpEiOUrcJaFUUabXbrqaEkV5LRxIJI3mieRGXAjx7lX7QwLYzZEVuKVDggporJIKKEVAhubNjp0OeWoUeIYoAHFNTYhURjAUz4IJflpKD+1O/D4hJTWF2y9fjQSa3Go9dFAyHJwnQHI5z0CL7Nc9NOfsoMQ8EgmhmK+49l25KKcpeqrv74ZCJZE+mZ+l5nuunkT/Ceat3w5CZqMpeugVdjcGyKJPaCNCKfsgbFxD7tdfSo5cU+JHMvpDZgSIoJ6keyqYGxnwTOA/wCkXhxCTD6G7ek+SFi4suduvBhvyBsf0mxUVdwtoxKjsm3395qxwkd34pzpLXgqbBAloBILrtJ7pc6XUsCK7eIqJXyraXn3INISGibc7nMH8P75pm8gsHFlxFiNR7o/dDb1nVo4an2VQ6ENaNOfHUalcivlMCnHM9dOSie8m65vTHEeX7Khu9JcjH+IZ+BzUdTb9hz0S+c0fT2iR/LMW4nTrmoOPMwNJ3sAnYiK0bp7RM5ztOlZZ6oCPiC6Uzbu6DJNEac+h7qeqKJxOIm4TNh3ctFBi8RMiWYmedj4ifVDOi/WeEgow6YORByqZG09LFQPjRSN2V5+VU6K0gnStTSfumwp9okCXU99go8W4uqBMuEu6kyeQCCaFEYJzrOmgmbcTWWiiGMaKiQ6V8ahQfIayTnuscyAJ3zuoY208MCZAu/SxxlwmaHmgtMPFDyReYmJ6tr5T70PimkTInI3kq2J8RBkjCgzIl2jujwmqHH7dxrphpYxp/C36updNNRf7QgU3xlfiPcKrxdAqqBHxDp/MjvPC3kjXQHRG3kBfUj0CgpohLjSg1XCALIrEkAAWpJDwt0n6j+6zvPw0rHybuFJGfNbqO8JLnRdXrBbPsmfDPuz6TUGJYA2Z0oPU8FKwSqeg1PslFiFwO9Xjn3r0MTA40dOqUw6rvpGoz6ey7hWTbOYPCsyeXsoooM0D4rf9otKo68ear8Zgw8SLQ4eXHhzRoOlEnRZiRFNRQnnkUGcJLHgEzFmn/xPurGA8uB/FfiQKAcc1JisE14I7QPf3eyhwYLHtabtI6AZnioqywrt1sz0Gp48EdAib1CbmYPH9/ZA4hsjwl9PLJSYUzPQ1yCqCC5IEMM3XH8OfXRKPG+nebycc58NAfdVsaMgJxMaYIFG3AFpHzPFARotpGospN+bDqPI/v5qANmRpWqilHNTzpyNR4FdhT3hMcJZyNDyvmpnQg4AikpAnOWR4ad1VyGKy0CBjIBlJ1JmoF+Tiu/LAm2wIpK0x9nvREWM0Snc5ZmXBC4qBFe36CGcZTMsxwPGqCPEODM+MhU9AKoX+1RnCTGBg/E+pHJo9Tkj4UFouJOzJzPNECANEGZxGAjN+svMbUEfV0Ay4DxQMRgI3m04LaUFwhMTsyG870hPUX6yumgyA3sgT0TomFikT3JTtz0WqZs9rB2RM16ahD4yMGN3nWsBqdeiChwmyzmQXC/nIKyiMDGGWV+Oo5IVuJLT1J9FXbSxzqsaSB6XU9Kq8U6bqKDdmpU+E2iw18tdPAf5aSM3EldTR61FuP0t8kx9kkl6GCHC9kdfMp5ueaSSBuqY6ySSBkLtt5qGL/nfyjzCSSirDFdhv83mFHhrHp6pJKoX+m/kP+YQD0klFSM7L/0nzC47+D9PqEkkE0LP9J8wmDtFdSVFbg//AJMX/ts/5BXbVxJA3Hdnou7Ot1CSSI5EuVFCuVxJFPx1x+o/8As/t7sN5JJKSK3E9sqoxva6BcSXFvTqvsJEU8Cw5LqSyaHpJJKD/9k=\"]', '2026-04-01 07:33:46', '2026-04-01 07:33:46', 0, 0),
(43, 'Tủ đầu giường', 'Tủ nhỏ để đồ cạnh giường', 1250000.00, 'phong-ngu', 'HomeFurniture', 80, '[\"https://encrypted-tbn3.gstatic.com/shopping?q=tbn:ANd9GcR0pWVfaskh2vUbnGyAsx-GWSRJqpcsaLNwTjMz21Avy5h5FiTpb_z5wVdRyhlJq86HgWpPokFwBKEfxxPaj9-pQOZKUEXpit98wWBaHu6po_iagO2fIHcNzjZJdN_R&usqp=CAc\"]', '2026-04-01 07:33:46', '2026-04-01 07:33:46', 0, 0),
(44, 'Máy lọc không khí', 'Máy lọc không khí thông minh', 3500000.00, 'phong-ngu', 'Xiaomi', 35, '[\"https://encrypted-tbn2.gstatic.com/shopping?q=tbn:ANd9GcQKqPD98hYFVT3xxLnQDnPWj11dcPcfJUuJUtWmiZOyPkKoDXXXZFGJfKosC9IumAU9zKbqG_Sivaxj0hyldtG9n5yM-BpWVZJuGb-enkd2SBrLunLJxJBs841onjI3wFI75ueq8-bS&usqp=CAc\"]', '2026-04-01 07:33:46', '2026-04-02 04:08:46', 0, 0),
(45, 'Gối ôm cao cấp', 'Gối ôm mềm mại, thoáng khí', 450000.00, 'phong-ngu', 'HomeFurniture', 120, '[\"https://encrypted-tbn2.gstatic.com/shopping?q=tbn:ANd9GcRAf65ItItTlTpzmvyqZh7im_l_FfSzk4gy1gjvOVLySJoD5eIpLN4w1ObRRi45xgMG5kLL5psXubCn_NI4GBKohgvvZH2_zys_TpqfoPiKAuc-AoX7E8O9&usqp=CAc\"]', '2026-04-01 07:33:46', '2026-04-01 07:33:46', 0, 0),
(46, 'Thảm trải sàn phòng ngủ', 'Thảm lông mềm mại', 650000.00, 'phong-ngu', 'HomeFurniture', 90, '\"[\\\"https://encrypted-tbn3.gstatic.com/shopping?q=tbn:ANd9GcSOIlkPY6NVjqQPnHH7r6JDC3Sp0ER20lVlUMPyn_AFzIsql7iE9CQd-IXz5ZQtig5WerP4tqBMrg2NR3AH8SgrczNWbkiwjjLrrNMNuqA&usqp=CAc\\\"]\"', '2026-04-01 07:33:46', '2026-04-12 15:03:12', 1, 10),
(47, 'Tivi Samsung 4K 55 inch', 'Tivi Smart 4K, công nghệ hiện đại', 15900000.00, 'dien-tu', 'Samsung', 25, '[\"data:image/webp;base64,UklGRhIYAABXRUJQVlA4IAYYAACQXACdASrBALwAPk0kj0UioiESeV34KATEsrd+PfSyG3UbH2G6zCU+x8r+CD+qt8x+6HSzf8z1470R6DXTHf4K0796/6HwL8hn07999DPDH2Aahfd3i98IHtD8o9Q54naQb3Puafn+dHIF4dNA39K/872jO+j+4+oh+v//S7I37s+zL+vDR93eN2Ja9cg6iVZOk6d4HW8ifZQ/LIq4GRf+vu0MdXGXsEDiHW0+c/XfiSaSo0+A+fxISUM1iTY6MDjQP7HvEHwWmAxS2TkBqw415dwlG9IUJ7NLO5mSndgmlRIchbfilK861wsTCPo1LXdsBO3iuj78sT7aXIzttQNLY/L5lFw1r6OPPNRs93g4mgnv0qdXknheQ8TO1hLozXQ+Na6Jb3AJIrAugf8AUQxGvuKfxPPfvlPtxuPH0eD7v+BOC/ag26Ah4hbjYp+jgTfnoQF2O53S0eDg/K2v6Bk4ObNKMOfgsvkCEmLzEX7haW8qIn5lk40NZCZy48/qfmaIB152suK6rntPXlSBt43fEwQlt3elA7V9nG0/XvuN/5SaPrS8V16d7B1Knq10/q2GA4ECAFOsIBJ5pj/r9LZm3l2+XnhXdPHK/lyaNqhF3MMolgWOk46WefAt2WX3WCa2i19Tl7VqX+YicpNbQCr2hpwsF+9wpQUK4X3HC+z/qsptbtgPJdDCqlQ//TBj5xQvpG3jEaDgsasmjaiY9lCBMW+xyxSO/t3LS0M8CITCQbSxjF/HDhEQNzV43mva9n3p2gxzhiy+0IyDitNeiRUiV/8BptZyqubEBE4ZTwIu9lVmmN80KBNBkJEHp+vYHTojSSoq5XnxqA6GAADWOwjRGJeq/deb5jmUsayA5boo/k0tgP6lp4uJSEASElvaCWmx4Ahd83RVvJKEt5+AABVhBPRmKDHPrjtAtCCCvjMB3jYwmNfp1gf52K5QJ4AdpbffVHTzDMaRfMHmnSEp0nTwlr1yDqJVk6Tp4S1IAAD+/poAAAF0Boz/7y1Ka/+Ln8uT8R8tpRxnYRkSj5YIN17gNcDc8ycdihvtXyz6Aht1LESs8iSTwW5l9IQSa//1SdNRLrwFpcD5Ar/8pzWU9EeJw7978rXhpkUaN2SRxjfv4MoZO8Jz7sv3z2y1eWCkzQgUH4lZ653UqN9JBvQuwE1nw5dTXX5uZcaWIhgKboV8ElQ5pEvac//rc4Lqwi8gNCMXgoc57Wvzy+UnC51YUZNAWvNKoP1AM8ucTMo3zef3pDK4QHrnstkucBEW+XtZZw1S5ohAyZshAzxsN5xeN1mKOOjdeNXcVEdX7PLAyP2RsXMxWSgcDBjBpKK9ql6eFL0SiDmpEJ+jYi2a1eosmlU6cizzXQZKTa3kYsWJyxORlVPiRaXV/od39vmlob28PTZvMREQ/v+axdKtS3En5Wi9FERkqqgDwuvTD2tFmM9WwykPzQPAZRjsmzf1QTVd0dh28zCeUOBtHe7ZRNoEGut7Eh5M40nd/5Zx7I2b8aQ3KjFnvgBtuqfmEZa/4xG2kp9zh0KDUlOl7zxK5Z/4yMFezPMjL0UBwQOtQMl4apCVhxAkJXfUE1CsY0Sdpzzyg6i6r6vDfloCrij9wozgwxN5WCFWZ0T/oFSho7PY6rseyB6iXDA5cOn44PzGlAvBJax1Q+dN6sg/9X4a4L8+KXSSwoWOER3DuwZVNFTPp6xKI+K7KZ2xrSQ3djL6KrvVDA1e1Qxn7E6iSRmvVvBAi5uITC7FbMb19YGQ3Qmr58J2MvV6ZO2H+NXTT46Q791+GGBWFZzf8Uu+thZwh1i+rCioblMHPM05yBJRPanDi37p+zo+xZPBgALpw4x5DzUJLFsSE2p3e2yY3FeqM0GNxoOYtMJ2HoEPjR7mmo/JDw22g9QrjuwGVph3f3YxAdPSnDNQSzg3d/V7deZP0CFU5n9RErFoRAAibHYUqwawj0n8gh9kZ96jARmrK0kjQAM3LmluTqxJk0ua0L4elXcaa07BJAmGxTdkRcnVSBliYnI7yd7zz7oxtzn5SwMwzvHiN10WsecqUCLvJyBviizYVs8c7WLRh2xPQBVAJbIwmXTfn0eOUT5h7lOIxv3jTIhTMgPkR4cGzdiHdpsTOT/EkRUQsCkqyN8vORwjbM5XDZJR43uHyrx/3iUahh0ygFv3LHjMykaz2/ESyzT+jRH1virUaQpOU+8oQvpd9V1DfaI7iykVCoX9+C2AejrUW/LlBAiH8d2I4g+299WWxPOpynLJ/o1eZeb6izNm7O/NvNOhdhbFSd1NelbaXrHkN43+QVc+DNzzC6/i9IjiNuOHMJSwtBv6HEk1EbmEJXVCUDulUnRkA1uDaGV2JCFDqAUuQ9yeDK48mDUo1CVw8u64IaIP62WVWgcNjgnSyHGGFATu2yTuJl0PbyRSnObP2kyo939fzHPARvHuY/U6Bfem4TMcPovhSPjj8gvZ2bVWBx2OgbGUFP2oy052IPtIHJA/qxcP7ruq31Y5zyBZpztf1t9UGbGWi4IitU7mQC+B1T8DBDIKsN/+aRY+G8Tei6f0POyYNs/dlkRMqIQndxkeRB7afs3ce/jtFmYAvXYdT1WzdQJBEgMG/w9JxG2bLLDp3vsjxJQY7PCp+zphkR7CL7ZMON14dNo3YeR5E+9bnU619QSHipdKEPx5LewCwqYjxe1Dg5mE7+gjTE07WLQ7fBgHADInr1wxuo2srzjfs8skONfa9oNkh/P2mN9PnyRAPfBeQmYlB5rPUAoLyvNjrAgGo8VSyXPnvkOvixN4h3Wlhz+P/Ba45hwmI8KY+Oa8L3Iqd+5jHBeJb1MjAI5cqx0jbMK1+/2hlkerOPx27NzJIDz4z/c0UVY/wZAyczGBpysN+tBf7IfvlgGe7UMvJOA1Weo5O2eNVFdNyGYusqWd6RRETayPI2/KgvXL4S6PfRYjM/U950wYpIAs2UR62oJrf9Snb22SF5A7MF6yxAFHXYe3P2uMTbwq8+7DWu5F7/9zIvfyPNE3F5ayvYEC2BS8ZcfwdqP5xYZsdJoUyIJHlS+advxPrfus0SNv0TyoBkTfo1ETy0t/I7uDmbPHDtCt3M1aXE3qxgO9N3DXZZlvYgbDUHaUyn32/jb9bPM6Xy6/+lcJzddw46cs9tbB0oO3tvuCyEc0lxtMXKC4t96ALRciCbO3UE2anwKCpdr+93s54/RE0vmXngk+qqWFADqF4eVt8UGnNn64dAMxXKfWmk08i73ubERzB6n0kkdZngggXHuV7twRy89nD+32fOoMvRkBAGReAr9kSPcOj9dgT/Hxd1RGbMmw9yOj4Q5A+OHd3Si2qWfW5G2dAOhxlJqC5FTPcTu3YJ2xM+Kh/q5aFTSJ76qnQPaBagKAc1RtTI8FjE3nRc/efTSKJZQk2yZ2LxjMJ2nFeZw3UxhMpbR1Sf71Em6HQqKVygk6kLBBA3HTyl2ZjEp9nsc6sLh3kbV+ZThJxBpuRbp+3dh+y/SWMV2pqKvLPNvX6abiO531/gzJ23glr3XABKP5Z38aFMeHedencPz6U0ovW/WvlVQ6BwODurc+9EqzV3bx8Od5bliw+BRv9WOh+ruvm5tcu4aWFJoZwpfTeigAybesqYLubzS75yPo0MpzNeQ3czo0o7UUvpCDYvfr8/Mj/99kfBIgJIrAHgm7CWP1AA7dcaOuKpCwwnUqmwx8RWrdqdBz6NXr4IIfpqk5YXRidOvZVNYSzs6lK9e4dd7AEcwxeOs46s1zSboJOWqxt//pr0iuCuYDewZKwWAHxFb7j/R8Ktl3jNj9QwaXqSIHCI4agFJpNtE2DkArGQURCFdMpA9emkEfd8X9aytnhofI+36xF7I+KQcZMS1t/d75zyt2IHsDljmX4c/+a3LQStwJmlsEAU0qhaQh5j4I+bScXlbrNdji3vcXr4x+6ybIxf49TroEsfZ0OwsESKzkx3BVp9dld97egyJE2SquJWF+QsWTAuxZovj6pVhsJJSejcdVpScpXkGlxQRO1/eEIW62+iX1q/g/iIR144o6Mr2Pk+zVMVmhk3cqw24TS+oxDyVNX0wWSpCT0IT94VGaE8y8a2GtETDKztPlEjtAioI0Ow3p3wO6WDFkV3fJF2hNZu9i8p3hDsQSTyvWMLjTMVHMs2UrHxgOO57qHQbbauCl6Bys4MtDi6v/Mn9sSVyjCi9R8Uhk9Pmil1PylN18dOWk0FXnQAD2cMJjtU5R5UDEp7NRZuQqUd8JhM/nPcSiArIeJmJpOylk/nd26AUw6BWR0urbrPUYCM0ZLMZLazoUrRH8WTX57Gszct/kNCT0F8VBUWCLVblIRGZsR60VAgzMixDbRCE3fLhLnamOgkh0cJTt/ZDgQe9TPpBOJV01Oa+38kpt/3csh7HlAhdI1pRxjRk+j6NC7RprD2HZv6np+ZComz8PVOnrOKwStQbGsXruKoHMKfEs2cz/B6FFOX7pSq19SMl67ZcNO5Io3v8434xtMZ/mtl7/IsziLjYtVUHmE0mx9ngSu+GdE5BG3KtE7K6MHNoV+baxEdKwJZ981T9VTeL4dNzURkH2eXQQB8uEQxoUrsB6OfxXgofK9QwCkAeVGOzXxUoTAVsLP8BiKFp+rH5B7qtHURHQ/TtV4HsY49v7saIdxhSnjA1n0BNoYwle7H/WRSmdGz+Hiv+M8OuL/c3jw44wNG3IQIPu7JolHLqTNL55+4WQiDA8QiO7d2s9/GFmE4It6nNMbd/HCTRkBHV/RcHYBL1lIgOov0v0WClxGalWtlxwTU7MuK0UVMAzGMBrZGAQLCThEHAEjV6PTn9PQx3oNoIo6qM4lWVb8ZV36fF/F906ui37YpGCDCB1bTijNjhMpHbaS0Ga0zXz5dP5XFiMWUW026vCvMLk7q70hRrXnNNeAL/xq5bHCQhVH35erAn6SegOyLXwyMkM9k4yFKVPWmHMNh08YxUMb9h/jVgZzkFQyFilI2E8iyh0IXMOkfAOqEJzDkSaLd7fDk2nwUUxTsoj84PfxSgPRMQQ50qCXzfhvTXTvdVvPB6l8pocKOQebOuWzYTh2twSsfua1iUwWeIovHu7tfkbVHjxvWEMx/tzn/AQ15CYJb3jbpzzuSxBQX3JYy6NTBL0tkY/CFMhMeEDvh5arDmPO4TX39txrna9CfzGwDTeoL6xuf7p4w/8rNgvLctD9yG/g0GvJj8W10vGfqMkxVY4orpWOnpf44VO4BdWZ2iP4oLq1GStIKugHG8GHHzVoAlB/MAWfaM2jj6l1axdHfkNtsyxj4FmkgU+sHh0MygdPj57x+r5SqysLwDwmrag3NH304AC60nkNbUsRHY751fZyDqj4W14F+QZOsbjDcb3cakjRJXKWhGgl9J5sCceksJWTadr3vP58CAIr4ECiNn8LanpbNO4NDV5e2rHdDYZEPk4xkKcy163Et58zyZpQhZKeLB5eY2Mn4d6280i0wG+nj6dZPTE4kQ0Pwv7esA6OZZ/ihJKbb4q0c9Q21vKvA1HTFlcSfG0n+7LUICeadyYRsgKy9+1zGPLvUE26kb+EC6+V+0xlVbhAnS5T19bgN1meeBmSbsXC15mjVwssqCkMPc9l0/GRP+9gGh5nRpuz9xGZsTCq9pm1RmmRkKtv63eKqDL9aVXpymVZUfX82BjfKo7E7/9ZlHdZdN+ed1HUwbnxZVntDQUuWGLqDRk5ic4Bb0tUOYhmgjajThLdPwbhG6pKagmtWWLAyRQTLqYpf0nuiaBR26iLdI9zxKhX99MFAjIa2pBsqw/vPGp8QOxIKjHsVjHnPRfpVoWtyXjEgmgfCMVD6V7+pIIw2+G9UrPBO0Y1x1rX40kyjrK5U2MXcXbc/p+ZFEsHmXLitPrmP/QiI6fA8eQ0MDCLRFlhrHsH+SdjzHiM04c/wzJ2ez6KcL0UsEGG+BlsvoqlRYKrTztnQrKqMhmfUaF7y15xQ8Z6I3T+PLCQfEkG2sKahdkgl7S0+fEun1JYnN72/YC7swuS5D3ylTaTi1MePj5cKT7QESLgikao4Br9C4c6vzpeZCzW/Gg0OhRoYlQa52HNsRMwhX69syQ6gkkyK6Y02TjWqiILoRDYEY0T5sRvrVxTSwRL/UEBs6ojI2XdTU/efbLj+srZbv7si53UnLUC193g0KgM8GH88vYNCxDQzSIyP47nzfsHFXDJ3lQhjFBec0rI7H9j+3v0dkFZ0WOKdY4d5OQIdHf/icDFY//azUixVqgO9atdu9ijN7o51mgNlY/0d2+GLas4RwEeqiuQPymB8GwyRK6GxTZMGclwOe31f4roKNcZpbkJXMGz1gDMUooN/v22DENYe79H9Mv3UCs6fP5ZjekJnunss+X8Xuoi8AfuhxOlLCTX9ett3BdMAJ/d2UL/MpL67YAtvbQOaEiPY/nrLy+Sw3LHl++NCA6DYFr9lp5qjQF+dfLCzFPIn82lwP9ctgeGWpZ/j5avMn4ZtfqjiDIvmevEQ//wzQY8rKqJEHVN3tCHs/6UKTByz2MZXZWwOADOf+Q3ahSifOpozAOXsucsUivvoc40z4T06Qt+QfI+bSm3pUWDC/Y7f87rFMusiex1H2+H6y+FXVQ1AePcmYV2vBf5gKQE+LKkhaKdxVbnkKLD6d6RFd+OKTPr8JZzHBohA/fQx+0t/LdT3rrvddFHMg5NDEITBCGz2mp3qhDESgnoq2Djki3Dtj9FGwLjJx3Lc43JWLiwLOeaSsggpyqsG4LfrOVRUz9zPmqpg1GlJ6sb2Np/guCSU1iaZ6aI97mUx072xAYRFIcvwcmaq+fnvC8rYV+SJcP3qRKOU25/Eah911A7tuhlwmqGtAA2bmp6tqP7jtPVI1im+19+RNKsb3rWfgs/qvoov6UFbYbr03L4JWyCdOLa2d9UXHkkJChJ0obfo9uMbKzYVHp05raQKSygqsgdlvCg00us2ayuIYE8+pwXIgJvcxE0n6ihiYEiH81D8pME77dgnrutRba0NNueLWzqXIbnrkpdVPEtMtmhi3onMJ0YgE0a6YTdgCwL8iWXiv9g0IeBtNlxV5SwxItIJ6cDGZjTOwri9+ne93qwKIb+os4fQGlT9W1ftwP7cce2bhbg7b9qQmwkpCsTQH+WYnxymj/4HdOwpXifM0vMzHsYxbeFDnnyYP12+0GUBZ7zqBFZ53XgY5CMro11nRJMDKIUpZN0j/l4GBgtxtn0Iw+sVKOoDptNVnnLlkkvjajfnZ66nAYi3MuwLbcYS4ALs7EaS0zVOt0lCHOTkcKMSVRL5h5jSa6cVErWmVWau5S0J6jCRyYsNYYibkis10tUbjXXUspoe9YzlmhdRetVYrv1U37PJEECJ7l+lgaprNbjU4QuV6aWXHpiNlHiPte07VuT49aoofMNxvdKdeUJINqZsnkmLmdFHcV5jWMfTbpYZnTHuHh8QJoKAWRB5i4Ct5AKv6iP3uTAiyhXavvkBY6jMl65or97Rw6l3X/n92mt7dtFIeJwHDsNnDW6bDHTcoC+CUZ4ZH4QHc0nBKPdGjz16XRn6HqjpCcN8/9iDOBwgD0rV/bBB4ffEdc8WCejEnPXIdfdyva3oqRv3OxnCt312qqxiu3Prp9oh2MsQ4USVbzL873Gg9yslxlZESn/9MXwalSim3re79FbEC0uid+/anaaZ8jH6f0phuD+giZuC2QtZ7kqwBTFB3JVN8GkUaqoMbyVnOXAKW9cDw64mi2r8/gDd8nBvJFx/tOSt7yJd8zpLR0VULZyMk4onLScsipZl30uW/G5dxDdXOpprtsnkE8l2O6f3RlE6tnmqV/cq/QvQrOCA9fYRP57++36eTbQsQr21BHtWf5X5lyNSxi+lSYeDVOS5+rbt4MU4p1jGrTDEgklZq+BCne6aev5gDf8oAFMNaDiN5vB+x8F/x66eVDs0yYePx+n37zwUGW+is74UQCPloEUlA5VJ40PUzclPHJeolU4Oc07GYqbGobkXoLCe0+CAcJn69iKHXqiQ0+0w0QAV+y1eXfoau5tTgJC6D/BkziITOfgAEWkMrFNVwJvBRQTX/xKWj07/+BRN2n/sbGnDHoL6p69N3/J++2VhsaziwCfXAAAAAAAAKOgO1rmF9VuL6jhF77M9fz9oIYC+kjg/hUh7TuT8Cq/DKhxJtD5DwB32GfE+MUKB/OSdsMhbAAAAAAAAAAAAA=\"]', '2026-04-01 07:33:46', '2026-04-01 07:33:46', 0, 0),
(48, 'Điện thoại iPhone 15 Pro', 'Điện thoại cao cấp, camera chuyên nghiệp', 28900000.00, 'dien-tu', 'Apple', 50, '[\"data:image/webp;base64,UklGRmYUAABXRUJQVlA4IFoUAADwZgCdASrBAAEBPkEejESioaYhJdE7sMAICWcDsB3t2kqD7W++oxLEoFXZr9Rm4w5028r6SB4p9gaa+cd9ef5H979s3cbwFPanBagF+cL0rPxfOXkA/5/j4fgP+n6Af9790f1M/6f/u9A/0//3PcQ/WT/m/b784/sn/cn2Jf15LO1+t8mWg7X4WlurosoelebV+iS3meXxgHjyIXJR0K2LLJSYofuSlqtwHVf2OmIi5/2XrTimXIDxkWvisXjQU+uFPzrNBb1kmbBTHRMM8rHuEUcAqZKVU0jlp4NPP29of6V+We4oqvB1qOhut/tEmb1DeXvbFa+sajA3WI/jQBUp9FzflT9n2Cf/2eSV704O4weHHoCXIxsO54zk6h55yO2+Ox9M+SVW25bi3Xpyhe24kEQw+Hu1z3uOpix6Fv9n7li6iZmdoupGr6SwLHHYIEgohwsbTJZHx0GIEYRJfPnl8d5xk1ZhheZgdGILPUR6jHmsq1aNcXor8LQtSwUgI5bQHpq2U+5MElB9CY/+ouIz4pWyk9H0MV4kn8B7WEsQke4YpPgdWbINscMOQjLj2v0ptwxnJn6Q1vQLw0iQxdD1TUemdXhC1fYHF7eqkSjpIm9uHcYoAhhWn2VJe1UApZeEWZtxyM3B+rJ80eJ4XqXQcTm3ym2Nwic7ORNEBBu9T9GbaFbOl62GUB//wu4oR06h2vSiy8LNmiY7X/l+hNxRCbp6tv6X3OLlCrESLB1bm6zookk/nJNerWBfboBs+BgFfJbqU8UJDoBOap0DezSyrkwPoufXZfeXSDJI83FmsAIihjgbzIKQws6bQILl1TmrKTh4vJTm7LHxBKdjxYrGsKJ4Td/zB8aMGb84dPZRwYGxcX7VM+BxiIpoEZGTbU7JkDgfdNL0sjXi6DTgGo+ba4ZwMpmtb6comdKNU4K60HDeqIRvkp6uLDUSF9UO1R8cvgu2zBLycrkO99+MrTjtSiPmCVEIHT1Ci1qtau0P8GEg/S64+j2bgHLegxgB1lKMedM+FJSW2KbWMohmDbG13avdlyS0TI3dVzmVfZmL3D8X1H9MuNqnjAq50KZKjfN5Pgan09m5vz37grEfD6QAAP7/oihv2C0WeRhWG/ZltwgAEtI7Zta6iQ+shdn7SicIFx5+MZkCbWS4Qf0Q2ZOJ8nn6zaVdMH2V1iW1a64X07UVuGIRMNOsNCT4+L31hcPh8T/tiR0mAGSlKyCWxFdph9UK+AwlX/qNNG/k/V7wEVMbgfDUitSSnlzwQ79/pc++9Tsenbm+0V1SicqCquuIJN9KMSGUsyNLzn0cLq91jOQxXtRF1U6Ji49Z/tjbi86KGklP7vY9Ena2h9Gtnucwjzp/Prux4vOZUj6gHzaSal6GxK58UmJCFFYKInpSS/5fcXALais/REW3YWduvQn/Yjct4K/29zB0rkcbB7pelF1kuqvjAnvB21VClkeJ/ASeC+z4GISX0Sa8C1osv+bay+kXNr11wcyG3XMcOPIjWwyRfZpdSsZbZRrXK2/yhvLcJzyuFp/P+c4iXR518cCad9wheStU/nn/nQfk9tYO0IMDZ8qfCwowLpMdt73qg943JD9O1JKBcA3gPzkvtU9xwAgWslFouWVXc8er11VhdiL+CkAsg6QJhX8TXbTFXnk72prhB5Z5P46VmLRrweQZ43d/cspiHt7lqyWr8mOfn7B5BCvXFnr4oNGwNe1J2l5C+l6fof/cSPYQPM42FWbznPLrcnA7wGnf8uBv0QmC+NDv5k1j1OfL8dNtVM92shsPDZaYxNQG4SKmG2AtqwbDCrtrTBc7uNgyN6XnuXied+C6au7QGE98hU0dX11b2IQCXhYGBlp1qYW/QSJRDdl/LUJfer27EzUJyF0/HZsFnRAYdXDEYDDeaS4bD/b7KLJEcvyp2ci1rDWPNaSWvpj/cI07ZpsVWRhHedkNz7n3HlagPWKwpQimDRj8TY7GK67AWgNgmlMb8SfRB0Xu4WboJCzf/gLRpyCmOpdsGOMTg1EJCM3h670L1JzRriNtmzvs7IVbS6DmcQQYhzQpZ7pW/FXwNvdCxNlwkdSLUJDui5yKIPEPEF9MVtEOTkAV/MYEjnIooBX5TVg4fZCU5aCkp2eroiILy4lka/eYc30hx4L8seAHrdQg//Df/HRfl+z/z3k6qRRP5b5k7S7n1m+cP33sd/pY1tI3hxXP8xuE75TkibHpUUICgvfsPDFa0ov265mfsOQ9VHVANHZchwcNV+en0U2sM+3naEQmFBeI+OJNIp20cnEsXMYrguMnU6Cfm/KALkm0+tKmaseo7yn5YYjTDE6O3w3OhGgPmfF8UNJuynUDWdtIhNABE+Jj/tSWLnectJss4+YgV7g0c3yXpEjpQvu6powlspK05kD9UYgnpNsUD3XcKv7l/SAXDs7C7WR5WqqS2Y3Uq872S/niP4orlZH0c2skoHtYJvGOgUYsAN98ZNyckpZBOAxlmngTkCLRFqT6UeiIBH6vtGqWJYUot28AeMD56ulA9i1X5E/m+V8AwW2e1ww5c9SjZwIgXueJ61HcSd5XpcI+NODJ9aKIhgXK0toiTbC5lnt6iPbJNRf0aN0gwaO+hM+K1xqsPbmTGsa9vSN+Vhxvih12qcu9gtXKU9POKo/kRTT4Sh4LfHjcRURYINxkerGcky6VU6wVj16gl5yQyixhsR8p9s8a7as+6NUuF66XvCFu7ZCWPC9tK+2S0URsnAkESGJqaSUtV/gsXz6qEfBT2hvD1CUdOWJN7bn8zyzNcDL+1lpn5bWYhdRh2A6cOy2uNf7FaXqYazZA+OL3WHRZv+vOK0cJoFfS5Nc6BkrbBpBy/O6u0XceM3hIdPRRGI6ZAx1aYUz4j2BFdwd3BPvKWfSWZ0kOab4hahhEXoPCNfPWY1T1OSwY6R9GleCFf6QhVW+g4FoH/2BrokQyuUR6Jmrw3hD2sXvtvybhViqaFk2OSrZITqX3V307oyESboTN8ulKvgGJ0vin8A+sp4pbueAu8KMS+v5zoDJy2O4OXit7pW3O+9KtBCRmjQ0BRuq78wanu3ecCJgTYc8mopGwe1Fh64q1Qj1HjhWkk/VZw2+V51yX0F6Yz8DJxJjvB/YAEO0V7D067Su96HDkk5QFirWKW/P0gdXzjvtA3o9D1iPzM9S94+cg7vFhoVrQkQxGAtiuU+H+0ErW+KaQLCh/TfnZuFoxeFkMzhlDqbqGz+IKurtby/kfitV+6d0l+F39Ut4JjLP74kh6EcczPwFXNVIBIic2LFzaEyEKnRmT01faWxCkukr5fnIQdgnWQVgUmBPIwUvGg640uyDtszuCfGDyLsBqtTowrCcn4G96uu3lVcY7ukqvmgWLXBPj+EZDC/WEhl7RaI4vOLmzNv30k3HRn9g4bGwlHPPI1oSJQeIAIUlU2D8zREPXK0tLamyb0YQCLcjhCmD8zizKJrUMingv9paMirO2y7/ih95Qpp4aM07cZw0wg65lJNe7rEm3QMhGkXKcJcdd2mBS/I9BMESszjrsenA4IRxqBXlhjivkAtGpqTWahxTprjDsilGDPxgFsFZzBJeor8TX5WYYjw7aZF285Tci/m6EVFaqx6/O3U3SWJge+xz97MHmFvnLaiYRvrez44Y8Tt2ZBHUb05k5Q3jgigR9JhdErrchgxIQZzpUXgwNzYVX0BVlAgUp/2WnaUjUTaCshkOf6u/wJpwtoSECBn/awQ4ykySBFZ7IIE61lZj3MjOzer23ll3e2uZH/LGOR+xqkYAuYajgm9pMTkIerSx4GucIKP2q9D3q8N6GYNvQPUTSMsTU9/Xr69pKC2TleGFY++ez6Nc1aC3oY71qTniXI+3Sciv32NyaqJXdfq5ykn0QWmQP2K5bVNVDaoLcDk3XOCIoEb3+4xv5WrZ1JmZYZGbyU61FO3ezE84gCDNYgz6t2x4b1IhLJBRIhzKacyKd6PxjT7DFaD1CIU5yWzhpUt94NtIacPa2wABz7G2FGUsZZGAeEFjTDpfrGvffDO+/a2jxzi8feKkdohJ8jXLDMXMUOU25joSWvvJw490MJMfHP7rKZ4NLf8481jZaCA78PD/PqQELwBCAifY57ylZhQdlWcskAcyxc9ZPfsdwv7O2cbP7j+OQN7wW4CRXbxvV1gCbin/Pw1XPrKmhDMx1EmgnZigGidzjqrjfhEAXWNF+78ssmXmA2YdkdMyU9zTkjkOqiz9w97P1YFcJ4aeUW5Gq8vXxRV6hmEtOupuyDgeCfge5nxYVCWEQP5Kn3BE4pQJRfI8KWVBqkGu9jyNFLLz4XAIRBC7gO4oJuDfVIf9Y66SEEDHiohfkvvukRhEifNUeYb97SSt2ecT1bxr47TmRoZcYy6K9ZIrbWDkLLtaL88w1xr133mQZVt25Dey6/mRiR5kSQbStLKA31eJbe7aJFXZndEKM6vMS8E1EAUQaTvJTClrGq8SMBR8Wy6wzurZ0MwsJNCL+49hvVMyPkkvPIJc2+s/44TFbNBS3jJCPKVBBtLtg0VZIzChEPZOzKpK1GNv4WoRIepl19xsGM3F2JcROAbM9OYIwQWfWneDPhPEt0dAebu+TZ6Hp8gLhQ+y+cp073JyvwVapGDVvIckyg00kthJdF1X3Zz5b6N5XHqAA6uhGUjMlx9dc1K8Maw+eLwkAss7rN0zJsw0pU5+U6E9uTvEPgIE3uE3aCGxbeaNlZUgU+MTSVuRiXkODiV+C6zA9UHawDyVVxix7O/azgv7/zHd7wYPw0x246jXgkJevHIHeTYkldsEdHxkskfMAAHsHxpL8YtPU5TIL42Z/pkY8iQ2EGy6hev/GffJ6WLTSloYEvFUzZWfUuAMeY45hWjqS21nL5RHuZF7bosqr3lHcM8cJ1TYyv5JczEv/86aXHT7kQHTvr/YeYZ7xRw7gebzEeBCScf4J04ciBZeFkfNUKPBHEAI47YBRZIptg3qHNNnARa9M+Re59wdTWun/uZiTjprrbBAgyIIZ01tWl9UUgqN5wG+BK5CvzGdjrCGMua23CSkCghWc/oJkDDzTiOoo+fL2T3owKYOjmCbiq7MHjF2p5Y6u+V5RzoFZIPIWA6Ewp/TPRzuX4/E+3pV7TJFQSZYJxe8N3bwRRIiYg804/8jSqhjzu4u/wo7GbaC4uGBGMLld6IGR2oyyC7MG6+5Q+OU80aVgrBLEPBm4woiy4S8Sis+kQe1KfE8vUJAeOX4U2HhDtfdlIK3HWPfsZtBu0gP3PgR9e6tVC2SAPnxyPY4Ea1XGmwWrz+lmlhEgc+7ahOWx4DZlFMeOlFGUPX7cJhp/P9jEaIk1HBL6mSQm2IO1oAIvE4O2nDLQ1TbXHAqKDWa5lIiCHzNYepOZWt8ptqYmFLLjQW9cIS8wTbBkrKTrY3s+1rzDjjV4VC44Vp+hEgVk4OolTK8x+jgJZYRGCeHuZwXzFgFgxbQCaaZX5MwihBSMFL+ApoNfsFVF7zjkcmHS8g84vr3B4kjI0nShToIEEVzchStounGhv8DpkmQ+Wn8aBCnhcD49xiTKssV0E7eKyaEVKlHh5A6wUyca17CGsAgxX22s3JQdcq1ruv8OBtv2A79DuwqNYMIf3wlhMXwWTvkshq20IMM92jnhMRNo102FTsnEIHxXHHLw48qNlnVTkpahH8xEOCElJ87DyzoXXjBcI/PhkY4dXgBeDd9D5Q7qyeiS/EHqMoyznABrUfI72Y0nY8mUOv+rD+9/KfAw2g7RI12HL+3QSIkrcSvCpOw+ddkmjRGJWwA5Cj+xsmbMd63Gg+os9Bt8a2t8eUut2ITNHl12S739tH5WP14IZczmrf33o+O2liakAT47zFf/NB20GFo7O21AGwTY7IMYWlvMdOiJYQRQSQ5XxMY/ksGfoPWllUNbSggrgIECKN/x2D20XimzHH/UwZVKqoMN+4ItxBuSajmIwLtJh0YKcs9ClCV22BimQsoe46au02xVoxfk9/DJpi31aapFpzh2Gak8JPxjSLkfPZtfiK2JjAvwIZhdfaZRFBLx34xMoL23mJ9V0ajP+wuSwNqn9NbIzDz1RD04fZea7D9qN7bLnRrM/l6JSY//zZMHfk8Jah/BrsLwk/bPr558+nb5dMhnnpBfWI0yGTEAE3OPjbAWT+EpUDClLX19zMQNBjgFMSYYFu65eQLI3SKbRmamTTl25XfabAcEMAMuF7IdY99Tax9zjwMaiEqQJsqN4kpeoBVH++0humRiBJH3v6AJyKiR13qLqhml7OwTWjxgUGlooMuQV1qzb6hdVxlc1SbQfhbcHxtA//MS7hKq34mv3LoMUFRXHMyYhlKghvjm7qXahCw0q0OQKuxNSLBnBj09ny2ftllvm+5skQ0gi4j4MRXVgMxa5wUykX42rvvUfnLvrzkgCxeJjF+C3pc9eCVCgPZ01d8guDhLg4D63eJIzjOibDA7vQgYdNW0ksNFEo6ujsAVCG28lksENDRzqaM24wa30nwR4QdETHDz4MNkMa3Ju1YnaYAuy5Kg/1H+sOwZvgftCn8gchu87bj4xMNymr0C0Mxi+ha1mZTjwfEKmRvOdy1Rsf1oChsmnrqwT8M4tFRMEqgLObLvQNUOISj04XSubecUuJ5pqgNftyQwbPm0uShRuTnuE5RH2lHsDiMTL6L8DSZ1ZiQxgcKPM1LORqqtSxW0teNNrrhri3d7i4B4bElvVeFa8muXleJBpEhPyHxiEzvIgGlH3cpiaqI3T9b4ojyqvNLTrZ35pPKeLUhvPhQrph7AWduhfyyN/mYnHTrBsi+p/ADIW8yfzqmzd9mnQYG6zFdljDYnjm57Zcb9VAiT9TwoHlu6MKb7fFhl6wPPXiXsJ8T87UkR69j+CrMrqR23NGaNzThM4jDeGMAqZDh7lJ7MqXO4HHXBxIAAsAPgAAAAAAAAAA==\"]', '2026-04-01 07:33:46', '2026-04-01 07:33:46', 0, 0),
(49, 'Laptop Dell XPS 13', 'Laptop mỏng nhẹ, hiệu năng cao', 24900000.00, 'dien-tu', 'Dell', 30, '[\"https://encrypted-tbn1.gstatic.com/shopping?q=tbn:ANd9GcSBB61CWneRCNSdqXBzJBGJ2DqgdIYPDVh8NIWF156j0pUih0eIyWaZbWYKD3igE460Ph6JwSZiOtP7uXP5i_LNrrXrDfLuY0H_e0ewL-Q-5J4RUtYLNTX_we_gUWJwutILJAvuOW8&usqp=CAc\"]', '2026-04-01 07:33:46', '2026-04-01 07:33:46', 0, 0),
(50, 'Tai nghe Sony WH-1000XM5', 'Tai nghe chống ồn cao cấp', 6500000.00, 'dien-tu', 'Sony', 60, '[\"data:image/webp;base64,UklGRk4OAABXRUJQVlA4IEIOAADwTgCdASrBAAEBPj0cjEQiIaESWMWEIAPEtLduryPeRGa/W2hr8x/Gn7/iT4BD5e0I7qd/Xqsq0lAD8w+i7ones+BqUrjXoPb8hySZyv+OaagMNU86+Vk/TP8Vfkx4pn57UF1bSjJVwRYziKOv9AOGlGcD0rFSCj4I3nG0p7Jhge+g3T7bja870GEJhfIvjeUtbje0yI9DnucZy06cxDWOkMrFpqnLjfIdkQt/DUZ/L4RJhVVkM7o//95BvyCxcuJIv1XXspJhb6lxrql3s122tcdJ+T+oCThcVF9BOz/7+h/QGRCa/GMFqWBPN8rrjKUgAw3eecl1ar6jY0z1UrgYsG9OEaR3XQY1MyPp3u0HJ3frB/Q/DugaXy8looDeY5zDCIbTk2z7I/1igiMz1I80WGxyWRHXjmTXow/f3f4TRfuuTK+4lt07CC7mFu2geMi7wcU3RxuuxDcDw/wHsyMp3pEQaOJIdL65OVlQYcdPn/AMjUD+BprWG6bBqvOlmtGVAY8zhhy5xJvzUHbUeISndmQwkzi/6Xy1ef4QK/wVlSEKH0Y92CHoib9kaQ/KJWc55V+h0EHfo+Jr6W9XFf1CGDu1xbre9eGVPbMG9jWQ7SmIUjwsC5XQ4Lm1LU+igv1X7MDXjmylg2oMdef5xAv3HLnJgKfkMLkJd3a2uKDadP8GiZI8RZoEZCVQjtOxNYs6PaesJ1HNWid/Ysu+LX1sj2sBwKOQMjar4q6uk4B1xNVw+INESg4AwLE9CjrDiWsP1cupgn4gFcDCRK6JXekO1OV1bYwZXI9e666SCX/blCYsYBH84j40puJRK9UtqSwCKxe+1h659n+z/Z/s/2IAAP7+JGALufZ+jz/niBiUJU3mWnKiTZ9mczThFklri0AAK7ei6BG5ahRwFM2FS9xxv/clIQRZ4i303x2Dxo2vUSWqRS62mXLhx05im3DnwZ57+Bg4Bk37kJhuavW1RqKwHjGJ4Gy0O41fW4VVeo+OZgZ7SHXgv4NanBn7hszoeRi+Bjy9PaJFz8mySSLrgcMYVe51qdFVkqb9MhYmq8E84CtAINj5MvlmikXWc+yo2K+oWziJHYGqIi1U9bXzWFdFzVn1+hoaeYdRdhRsHbNDHNjpjypZ7//b/0IJLYFgeaNWcLg71OEOb9K1buwt+2Ut1oJ+/fCDuhiJa0ZtgCzK8C0IAAQN260HvoeZpwHCaetWfgSgxG30uhnYFseDYeQHdhQ5XkSNqPw7FMUYevu2o8PeKg9XX7lNRFsdzxLH0N20A549zwrVCKw6OAVFcJoxhGa8rzF1m/EImk0Mhovmcn7tJxqw39Ue2JzWYgap2Ws2JngSa+EEBXX4P0strhajmkC+ohjuqS+/UG1dTGZIQKsgcLLrkfW3Fm8VOuJ1OmD7ySL77m5rZR0P00OIUGOBoz0iYmq0J2vLi2eaWP4pgvLWvAPTOX1B9EoD4jr6p7ZfW/N1d03an9mFslZAOl1qUtHC9GiJOXQfdlqPWzlijLufGCpT74SgpiwXMGxMJuV7/gMkKGGAHtBg0UAYpGa0sl7o6NoOHaAJl2sjwtyktGvRSBSprTAoBBENOa2Yua+8RCQ4Tk+/GBOfNdTaAyKQd+EPbGWM1MZVJIoo7/Jd9llAV562XPnJVCysWh928CC0FELGj/Iv/aGjJpuViDIA8mWXiOZW8UOc3y3yPACV4Gz94nIJs1qyYV9mDcLMhiEJ15OUB/PSAwqrH8K5lAPCbxQv8nGgxFSqD4oyXPQueq6PWeeFvxt3zARzoTh0YILtw3laIfzWO04xuQesSEuLOdV+M2jlNirnsx8W/S4PdjmrNRlLA1sFU1d+Xn1tcZQflfgVOe6CEc3+7kBhBbUNgrcN5v6x1iomEXweCrDrFXsvhMYj+bDD5dab7cfn/H8Vr2FZJo/EHO92utOkdSa5rD0gXQbKYDYv4UpwugFNExSOKHKANcGXnOLU7OB59pa4pEWBycSvibEnREjWdt/kvQi5oK+oqvOz9NlWxm7n5iCFkvWpRgNWVfjDjc+KJQzu8/r14jMzQ4aIZ4TH6xI99pJm/8icGYimWVUimiz6oWb32TyibUoILfjDt9hMv3DH1WFBg4KFYeU+RZ6IXhEOD/Y7cfRIjbtmcYwILtqiIHRnInt3+EglRap30sTSoa8vyy+wxvgPngZgGtQbeWWkF8MK4bCqBH90kQLEByY5YH/608Rr1OkqtNbw8w5UtZ0pQz9J29DBvpDnN1T2VkRSe5OgTasLj7FIMuVdoj2MFUpkkPmJdmOKAe+5kz8o8pXrAATkm5La6AoKRK5KJfs99sz8EvL4Xu/FLJ1qYlCdV3BaL+yxwAPa/cdy7ptKM2l9XGR5HziR6qxAujhOoEJFctoDAKJalUQ2mIWGCo7xkv7XUz+AJE7XROH+25kzjMyg0FLZL43soNFkwg7mNl7cnXrGCEc9+tZeNG1P7mEv5Qm/JNletCuSvDFjryN5pGIm/uRWI6qDCx4BCAgRavSaQPzMmteEFdVBFrylEfeUjKncJqOEue7eaUHYywf7227D+qJMotCSnWKUNyQYMQzTZa6depHYHeeQq/LMpOeiS4evfvvLhUD00GjbhGGi4OhkjW7i3KTxS/MDjzPm/0UVrcVfI57JI8Pnrm5CfmEJsy2fc4P1BHP09S0xlJRkrxRh1VFVFY14OULcG7FE9/uaNUO4Yayl4EyB+5j0Wquus16sbBi7ZLaye3eyCl8hFwPiUla2yN5YmQ+nctknfF7DMI8BIZ/Z8iX6Vfoh2amktg80OE7xRaN3gImQCbBmDf32sLTNI0WOE0uJoW7JhoDxqK69sBZVJ0h6BuZPyV4Lf0tYQw/oESGljnmkvRaJQPn982ZE1ear7W3bESZYlM1Wqja8sh36VkpOb8BD/jdRY8o+X9JWRk47b8tQipl5Isvg1AGtAAZoD0zqAYjY9OdU/koABnf908su3FDBxZifmFSjKMBE4e5Ui+YA+VQJd+dB/oXNOGtrYhKs+QkEwaAQowUYp6NJoBMnqvUL7AmTAsBqR/sX/s6NPYHiQaBSmEFBzgHDltA1gOfj3/ha4B1UStAoIh2qXgfvnsJtQwxq8lUxTTG9xfJq7aW1pFicEOowdduYoqLGUcG8QmnXCmJk3VyKa8QsrzyWTjzyT9av7z/bVZbskABnrN5hrCMXzjM8wyaXNKSDTVL1T66ifbuedl6rXPERjqPOj2Vp3gyYaGwBkSH84LSpAmrOodzrDvlwOo1zbOlzSc5MkDhdGmcf7HCVnq3eFdKlHZwrwWSucxmZOiNT/kiTrASrNst8Y4t/fcFFM83XedyEdCnpoADfWoI4HFE+EefyGFqXqnKvssh6DpIKsNLWFsqtEldBe+TQsFaY5ZszVtZ7e0Be40Br84XRL8aURWUwILjO2GBSAjM33ePKVMHSE4H/mh26vO6B5FNuIjckDedwbM/MTCh1sJs/iuNkYQy8aFZrJJEy3OSLJ8JTwj/EIkBf4vMiolGxHpfz8Ilend6lX0DPKnp4xNTEJoxpG53bJEnvemgKSFcoRDLqs7fNF3coCatGrTPJqAtqIIRkiGeAMR/S0Xh9DMoOKS/kWNlIcOAKVKUIy2Tqn8IOE1+EYZEz9+x/QXdKWaaW5jj7RjFMVM6EzjSbTSUZ4gybs6fdDUIBWYpECzb1nDuD/BNAowtx12MiqrVSk8NKv1NMp8jELnMsYKXB0TJDyvAYgY1KgQekUjZI3LV0H7nE+D/t3xLS3gsMsszw5Ltqox2NikNmSnW54A9CEAIjFn/lXsS5kdWmF0PabMko3nTBpNuIy18pC5xMmJqpIQdMROg5Tyz5hq/J/F9OfsrXKCCGpOVPWWCuFB1jat/sxMbcKHszyE7grEKt9T/ksRqtiTxJfp8hCDuAXmNbIU65jjr0dgBIdhWZZyc9vcZ8BYk+QQygxVOuf7XBObNUuhGxjyOnz95Oh15BnWGD3yNoHAjWTM/Cf/D4/MvCyzvVTmAvC0nSQvPOoKiTqqKdK+fDNlUJx7lr/elR2R0qRAzEKIFm9rp3fk5PmoRxTXwXbTIHFDjXXcyYKlx6ounXgOXywUKNTuCt6/EEbT9yYl5JvT7kXUTeIETleM1J2vWT9wfvy4RKEnskhkGSGM8U4d2RaG0aDKyGgpfGwwwFC+mgx2/4DLcqcg/QUTpnsGZlIRFVqUM66Jt0INLtcSpfJV6hZ+N399rvxJ2zFAy4u3v3Vcv3xs4Hvsp1MtzsrZjYja+H+E3Fu2UHcwtdyoKZPH7cy2TmG4dLxZxXcUuUyqZ5wzzMUP8sSV9FT+cMQ+5jKIS83ZzfNDSFGtA+szoJQju8mru7oyZ+h2Rb2/0QWn7FJMT4nk6EznfRwlIL7TJlL98PI4Yy0wzTl5HW4IaVx0GxGhkeQTqryO6gm5xCZnVub3Em7ZgTjguUf1B79AoqrzFW96nKtLgjw/OVtWULg2VuzIyyKvAJZKZ7X8T49HfsSEAIQxq+3uB82dvnTHlOfOQuV+ipzXnprQNYCm3XzuHemAkoWOf7gAccz18wM0W5skEWW0qzFTB4QW6d0NmQ+6j1FyovktcFmRdkOvoB3zrDlwL/7c6bmSoOd5w+SQYgLCNSIIEdnEdu0fI/vWXtQr4OMYRDvpmjjj5cuH8F7pmybDO03Fz3lEumB9/e6Ol5Int9v2V86u4bI+lhQOkZ2auMdyMXzgYQ3GCuIOcaWqEYK1N40VEVTiVdspi4PJp+pAdfdjb9csjnJdrXsDioGxTng5jTmwRJZ43gp8FP4gFW86On0pIXVP2w4cn+RxXUX3b6XQeAOLW3wrLUxqz6Xe/oNGV2RiBn4AAAAAAAAA==\"]', '2026-04-01 07:33:46', '2026-04-01 07:33:46', 0, 0),
(51, 'Máy tính bảng iPad Air', 'Máy tính bảng đa năng', 12900000.00, 'dien-tu', 'Apple', 40, '[\"data:image/webp;base64,UklGRhwQAABXRUJQVlA4IBAQAADwRgCdASrBAIYAPk0kjkWioiESXLXUKATEonUuCDRIausrU14DHbn2biIak8prob87err1reYN+qH+i6uXmV/ZP9tfd5/4v7R+7f+0+oN/Vf8T1rPoTfuN6cH7mfCf/YP+B+3ftIXSbxB8zHw/205v7R/8365u2PbK/1HDacw/l/+k9Hr6/zW+xf+n9wD+Xf0T/XfaX8veGN9m/4fsAfyr+nf7/+5fkt8gH/R/nPQT+f/5z/2/6T4B/5b/X/+n/fvbM9ff7gex/+wwbeJqgfpAAMq6+Plyz7sPt6jBh2x+h3Em9GfKholxfqCe/2HeUHyX02nB8BPxx8yhYmgLLvDKF/0CVWeZcPHZaumkyrm51ZPv32Q+oEvUroCfFZGAwCmVj92xw0MhXwzqjX6pFgUAIVrhBs4HN3eOC5VoR07r11rgiiOkQrIxh3kwmnPnuu3D80kaeWRU4D674VlV9D2ZkQ92B4pM3HinpKzoQpl/2MFHHIvPoaKNOCyERUnCAg5paA2Mcq7Jnn/C6eQHkCkVufugzAlYzgNJoQDtBDRINoVvCLIHjP2B/Xa1LbkvT3egjXs5kfGZBWxY1huG3kdriqabVTJriaJfJKH11JO5jfrjKxWQq5T8OfjSuWIvlLo/n5Vr4pcOG1Ur5dwQDDUYrlaeivVXFVmfHnWtbCVGQ3sX9jvNjTKnykWdA3JUaMfIIYJOWQBUAXpblVUM01vuXyl6OsXHNHVEXi9x3K81boOy/v82euksMSu4GcYzKAAA/v60LYL09X1xD5X+xD72MrWI9VWmMnDpGKp7sRqJg0nik7wLAXmP9OM9mKx2drNIXUYwIMG9IUISkZQHD5IwZwa7dC8xLtg8l79CE+x3e88MORSqF5zAM0Mdd4ojc4tLkfr7oOyh8oA/Z5R4sO2rGlvzrRUUZprPYLHCSOW6cr1tqq3K3Ae3HNsALv22aXZxhJhXm0Y9d5k8FI/NkQnH1yneoHW3cgDm/A4ZU7zHaeNar+0EbLyjBomhCsy7fTpqCymj9Ni1vJ5XbM0L+LiHBaRniX+LhOjXB8hrOvOgfxdg9//PMkiLXrGz5mA6dWqfOnQKwnXvBegY3nPbVIAKOSHYP9/HiNKJCyiKVDIHZuqM+xdRS8PPHBMDzHh7RQmBleccxHB1UXJlmSdmoTvppvsElL2c4aYydQntEt5v9lPP57YO2Pi1fIhqfXP60o/kaSimebxT9mIfEo5BPRLpYf3bcvzCv/8dtg1N1o8p1qt0ndDArsqixjxmvGPlLMUVln/25TDODyITkrdm390pwFO5702NBYzXSwZaYbBRUz8kxb1KUDk//gVUOdbB2wtJDFWjy1S3L/KZ/rEnrEIHnjG11aM7XMq18RYB7H7B9MEeZ44YAynrZJ2eaWbCsLAHbBOIciJcv8Q7ZeJl/zu6AlpeQDBq9jW9HUVo+7WpL/1MZt5yly9lFrjaWqnxesi8THfa9b7ViZGPqvvoGkrriXPG7zEKDg8/7AJGJfJ5cupxi2gPC2hvPRLeZv2T7XSh6M7C5BKAJkQKUg/DrzV/ntCkqN+AymSucJc0CiVPcKdte1OndsZH3atxD8EsdFMZdg6T1uB1Nn/R45opyLK1oOndu02fwIx8k2ZdZjWFMO7Lab0DoGmJWslBDS7uDhdBV1R3ZuAh8BhFSNOX8Qlz5IhZIgTjtd5S5VBZzTt7Xc76R5KwVxuXzkwJ+v7ziqxjoRw08/QVqM/KrgfGZyAJfJQA5viWn2S+uU3sg7D5t+YXoQEzSIjJ5hRsY8pNQqT6uN7Hzns+gCpPbvDze/xhjlunhZ93zlc7RrqVQBq43/QSv/4ad3SsrRHneepRHlOu1slujOhL40RtVNRu2eHptzFHFOGJatMiXUCYLt0mASM1I74R7A8I8VKT8HK9JYu9Z2En2iEJ2/qg2v+rzpMOJ/+mfezw/K4fmkCI/gC40LPtzNM4WwINGFTIqUUpTPlL4BXrmzgDL6Msn5bcH6LmKmxv4/m7uId2gfF5aZAthrLUM2mzqyjyJrOoG5yFnisxUpX8mHEIH709C7Zj+ko/ZWIUDAMK5xUqgjQasDDfPtehnMFPcVaUeDdBIBAVLR1yi2zka1UIUA+JjEHUeJtmNhwlB+AOgNZXCvc1AY/2nVDAe9NKkQpcN4QCmaLauyOcCIl/RTqGsDipaeE5DRfydvZQRhyMn9FKORdIr8AY6YaJACAK6ix12apABauZL329J4qInb9EUfisJyYEAE0iElh0ej9Om9P+07/5rLWSmqjatZeuM3b/U03/rRQqR+SHhdze24WT1RVFBiZ3X7Ksh1EQ5E//ZoIfTHEMSbc1275qKDKz6MihAAi8snRGdzNsFfDWj6E2DsHNUZMqwOo2kUu6P++UurwhIv84J13eXkQOmCB8jyJmIDL1MKhlUG2GsF+XiisWZpUdoGskceSuQQ7y5jN8Z+HdJF6ohNGSqF/qQ5NZl1HYA8HiWUTvbLvMjivXpI98icVkSmrH2UbD3l6GQvSqgIooVroAqOXDFqCDMyL9m2pNjM6OylmkHunsfjfEf47TGcOwDm7OXGiBdseEn7Jmxr5wlUI8RJJNjTaNOaa5jky2dSXEHagRP7jf1cEhKvRVke/EEJB7lp8dig3JxGKNuTSspY8IjTcIE9tcZyPWJOyZ/sIvalmLwCXX6qprwoeHMYEyHRARqffCXy5XHthngl9O9MOT9AzNKgmOHAc4NqtULOYQgQSmjLKl2N2Jt//RAd4mFl2XA300zInCBpwTPbwvl4FpBFf0QlhYE3TSqD32GPjQfb+v8S6EVCRcq0lQDAch9A+BlejhnacKxV7MZ0Xo5Mbbr4i6XOYwdQOXS9l9tGw6UCO1YpAw9/jzqMXg6sO9lT5u6w1LMQiaNd+dsiFEjK11TzNLHiwSExwlP9Hn34boCjlFUcKeCu7qhlwP5ifdpBzr4E3d87u3K5Vx4010PlgR8/r4xRkkE4TqEnbSBFK2QdmFjPpSzF52A6MC+kU6QE6uCDMpL2qimWWTLBATEAluUyRbq2iqkZCaasItxOKDUaztbM5wX0XP7FB9vlqT44dAKJe9KRIHCTHd/Wr4qt9x3nihwqrc+HOdSON+KDkCt7YqgXdugTKfcx2Aj8oH5VTCr0bZ8c9G6WpLIIQjtw5UryM9aju9u6GLd3nY2tvbkzjCdOg5CkA3lZsGgMpMpZXe/ibsCZLhfwvWxEA+v0U2DyddWhMWwniRIwNhiDSvhq5VDEPyMXXlAdAL6FdmFzb/Ah5UnMQibCuOx0gmTfaDDMgjX+RGEPgh7C2Ve1qHHguRLeyNyPY/kZTEgBMp5F7ewfdjTVGbuKh4LRk2kD5QrJVdrUvejHv+swfgnwP/uP/yiU5rs/qgre9ijEpw03616ow9eDVtY2X/wdbLj6VJK8RuR49MZzxLhLy0+sBJ+VMDvmAtg2q7EmedJw15Alj8QCtvT7NrjBrRGdtsadvVmbbOU+eGkbWD2PQhXNrJub1/h1LF917FV8ereQ7mWppSymPjf+S3NlVEEQET1vWOfTDqmTjpKHwpXTooAPI2GXisoiX9wnYFB3oLPedQKLjYjop/ajXetLuu3OjeIlsBtLQCEAMXZDym0SK8Mt2XH3jyyg6Kq+x3eqOuB+X8l/yXhuDgeC2SSt6Pzu6VSPdWdMADGgLQgbCbVVphliwf7rZkMgdqgRKz3/LKrkcdNtP/O7OEOYKB+6Sm/MfpYCmTmXKm+7zQiDtJLcR0fyY6+KNa9OuH6n763boksPWB5RRMfP03B5Ldy5xj153kQ3QfHJ0KS1caS4fO4nZUBZ3FQT8unjhqSRODABawAAdI1LAuTGo5EUwWrJO2FQtW1H75EUvYmCIVZ05VRnOYxfQpcS7+9wi0LXnIXL/vWH5uuHYK1PqJoB0DrtEE9uI3Ka0MVE7PuyR+ICrm2EyOeekwHDveFE6O3I3iuv8eYo6jQj5dXSXAW1yrBK5lEg+V+6TXkRkRISuCvfVuWdDilyNZs3+OSXyX6a/u4kawS4PPG0qEA7NFTpWfrMuOY+Pm6YauLJ+MeirXkYla8FR4DeR8GWbA4PqZYl93IXXvsUzvn7A4jb9ESRqBZea6TKWeUtbmgdRaT4xAM016qw5k/c5H0h7+z+pXP+K68oGsDBztDY9zU4VUm7HOvZtWSj8n5rsR0dkjGu1d0xiRjDcciK8u+Ja1fCiWVDknOia2xQyJDCEXeXepOeKFTBAxkZzAcBDo6731kSaIX1cv9EjPItGu2prTQQAE1bXfLTzygyyZay3Lw/3DH0/X9ZsrhhXz/h+n4GQ5K7xVk4RwDoXpzW9DZ6XiyERybaETPgrWfn1Yb2XvaAlJoz4gXoofEQgo0mIIeMfFHQMA2mystmmyn6KiewXqUHqFcNoBgaicPafqYA72b2gnn/BPj8O6qFK7aG9o/Kt6Azc4A4qX7NOz748WDnRMtywA3B3A51DcTQURnbPQzSsWV5uk8/Y6zb//Mwm3hjxmTns9Of+tAI0fjJErCjzAxgJfiqVDF7GetNSQcFlFb1xfowTaFzU+NbKS11e0yuZEbWj1EmFKcXDmZ71cM2a2oY0fsfK8VFv3A/jE3assGS0+5MByyr+YR2UtYmFvSV4YfwaahhnQmDm25WGvvY867LirMk9Gd4/rR3BhXDzXSIO3oW+tIxuTVkEdJZth93TweJIO+PDuA4OjX0iDP8GaVsAPOyX+1+XRguGT8PxCDTPvYqOl1A2wwpn/sy4p5lk79acAwcPgOcMhWCiyrvEcRm9XykRqNTtQ5tl+zqSrys+5Tfx+1El5XUgCAYLNEhRU9QpYtNpmziT4Tw49dz1q2XiMJOa39XwPME7URit9s96sKKacN1E9rWXd3wpluBcJAy6xnWuwUf/ae/iOy2OxZBkCF1Px+GIMcKH7HquhlPo+wkSUNSupZC/GbOvpi+/MBaISBE+5j7cVPO3e9UsHiwctzNF5OP5TrAX1I+PQZlW4mEhxamblhGfGpq9zJxigDuM168rPpWEGdpT+jb9qrjEFS+Iof7n2UDpsekJcUCt9pxLcEAArd/5ZwhLqDX5espp/gXyjz6Bw0utFEy3DXp09c2NvA36nOb6yFqGaJIu4KkN1w1y7dX67X3fuqpfrwagX6yZSdpoIAz811FicsWba34Z/+jjFXSu75khCt/cHrVEIUM/G7FKYn5vjjsmuDwoBTkTG5zElgsE1SlJMFVphyQYMv4x3CR/oiPfSzlABydOBMZ58NSKD7OTzLydbv0HxQHr3EvEMzXkEbvnzP2yAN6ghu3cRL1eUZVS06+tmnX1s+Zqn59RnlOG37bW0bFYpK+XrkSftJR/HvdyAAcD/N1EipYqeUV64Zi8mbD+z2Ti+WtjkHvOEhaZk8Y7p+8T/2jCTcTVC1M3OfAxMXErty4kSQVsYr4qEb/Jb8qpK4LG4LfbmAIPXuQ4sxSAAAA==\"]', '2026-04-01 07:33:46', '2026-04-01 07:33:46', 0, 0),
(52, 'Loa Bluetooth JBL', 'Loa di động, âm thanh sống động', 1850000.00, 'dien-tu', 'JBL', 80, '[\"data:image/avif;base64,AAAAIGZ0eXBhdmlmAAAAAGF2aWZtaWYxbWlhZk1BMUIAAADrbWV0YQAAAAAAAAAhaGRscgAAAAAAAAAAcGljdAAAAAAAAAAAAAAAAAAAAAAOcGl0bQAAAAAAAQAAAB5pbG9jAAAAAEQAAAEAAQAAAAEAAAETAAAHOwAAAChpaW5mAAAAAAABAAAAGmluZmUCAAAAAAEAAGF2MDFDb2xvcgAAAABqaXBycAAAAEtpcGNvAAAAFGlzcGUAAAAAAAAAwQAAANQAAAAQcGl4aQAAAAADCAgIAAAADGF2MUOBAAwAAAAAE2NvbHJuY2x4AAIAAgAGgAAAABdpcG1hAAAAAAAAAAEAAQQBAoMEAAAHQ21kYXQSAAoKGB3wNNggQEDQgDKqDhIAAooooUC0gap+e8H0UkpnWWhWSEL+K/5tTk5BySiPyLs/YSWWiaKBRtR8qqOZ0ivDoR9IIEsu4OOtONxfhPbI6ChCGlbpYH8dADrLTf6AEZ3VHooInIQdalOGcnAqOe9ncEYQsM8Y8lCnWZPFrGh/jIAXQw3SnhI3SdteIr+DlebhN4mq/HGonmfMWeN8h5sfXjTOsbuUAXMlS8OUIyTQOyTjPWWYIlqtzrwPDhqg7KhvAiARO7wKpnWow3QPgYhzeGtfW2j9W5rFWYFowoJ7sp278cfdIvHVTDiHEzHpqVSIATsS8q4+RYf2iZ9C/AN7xelZGODW8kP9FEl67Gz8ht7OLVB/wvZswGHaBArqMZ7fr/t5OLaPeBNncmq1H0K/qdSRuPz2k1IkPvZuTAVLEo0ws/yhuz9kdMATH1nQwhbp/ibw72Hs+iU/9BsS/gLqQjrzE2xTqfCj33RR8ZMdSREPnmlGxngEYUeAaSwPhGi97G8r0tlFgZ2K3LgyRHiQwuu1ygvGPcpZebDF/JCB5Tkw/SYGgQolj9InS61FCuUC4MVcNmwg+BjPXFoE6Ru5ZpDMCjznSnrMc71yqTrzzkZ4uG5+GoKZJqtW+JJvla6K17KlRmqIgbX+L7vpopn5c5CBqMoKrzSKgnre0dS5/hLOJhBV5OuyqQwnKve0jHhFm8SrSTG45oGggAgcqDdGxJX7e7Fm0GpfNAiAJad4+j+dqXqng1aeHSVTzvEQbuc4k+aLnSQ78dD9g3vSyOPvpY5jIYi4kzqx2InTgTaGa6v5D+RzyzuROk3ACaScx1ofpB9Cg2tfWFYLta/11O/LeBG8icKEl1l7/D+CgOwd9GrgsJzdNgzO36UEv7iWehPgNJjg6fnumMeK9/JENP2iXqnqAMbMB9nhIvwhyYZ+hrwK6eG7bb8qGzxCElLNybLQxvssgmsist2xUZs6kIIonyyVWG+UKO3OtT2Y5Ssxngrbgwin2Saab6/kOEyWRVh29x89I2p3AfVvnSoshdHTEOcH+x+XkCFmI39PNmiGKnOuOCD3TqQKK43qkptSGpMJCmX4avEzDxqlLSR9gGJn7yuuywJ5kxk0VHa2J2jjMdlonje1OdoF3zniL5MeLUqlgWiON8XN8SWMHzBr0ph7dx40vfTF375A5GP6YbN8RfRwnWbVRnqx1q+2DbJ/a1N2zu3dHq1l18cl+YLF4jCnblwvdupBlYctVKTZKE+KSc97JxKyqIZ2y61LPdrh1E0//na2rrx7RCWcMluLmmj78T/CVN2D58iyqss5ZZXUsXE/2rhQ+cJpU56S2VyifQOwbyl0Lvjb6dU9cDwnTUFVC5agVU9UVTxE+W/rxc+noLDMe6KNPVu7vkZ7OLQGmArcmlLw+Dkr52ByHUD0BH3QvMSkxevcJtIXIRO7fqL0OU6RCnLUTyzg0LRHGc9eZwHAjbhe1mhAbeDRZuCtU/U+LyxOilAjBKSidYWkSvwxgO7T3Fba1N/NBfK7gHR7bBEyS5P1VoGanTQRGhEQq89OcXspbiBQcjD+RgQeLd2qbeFWzS84ULl+zP/0tUZxOjXh4c4SR/j3Z3edI1369bgPQ1If8Wsq3+j+B7tez9skwPAFMUmeetnsspHEygrMQuTUy2b1yGkd3AP/OkH1P7cJwvLck5f+s/RhWjL6//SRkcYWrfm6vgOLaG51tcsfAThzlYOcDQ2Hv6ooetwikRJq8C0pIEm89S4AuERuwC0Xzr3ncVHKbo7almTCXpLItnD7heovgQQCC0Ho4SCNbYMcZ8JrCD0e5hP/aKas9vQqok3Ak6WWPTBNRjssmy6Uy7ZYejVPxtRDd04vZsDSM0o9B9CmWbqFgHrPbxf4JT07Dw2xN6bt/wK5CXNwLlib49B+6mZEJ7irobNnidLna+uwXzyZCzMGbBaOY8YXFR1u3lsIY2Mhrz7+9hDRSGwkP0cgHwmIeQDnWDemkF+HQNbQqCvi4vFNFlS4aX546S1VXwsdcilkkRzBXzzmio1re3YAedeIdqZ3GYgScrINnGgLgFFJ28MK+qfjJrIxq25D0TypU+uHYJbjSzpKYQnFEmRlRbNe4uMZEIsyrySo5LVcgzf+h5+FZ+Y8ZpmdpR2hrFZfB/8NLDKq3FDfxAGkA+BRpE72mVmyO19V3ThJoPW5gU1cURef2Ym/6cV2XGIzatplYM+R2bo6RJNSpLLDZ980zP8gijNV/Bqq08Bqwf8qiywyqD8dN39tCmln7H39jDwmtkiLkoIm6cd2E+eA2dIggH23OM4ap3Ku9Q+pQvGuethW6zbAclLRDEwdMuYNOozOwvJEagmvWIFRe2MBKM5tHiNFT2ET58PUK51zUxhQZaXPgUaula/ZnzxI9VIKgXQv6G/O1N/8xQaOEC40KVBJxr23mZ+9IzpOnz2J/uB85Gvi0ijv1KA=\"]', '2026-04-01 07:33:46', '2026-04-01 07:33:46', 0, 0),
(53, 'Đồng hồ thông minh', 'Đồng hồ đo sức khỏe', 4500000.00, 'dien-tu', 'Xiaomi', 100, '[\"https://encrypted-tbn2.gstatic.com/shopping?q=tbn:ANd9GcQPkXaRa8-9e0dPURaMCKip4XbnUjBbz8gcu-vJp3eB7NJQG0sPTsYAG8sB1kcO6lQ73lIm5ksFIMOzp4USEQZxGwbMC4paktnN_Gn_dOLz4Szo4-iHvraadjgaEg4tr2PckZJE2xA&usqp=CAc\"]', '2026-04-01 07:33:46', '2026-04-01 07:33:46', 0, 0),
(54, 'Camera an ninh', 'Camera giám sát wifi', 1250000.00, 'dien-tu', 'Xiaomi', 120, '[\"https://encrypted-tbn3.gstatic.com/shopping?q=tbn:ANd9GcSbMbHUdbCyMmE-xr9E3KhxwY3SsPsgHC-y7Wel41XKZNJiD_-tjvJjd2h3wU8ZM9z6sEF0wfPqXTQ2vsD_7xbUjvCNYNjHCpxQAB4cIgfdbzzh2nQFAZDAhL-AGuuCY65KMMDp&usqp=CAc\"]', '2026-04-01 07:33:46', '2026-04-01 07:33:46', 0, 0),
(55, 'Sạc dự phòng 20000mAh', 'Sạc nhanh, dung lượng lớn', 890000.00, 'dien-tu', 'Xiaomi', 200, '[\"https://encrypted-tbn3.gstatic.com/shopping?q=tbn:ANd9GcSUCJvPlEWSfNjL1stw0IuHqxokfnWcjEDZoGtattq2Lpanc5F-RySF4iYZyPdXEe95ZhwjmHqxJksbZN4W5qu29ie6HY6cz61h44VfHxhZYe0vE7maUtAayosI8B7NWPRobgmA7z8&usqp=CAc\"]', '2026-04-01 07:33:46', '2026-04-01 07:33:46', 0, 0);
INSERT INTO `products` (`id`, `name`, `description`, `price`, `category`, `brand`, `stock`, `images`, `createdAt`, `updatedAt`, `isFlashSale`, `flashSaleDiscount`) VALUES
(56, 'Bàn phím cơ Logitech', 'Bàn phím gaming cao cấp', 1850000.00, 'dien-tu', 'Logitech', 70, '[\"data:image/jpeg;base64,/9j/4AAQSkZJRgABAQAAAQABAAD/2wCEAAkGBxMTEhUTExIWFRUXGBgXGBYXGRoYGRcYFRkWFxgaGBcYHSggGBomGxgXITEhJSkrLi4uFx8zODMtNygtLisBCgoKDg0OGxAQGy0mHyUtLS0tLS0tLy01LS0tLS0tLS0vLSsrLS0tLS0tLS0tLS0vLS0tLS0tLS0tLS0tLS0tLf/AABEIAJUBUwMBIgACEQEDEQH/xAAcAAABBAMBAAAAAAAAAAAAAAAAAwQFBgIHCAH/xABMEAABAgMFAQoJCQUIAwEAAAABAhEAAyEEBRIxQVEGBxMiMmFxkZKxFyNSVHKBocHRFDM1QlNzgrLwFRZ0wtIkJUNEYpOi4YPT8TT/xAAZAQEBAQEBAQAAAAAAAAAAAAAAAQIDBAX/xAAqEQADAAIBAwIFBQEBAAAAAAAAARECITEDEkEEgVFhodHwE5GxwfFxBf/aAAwDAQACEQMRAD8A3jBBFe3cbozYLOJwliYTNly8JVh+cLO7HLZAFhgjXJ3y1+bJ7Z/pjwb5S/N09s/0xYyVGx4I114R5nmye2f6Y98I8zzdHbP9MIxUbEgjXfhGmebo7Z/pj0b4szzdHbP9MIxUbDgjXnhEmebo7Z+Ee+ESZ9gntH4QjFRsKCNeHfGX9gjtn4Rid8eZ9gjtH4QjFRsWCNbnfKmebo7R+EYnfLm+bo7SvhDtYqNlQRrTwlzfN0dpXwiLvXffnylACyS1OHqtQ19GEYpt+CNJHfttHmcr/cV/TGPhutHmcr/cV/TEKbvgjR5377T5nJ7a/hEjdW+9PmpUTZZQYtRajoDsgDb8EauG+hO83l9pUZDfPneby+0qL2slRs+CNZDfNm+by+0r4R74TJvm8vtK+EO1io2ZBGtPCVN+wl9pUZDfJm/YS+0qHaxUbJgjXA3x5n2CO0r4Rl4RZv2CO0r4QjFRsWCNd+ESb9gjtK+EeeESb9gjtH4QjFRsWCNdeEWb5ujtH4QgjfEtAWomVLKDyU1BTlmp+NroM4Rio2ZBGuPCRM83R2lfCMFb5kwf5ZHbPwhGKjZUEahu3fnM0VswSoB2xEj1Kp3Q/sm+mtaEL+TygFJCm4UuHDseJCFps+CNbeE5fm8r/eP/AK4PCerzaV/vn/1wjJUbJgjVts32FIUkfJpbEKqJpVUYaNhS2Zq+kRti37FzFrSmyJIS3GMwpepGWE0pCFpuSCNebkd8hdstibKqzJQFS1rxiYVNgamHANu2NhxAEEEEAEUHfq+j0fxMj8xi/RQd+r6PR/EyPzGANd2aQZiwkan/AOw6nygpRlyZfIdzmS1C/M8MrLaChaVhnSX6YfW+0SyeEkqUlajxk5NqWI549fTePY/r8Z8jw9VZ/qqcTXwvznyG65SkllJY7I9EK2+18KvGzUA25QgDHLNJZPt4O/TeTxTzUfkhrzM6daEWWStMtSk4ipRZ3JAAIGdDTuhEJn2O1/JZ0xMxyzpJUxrtyNOivU6vu6eGwqSrBMTQK5thhtc+50om8LNXjUHahZyGcklyWpGN066gz3S3nNM0SUKKQGcijlVcxoxHtjzcxe0zheCWoqBdn0KQ+ujA+yJO/LhE4haVYFgNUOCBk+wjbGFxbnxJWZi14lswYMEg5tWp54bo1DKy2WfbrabOhSkSpfziklIKeKSCcRYutkt64b3Fa5yJy7LaARMQC4JBIKSAQ9XFRDq8rmUZnDSJypMwhiU4g+maSCC1PVHty3KJJUtSiuYrNTHpp68zrDdJqDGSidbJ81CJvBplkpAFXLlAJAq2JiSzAPUNVXc1b1rK5Sy5RkXBo5BqCQctCYLzuAqWVypnBlXKFWLggmhDOCQek88O7lukSAeMVLVylHmyAGgziJZd18Gd170SKh+qRWd0Z8Yn0ffFmKYhr8u5UwpUhnAIIycZ0P6zjT4NIr6ZZOQhRSVYcOEdY/WnfCv7Hn/Z/wDJPxjz9jT/ACP+SfjGIaoymIIoYm9znIX6XuEMf2NP8j/kn4xN3RYjKQQqpJctkKAN7IqWyNj1JozVfPXojxMs+UfZ8I8SirucmZ6dPTAEc6uuNJQwlBcRkFQkgNqT0mM3gUzJivX/AGyZwiZEpQSSkqKiQkMAotiNBRBzpWJ4GIq/LpTPYhWFaaA5gjNiIFxl2M7umz5E9EqatKxMKhxVBbFJUHcZVTlshS/7dNVPTZ5SgijlROEOQVVVoGEK3FcAlLExagtQ5IAYBwz85aFr8uIT1BaVYFgMXDgjRxA23j3VLQ1uS1zpc8SJqwsKBIIOJiHNDs4p9kF5WmfPtCrPJWmXgAcqXgBcoHKOrrDDmpWHlw3AJCitSsa2YMGCQc2G07YSvzc6Jy+EQoIUaKcOFNQHmLUgRtd1RjcdqnInKs85QWQnEFJViH1clDMMr2Qxt1snz565UpWEIxfWw0l8qup2AV9piYuK40yHUVY1kM7MAM2A/WUMb33NcJMMyWsJKuUCHBO0MaGHklVFdztrmlUyTNOJSGOJweYjEKHSsSs5MNLkulNnSeNiUpnUzZZADQVPXD9YiEZQ7oWAojXD8IcWaba0oSkTlJAAATSnNCl8bmpnCGZJIqSWfCQTmx2QxNz27n7afjGdmtD75TbPt1eyD5TbPt1eyI83Tbeftp+MY/su2f6u2PjDY0PzNnqUOFmFaQDm1DT/ALhDcoxVN9XeqG37ItaqEludYb2GJy6buEhBDupVVHoyA5h74IMt+9Wf74lfcTv5I35Ggt6r6YlfcTv5Y37BhBBBBEKEUHfq+j0/xEnvMX6KDv1fR6f4iT3mANP3jbVomS0JYBQU5I2FIFdBWH86XMQlytJbZnmU5EUFIgr9+dleivvRCkhQaOiySujm8W2mmOtz99KnKWlQAKahtmVYlLxnlEqYtLOlCiHqHAJEVPcYfHTOj3mLLfZ/s87P5tf5TEKNbntkydRU1KOTUgVKlBPqzcnYIY3rf82SUMysQUTiAowpk2pHVDS7lBhDLdSp1S+hXtaJQsdvZZritcyfRU5Es8TNKeMVFizkMBUmGd635NkqQzKCsTuB9VsmA2+yI67TQdAhDdOqsrmxe3DErHbtk/cVvmT+XOTL4qS+EFyopSwBI8p+gGEr7vSbJKQhaVOpSXIDEDUYdIiLqNE9A7oz3SLpKbRR90FbyJslLlvSbO5c1EtklTlIYlwAmu189GJhe+7wmyCyZiVsvDiDFKgHLgja3tiu3UaCHO6FfikMfrjqZQ98N3ks2XJCnAO0RAX5e0yVNCUENgfJy7kdwids54iegRUt1X/6E/d/zGNMiJ+atQQlQtCFkkApSlIKXQle0uBiwvtEV3945xw8kOVg0zw4W7zClgVEDLzHpL/ljGNS26bcL0kzOBTM4eWp8DoDYklYJZtWYdfMYrqt0E7Hh4tFrS7VZLN74VsCog1fOn7yYetoK+WHHwi52e0KMsLM1LkA4QA4cqDPtZJOWzaIiLRfs0KKaUmFLt9UB++CwKERNqLzVfeqP/GCvlhx8IuFhnLXLxmagFnwUCuVh/X/AHGN3W5aps1CiCEYMNK8YOXiIu9Q2w8uQvaLQfu/ymKqXJ4taX58SbnzsKSrYCeqIG6r4mzCApaUUUSWpxQTQc7N0mJm3fNr9E90Uu6jxU/rWNNmcYuSzXreEyTULC2WkGgYg5s2sNbpvydNJxLShgouRShYAc9YZ3urxQ9NHfEZdeQ9ffC7pqrus9i23xb5slOITErPFyAIZSmIprDC7t0M2avCpaZaXXxiHACQVCmpo3OSIa3orxB6U/mEQ9gPeYPLdI43Ui43veM2VLKkzULOEGgDZsxbmiNse6GdMm4AUIBXhBIoBzvDa3K/s6+gd4iGsWvSc4d26TRdLZbJqJWMTEqdJUlgG5KVVGmbeowveFuKJHCMMWEHmct7KxXZimkzPQV3RK3/AP8A4/wo90Wp+A4NbBfM2a7rlIZuWWd/JpHt5XpMlBJxIW5YsxGSjmOiK7Y9OgQ6vlXik+l/KqHcpINEldl6zZzvMky2b5xQS7uOK+bNXY8KXnbJkoJVjlrc1wEKDV1GRo8Vux6Q9vNXih6Q98Zpjtfdbr4D67b1XNLKmSpdM1lgS+QLU9cOrbOUgJaZLW6kg4DiABIB7/ZFXsukSqjxU+mj8wi92pC9r7rdfA2BvVfTEr7id/LG/o0BvUn++JX3M7+WN/xlmkEEEEQoRQd+r6PT/ESe8xfooO/V9Hp/iJPeYA07fFllTEgTFhOwkgbH1rpEUi6pA/zCe0j4wvfnzsv0V96IUlLoP08bsMyji6bFJkkqE0OqlVCrVpWJWZPlKSUqWgggggkVBDERry71eMP4u8Rapc0GWgYWIxOrynIZ9rV64Uj8DWfcdmPG4ZIBLcsM+bZx5KuWy08ckh3bGPjEBZleOPSsxbrPNTwKAEnHiJKmDEHIAip9fqiUPUGU65bKXVwyQHblhnzbPPmj2Vctkp45JDvyxFeCvHqH+tZ/NFtsU5PAYcHH4TFwjDk4Ww4szWraNz0UMaTblshdXDJZ25YYE5DOPZVz2PSak1fljSK9alf2hfp9wPxiy3ZaECSpBlOsrSRNfIAHis2vMa65CI2GJ2i57GSpQmpAGbLDJfLojGTdNk0nJP4/+4gr1V4+Z0o/liwXPaEpkzUql4lLwYV0dGEua84LMM6bIPL5FhPJtUsD5xLAeUKDLviOvOXImEKVMSCAzhQFNkVW+T45foo70RMXJaJaUTkrlY1LSAhTtwZBcltXOHqI+sYZPXASEzdFlL+MBYOeOKDaawumwWXCAJg1L4xq3PzRC3+rxn/j96of3LaAgrJQFOhSQ4BAUpgFHECzByGYu2jgx8cFRn+yLKonxgLAk8cZDM55QoiwWbCGmDpxDX1xF34eMn0F++H+5u1S5cwqmyuFTgUAmlFFmVUaV6HfRib1wVc8nn7KsxLcI5qWxDTPWF5dgs2EALGbvjHxiMvo1l+jM/KIcbnp6ULQpaMaQKpOvF54retIY8qsWF0WYluEDnTGHO2JW5ZciUDgmJL64gcogb9VSWedX5Y8uJaQpBUnElsqahgz0LFi3NChKuNlvm2iWRhK08agD5voIgEXXZgaTwPxj3w3vddEEBhwrgbKKYPEddJomj822pi0K4vTJ2z3RZQsHhUkvQYxUnIZ1jwXRZASOHSCKEYxRtM4aXovxY046abKxGXarImvGJI21hRXbSfk3PYwoKM5BrkVivtrCVouexgkGcAXIbFkdhbKEb4UDJWycIdLJcluMKOaxEWJVFekfdBkfPJYbNdNjB+eSebGKwnOuayP88B+MawwkqYgkOAQSMnANQ4yeF580KLpQEBzQEnv90W65HuKSLosjvwwpm6m79IsV42ZMyWUEgJbawAEVS0K4ivRPdExfi/7JTyUDugiMYG7JGXDp7aY8lXRZ6jhEkqDcsdMRt1TkpIKkBYwthJIHS4rC19zHQCBhGOgzbiqo8aeTaVZRwLvks3Dpb0kx5LuuRXxgJIblD4wyue0oRy5QmuKAqUnDU1GHP17Id39aEKlAolCUARQKUrU1dVYz45OdfdO331979DEWCWzCcG2YkwpYrDLSsKEwE5AONe+I+6p6U8qWJgagKilqqyb1dUSVqmpUJeFAQAtFHJc4s3MXxz7bLuye+v9LxvU/TEr7md/LHQEc/71P0xK+5ndyY6AjDNoIIIIhQig79X0en+Ik95i/RQd+v6PT/ESe8wBozdGrCUTDkAoNrUp29ERqL9FBhUdlREpfXzkv0V96I9scxAPHRjDZBRSx2uI1yzLcXBWZC8CipqbHGp6YkkX2AOQr2RLqUCSQGBJYO7DQPrFYs/zyulXfEZVwY2dbLK2cVOYBqecxKSr8AHIUw6GialzpJkISlChNB4yqYSOM9Xd6o0ph66nLPjlekr3xWZxbfKPEKONUxqOVM4B4z89c4krPfbJ5CiAeZniblWmSZCUiU02mJb0Iq7DQsEesr5oqk0+PV6Z98QY5N8qApRXMVMAo+JiQD31h9Zr2wjkKIo7M3NWJeyTpfAYMJ4XhCrEwYowpATidwQoKLM1YrlsPjl+kn3QRU2eTlGZMVMAbIsSPqtz1yh3Zr0wg8RTaszeuJe7Z0kSFoUgmaVAoXRgBhcGr143XkcxX7zPjlfg/liJ0JhaJnCrUsBqChI+qU89coUsl5M7IUWzb3xK3VPSlExJQCpQSEqYHCQoElzUOnEKbRETfPzp9Ad8EUwtk7hl4gG4rVI0c7eeM7LeGF2So7WY0iUua0JSJmJAXiQQhxyFuGVn5OPbUp2RG32fGf8Aj96oUCdqtHDKBAZkqFSNQeeCy21jRKj0bNcoltz06Sknh0KUGGHC2YILF1BgQ4erbDEfe/KR6C/ymCeyiVqtXClLBsIXmR9ZPTzRjZLcEsAkkgNRtjGH9yTEpKStOJOE05yghPUog+qMb5/w/wAfcIAa2u28NhADYXNSNkYWO3YSAEkkNk2kPrgmISUmYCU4dBiYtQ4SoYuhxGd+KScJSCE8ISkZkCrB9aNC7hYoNptuE3CkJZlYnJDUBG3nhrZLTgYMSRsb2Q8uOYkFBWCUjMDXP3w4vlYKAQG8YCBm2dATARSjWdb+FAQEkHECSSBkavWGdmtGGjEnmb4w5udTYHDh6jaMVRD+9FeL/Gnv9kUngZz7w4RJlhJxEiqiBkQaueaGcmdgdJDlyaERnZFc+piTvRQKJjBg9AdBioIo8Ed8vAoUn2Qp8uo+E9Y+MN7EaH0j7okZCgygQ5oQdjGr8xBPrAgp5A0XbwoFISXUCMxrTbFlvyUr5KUtUJTToZ4hp54ivRPdExfSmsp9FPugiMqtnnNoS3QO8wparRwqcKUni8bTYRt54UuyakEY0laWyCimtNR6+uFL4UMAKQQMVAS5AY0eK0on+fx/ZRhImNoadHvMK2i18IjAEl89NIVuqchJBmIMxOEjCFlFXocQr/8AYdX3NQUPLQUJdLJKisjP6xiTRjufdJ76+9+hFSFtpl0DvMPrJahMKUAMQpKnLfVILQndk5CRx0FdKMspw8rZnVs9kSNrmS1YMEsoGNGair6w25RYpb+ft/Y7n3Se+vvfoXnen+mJX3M7uTHQMc+70/0xK+5ndyY6CjLNIIIIIhQigb9n0en+Ik95i/xQN+z6OT/ESe8wBoy/1YSiYzgBQpnxilu4xGIvZPkq9nxiSvseMlvXir70R5YhK/xAr8GHn2+qNJVmW4qMze6R9RXs9xiLkvjK8JIqctpixzggnipYUopiXatdavELZzxJvSvug+QnocSr1SKYF9Q+MR6EnhFLwlnJpXlPs6YlLhMsFBmpKkhyoBnVmQMxQln5njHdClOHi8nHQkAKwspnbVmgLuGMq9Ep+ovqHxhgpJMxSwks+I+t+vOH1x4MSDNDpfjbSHL5VhS/UpwEpFMdCzHDVnz0bUxBdwTk3mlOaV9X/cMprqmKWAWorR2p1w+uFUvhEKmjEjG62DkjFXUOfXDndHwZQsy0sl0s4Y6PRywJcgOWBAcxLuCuwZSLwCc0q6vjDe1uuYVBJZgdMg2w+yM7ExU6qjEH2tR/ZElfplqE0ykYZb8QGpCXADk1c5+uF3B5GMi3BOaVdXxhK2EzFlQSeRq2h5jGEguXNeT00SmLBfpsygo2dCko4M0WK4uNlU/Vw65gwu5CkJJtoTmlXV8Yxt0zhFuARxCKto50PPCElz0sAOqkWW9F2dQPAS1JSy3C2J5ayltgwYKaMznMm9ggZFqCcwrqhS2EzFJwpPJXs1Sdhp64ZydNeKO8xNrlysEvCHVgPCEpYYipTAOTknCHo8GUjJFqCGcK6vjClstHCYAAQ2LNtRzGkNJB5Poj8xix2gyCmVwSSCJaRNxDOZhTiUCSRhJdgwZjtDLss0QNntIQA4V1Qta7TwgSkJNC9W2HnhrLPJ6FfmMTcsS8EtuUxCwRR8aikgvXilIZhyYEhEWa0BADhWzKHFptQmBKUgviBq2mesM/rN/qmU6olbKAwpVy9KNRvfFBGWS0YAHCqbBq8ObXbgpDYVCoLkDQ9MNJ3zhGmNdNMhEhZAlsquNjNV6bcvbAEdInBIqDmdIdTrwC0lABxK73eErT862mPL8KYcgDZAgys6sIIIOZ2fGFkXgkPQ/qsStjVJCTwiFlT0wkAMwz1zeMLTwZV4tJCdimJ9kbeKlv5+xZoj1W5KgUgF1Bh64sl+oPyYhi7J9jRB2oDAqgyPdFql1Qn0R3RlGWUeWpmoeowrapnCIYAunjVGenvi3GQnyRGJkjYIQUpsss2ZbYDC0+bjQUgEEcaozbSmsWhUgbIwMobBCClSlqZtfVD6zzQspSHcKSqv8ApIJiaVJGyMQgDIQgpa96Q/3xK+5ndwjoOOe96M/3xK+5ndwjoSIyoIIIIhQigb9v0cn+Ik95i/xr/fu+jh9/J7zAGi7+OEoWcgFCm1WFu4xGJvNHP1RKXykFUsEAhl0NR9WGiZKPIT1CKyITTeiNiuqGUucAiY5ZyogdIifs8uzhPGQoqrlgCebR4QMtFWSG6BlGmklyZWVb0RNktaUAAu/RGV5WxMxISl3BeobQj3wpe8tIQCEgcYVAAOR2RlcSJZXL4UDBi45Yks9ciC/rjJW4qNrPNwABQUD0HWsZ2+1pWjCAXd6hsocX7LQAShKQMdCB9WrVNdmcJ3KmWVpM0cUqOMs5Zy7NrsgLqiEibwbBYIOeW00ha3W1K0FAxPTMbDC9/SpYSoywMOPikBjhctnXKG93hBmAzKpxDEQAVYaYmfVngwnqiEpWDlA7ctCBC9otiVIKQC55j8Ie37JlBKzLCcNMJSkjY7Y+NtziJspcuQFZZ6sBR4clXB6h0NiBDgEUPkiHS7ejApNXIIyOsPr9lWfxnAI8WEjCVDjEsCSdjEkdCQdYgkVfUsGf0Q0ROqgyTxGKgQ4DeoQ8Tb0YSK1BGRiQv2VZXPyYOjg81AuF8Z2xB8sJ6SWiCTVtThDP64YuqgAMLYgRQadMPUW6WB9bqiZvmTY2T8mCjRWPGnI0w4SdMztDto5rEv6uvF96oJ1UrUMkjDhJB5Ow7TDyTb0DN+oxL2+TY8EvgMSln5wLSwBwSqIOox8LXP1MTWpf1XrQ/mMTF1UMzIwhJLgMpvWow6kW9A29ULyZaCBxXNXcBuZvbEbqBoCummcaAKoQogsSsih1aHci3pG3qhSQhJAdIJ1dIZqN7/ZEfN+cI0ClU0yGkAezeVjY4SVEFuYQ5kW1IFXboMOLPLRgql1YjpQJADdJJJ6MPPDCaOPhYNjNNMk6QDPJ04FePTE/UE6Qsm1p2Hqj3CNg6hGSEJeoDdAgQ9VagMweqPPl6efqh7afkzeLRMxbV4WzDUHM/shlgT5I6hGs0k9MrPF2sLBSkFyGFNTFwl0SBzDuimzkJwnijI6CLhJPFT0DuiIyz0mEyqMjEbfMwiUoikAPXjBRis3dNGOXwlUYhiqeS9cq5bK0h1iBmIKQw4Sg5q0fWm2BPMJdUYGFFCA2dfkK6jGli3whSzb0X0vL+5m9wjoSOe96If3xLp/hTe4R0JGGaQQQQRChGv8Afv8Ao0ffyu8xsCNf7+H0aPv5XeYA0VfC2wrLsAoH14W7jEem8Uc/UYeXulzLBqGVQ5fVjCx2aR/iAgOOSlLtV8x0RpKuGW4qIG8EDPF2TB+05e09RhedZZWI4Ugp0JSAfWIhZAGMhgzqppsiMq2h1eFqTMSyXJBfI7D8Yws04IACnB6DFjuCw2JUqYZ6kpmDFgSXAPFcZIIfFSpEV+85YCQQAC4qBzGK1oxjn3ZNR6+v/AvC1JWjCl3d8jzxhZpmAMoEeo7eiCzJBDkByTUh9TExbLPZ6cFiWKvwiUhsmoNeU9TpENN7SIu32tK5eEEu40OkJS5gQeM41yORAjygnYWGHEOLplsiU4OX5COyIFGdqtqFSykEueY7XhpIVh5Th2OR2CJbgpfkI7IgMqX5CeoQA0nWxBQpINSGyPwhkji50oNOYRLcDL8hPUI8VLR5CeoQA1NpTgIrUNkfhDZPFwk0dI98Ts2XZcHFEzHSikSwjnqFk7dIalCD9RPVEToG6bagAh9NhhkmmEmnF561VEnwUvyE9Qj0oR5CeqKBtKtiBmfYYZoUAx5j+YxKcFL8hPUI9EuX5CeqAEJVuSAAVZc22GjZKq3GLsdSI8FSBoMTdqJWxSbOZajMmKCxiwoCKGnF4zMONnzRG4VIaSLakBiaZ5Q0WeOVaEqIMOZyAMJAAOIe+EJI4o16YpB1KtYSGJIq+RhtNVxsVcJUS7HYmJS2SbPTgsahXFwiUhsmbDmM4ipiuNh+qFEtpkNIidRWoxVM4c/UYPlKdvsh7dEqSSoTSEhqUzPqBhtaJaQCQBQhizHMRprVNPGYrK8ifylO2MvlCefqMN5IBckA1OkStkk2cp46lBWwJBGZ5tjdZi4pMylSOmT0kEDMhhQxcZS2SnoHdFVXLSEk4RQZgMeuJu9pxEgkFiwrrWIkRkgTEZfg8Ur1d8RN3TMRIXNKAEkgtidQZh39TaxjeMxgGU9TXJ6HSNPiiDWUNgJbNhDuyTApaAlyygTQ5AGEbuQhUyWJhCUFQxKL5PV2D5Ufnie3H2NKrUAGLBRBFHyS9asx1jXR6f6meOPxcMZZyljuaSlSSpKVLWM0pSVLbaABycq9DxnOvEylDhbLMQk+U6CejElifXCSJMhN6z5U2d8lQiSMOGb8nE2YUy1suYOSDiJ/COiJy+bOmbd6kSpsrCm0S1CbMtqZyOSMQ4VZ4iqkYNc9Y4eq/wDb63pesuhjFimk3pc+dvfzi9zWHQxzXc+eRS5bXLlzEW6ylMwo4q0qGGYgLFUrZ2BGSg4cczRue7bcifKRNll0rDjaNCDzguD0Rz7uduebJtZ4TDhmWSdMQpCwtExKAFUUksat1gxtjeumkyJqDkmaW5sSUkgeuvrj6GfUx9V6b9dRtOVef8OeKeGfaXOCCCPAdgjX+/f9G/8AnlfzRsCGl6XZJtCODnykzUODhWHDjI9PPAHKF8KZSDVmVXZyc4ZptSdsdSr3D3caGxyiOcQl4Prr8wkdiKQ5iFsRtiNQkpmEnKpcEEMcqiOr/B9dfmEjsCMk7grsGVhkB/8ARApy2i0J2wnb1haGSRSuYFADk+cdT/uDdnmMjsCPf3BuzzGR2BAhypZiwY0zz6YdonpGsdQq3B3aamwyD+ARj+4F2eYyOwIA5TmoPC4hUFi4INBSuz1w44bnHWI6mTuEu0ZWKSPwwfuHdvmMjswBy1wvOOsQcJ0dYjqT9wrs8xkdmD9wrs8xkdmAOW8Z/REeYz+iI6l/cK7fMZHYEH7hXZ5jI7AgU5ZxH9EQYj+iI6lO4C7PMJHYEeeD66/MJHYECHLWI/oiDEf0RHUvg+uvzCz9gQeD26/MLP2BEKctYj+iIAo/oiOpPB7dfmEjsCDwe3X5hI7AgDlMSiMxkDqNVe2FkHnjqg7gLsoPkEimXEEY+D26/MJHYEAcszqs1WIMJSUkAP3iOrU7gLsFRYJAPMgR54Pbr8wkdgQBy2lY2w1VLJW7UqXcMzDWOrvB7dfmEjsCPTuAuxm+QSGGmAQBysiMpynSwqaU9Yjqbwe3X5hI7Aj1G4G7AXFhkA8yBFBylKlkCrVJOYy90LJMdTHe+us/5CR2BHng9uvzCR2BEBy3OU6VAVLGJm+vmCG8mOjE7311iosEh/QhVe4a7iGNikkc6YtJDk9KCKFusHuj23F0hqsa9Rjqnwe3X5hI7AjIb392D/ISOwIhTlBKCGBZ+kfGJjc7egs9olzDycTL5kqo/QCx9UdK+D26/MJHYEIWzcXc8lOObZLLLS4TiWEpDnIOos52RvDN4ZLJeCNVQ1Zvm7ll2gIvCyp4QYEpnoRVScA4swJHKSU0LZMDtaA3GbopEuzzLLMmKlqM0TkTEy5c4USlBSZcyjs5dj6mruybYrAmXistrkWdKCEOmYgygWKgkjFQsCaEUGRaKta7FLW8z5bdpAJSZvDIYGpYnDRTVaOvW9H6f1mMyz7d3fj+n+VHPDPPp6lI7c7IFotslUy1TFyVSZskKXLlyMGLDhCEpoQogjKrAVjau5e4hZJakY8ZUsrKmbQABuge0xV7muawWdUuZabbImLUypQVMQlB1CkAq8ZzHLm1i9yLXLWVJRMQopooJUCUlyOMAaVSoV2HZGXj0+h010Ojk3j50lv5JJfwaVyfdkti0EEEcTYQQQQAQQQQAQQQQAQQQQAQQQQAQQQQAQQQQAQQQQAQQQQAQQQQAQQQQAQQQQAQQQQAQQQQAQQQQAQQQQAQQQQAQQQQAQnPs6FgBaUqAIUMQBZQyIfIjbHkEAN5t0WdXKs8pXTLSchhGY2U6IE3RZwSoWeUCQxIlpcigYlsmA6oIIAF3PZ1FzZ5RLM5lpJapZ2ycnrhez2WWh8CEoepwpCXLk1bOpJ9ZgggBaCCCAP/2Q==\"]', '2026-04-01 07:33:46', '2026-04-01 07:33:46', 0, 0),
(57, 'Bộ dụng cụ sửa chữa 42 món', 'Bộ dụng cụ cầm tay đa năng', 450000.00, 'dung-cu', 'Stanley', 80, '[\"https://encrypted-tbn3.gstatic.com/shopping?q=tbn:ANd9GcTO5I6qN4b-h1wRdA8vybdi2vDlHQVZW8h02ovZ_jfrK59rvcftp9zgOCJeaLM66P8Tq0m0fANv1twoqQpn0djLxD-AOj_MWFG6jTzsmdCcQqN12hmWxrBLypxdxsUZ8tHvTH2JWQ&usqp=CAc\"]', '2026-04-01 07:33:46', '2026-04-01 07:33:46', 0, 0),
(58, 'Máy khoan cầm tay Bosch', 'Máy khoan điện 650W, công suất mạnh', 1250000.00, 'dung-cu', 'Bosch', 50, '[\"data:image/avif;base64,AAAAIGZ0eXBhdmlmAAAAAGF2aWZtaWYxbWlhZk1BMUIAAADrbWV0YQAAAAAAAAAhaGRscgAAAAAAAAAAcGljdAAAAAAAAAAAAAAAAAAAAAAOcGl0bQAAAAAAAQAAAB5pbG9jAAAAAEQAAAEAAQAAAAEAAAETAAAMhAAAAChpaW5mAAAAAAABAAAAGmluZmUCAAAAAAEAAGF2MDFDb2xvcgAAAABqaXBycAAAAEtpcGNvAAAAFGlzcGUAAAAAAAAAwQAAANwAAAAQcGl4aQAAAAADCAgIAAAADGF2MUOBAAwAAAAAE2NvbHJuY2x4AAIAAgAGgAAAABdpcG1hAAAAAAAAAAEAAQQBAoMEAAAMjG1kYXQSAAoKGB3wNtggQEDQgDLzGBIAAooooUDX/y/3rLea7RhDqfFUXwMrrougG4QmoC6ZfI04h+LktZ+Nte92nxGEoGvEYr4tJUECUkWTNe3chHHWq+riTHmJlfaIfh47rE30Ddj01/Ks0LN9pyNyakK5t0mi2VjZz9hf7KCqFO/Xw8F7I3uRr8I4fqmG5FHaZdfr3nH60BZrwDqGU1dLDFDpOzEeBHLYX1XX63no0BqREVKgy2KylfS4KYQZE23Za7TDGj2BNBpxTmSIAug9N8cJrMOy3HMTngpXVzklLY7Ij8xHi4bAs9KMmhBjSJMcFl8LaBMKxFv4DjRJ1ufnFzOMdRKNBgrgLJ08mnbb2Y9k8RRHl/o4gURdeKYt/3BcULuT2ydW80Kmf7oLHpgDZnNbteG6/7WcsqRdyQTEg1DX2FUrQmfIc5kQatVSxzUkTCEq+a/SRIgNPedayPYY2CPvdl09YbiUCwQXYM9aDczq9rwtYveFh9hMWAMp7XwSaToKeAK9iS7F87cNoeNmFKe+wAz5YkavObnlrUaZ3BRUPGbvOkf6GzciFwNb7KmkWqOs9v4IyGogtm2ge5VjitIVUCjS7tUp4EhiIytSJtCRXqOkS8YcEJmSj2Bdi5fy8ChDLYSLlCYxPAvUqYLp2K7K6da8tPNPUrsSwIfCASBlqz2odY1SHE6uG8suIq1zIMxUlfipyxFwz0Ay0uWWHr0qQB8NKCsS9WBkhwWw3LmYXrI0BIvQnLeGydtX2Kd+9Xl6cq28M1HJrDvlS6kkPAqi2h87OFWpMJtin14vLs+3eXBfzHSkcbGfXZUnDlzAYBzOsa/WNPfgVZfwINLbRQJgI0BHJ1nAizc8vOvU9uOj9L5xMxxPuGC+LpTBo34WvHxt59Ykb+DHL9axfAKYP1Q65JCNUxiApfi4lYU/0KZpVVkjZVtslFU3GOXyuBnudBsV0ti35kAX1QB1eynG15RZHH9QC7ZVwRLIJtK87blRdg+5f4T6n4KkZU1obVZzksKttCDmrTWnbWdihgAlL2KAHZOfpetoqTHlhFiRuBhCd/m3u8Rh3OdFGZsd9sE7rt7MwXi3CKM0y3caAQDl437WapfjgFi4WNmIG+dgEIhTxIChipTrt5DR8KsgaM1KgiSFJiahLXtdmkBVNbOeXwd1keqgiZCj9zcebE17nqhi3lYCLp6rHM6LV2YDCWehbTcjpgwdj9NaXzhLQtc/nZDzX3WIkbQe7szutzaT1cMpHWt+KjISFWQdbZfhhOYU+0KNgCodp9rgyZJQBIV+AxKrPhggyYPSNux49LB0ZPEZJUVVQFhqWiac4kUwE8MRWrwEtoacjEs99w3qSq91zM05sYNCsosJh3ZqMed02hxjYhC+ajLc3WFsu40U2qmA58BPqTPjVbNjfxvq36NRrIccwcII8PaEoBv6SMZ2a5BpQLiPCXQXj6xTVrS1/YuCXd1qwbnTY6yTPi4SGYCb9uFDl9mj2lyfsIy7KZffolUKNGlLtuQo/977xOUNPBWCqw7z3ssa3zlLNOtr/M9geYGq72pS+59JWobB90K5RRaW85OO9EntIyE3nFEzIqKi9+6RLagqzolxGjk+8PtN88R7Jmh3lGqrHUj/er3JTr1SZuypsg12f9lpA0ULGKoMIUyYvwPFQSaph2AWos0xEH26zUKak0x3MaOTDTDPi8uy3F+0EvVgaKQpaD6lENOH9pJyf5NF9xXUCLjkNviyPOZPWSFG4Jl9g2dXSTz1TmBMWccvuSIml5qSdhnvBYnVIp9snQA08+21vRDdPDQUtijfRE+yT7xefe2jPyrTn2SjJ8s2v09XE6TcsPBxYJMbh9jadRqE1HXQTDlsWMS6M+7/4o6hr6SrRhRtjYudYSgRoL7MHYiGXLixRLKB6NW34KCLY4vIvDT6UumA52SSvxKrOYUt5IpLjCrjE90nu4i3ORWrS8e/0udepYcOW89RGbiCFek5xjkFDtaUWCheOtZjAC3LcLlaZbrpZaT2zJUy045ndifckOd/70Fe0y9wRUzpVxKW8wtxGhKStzfPwM9w1iTOWXCtjzO6AlH0NEKrR2gukU6qvL797SI3p1iA/3ARuxD1n6iUw6DbNIUtdg30y1GtAD6umQ2ES4nZDtRCSkj3pym2/EE8aTN02Htp43pt9RFaIwLqTvuJAPaTSOExaSbBn7Lk0U9lJrWMvJij6nTxosqsGEBdYvQS3r2ABHsS+p/Qxl//KAdZ24M3p2QqySoxPp9itye4vgCiGSCtjWb890MXGopcV7DHUzgV/3gueHezJYWOZB4k+i5uY0Tk6BawQgK9tCFUlNzlz2AiUYgIm3G2gK1SPmSVT1YSK+XF3URDSF4/fqzQfFIiBVG6b0gFIp1c67C9IKZxUrPntf3ml7foql07qKd6KVNLD/ZEasXYklWu2Wpf1Ci1oCCgikUCu7YqI3uffcygsYU19ngAyJ6MkjUhgJRMJoP67uW4JaWlav9rftQw8fB2FeLlcoG+CoHaianvDLokggmsiBxZ6QVSmfQ6mhZiJB9UBRIlKZfWYnOCnxdfj2cp08/8O9NgmIeLwZVOsI4Q4snki1+sPMKDrMtO2ffMLfnZtef36HLUwR7OjrfiLKRNtHUoON0xk1IkV0sEkP4C6FUIxaxA6wdr4ZJYQfaXLrQ5JHJpf+qO9UFJNVYnU9I5kGt2DW6761caKJY6iPlEIF7sP0qLXhkQd1OovRbOGut8YfyvTQr0FuHwlm1G4AKU5MNkJD158+RQq7rbo5tdNOi0XdyHbsZaquDeggtf1AB4PyLGAKlv4NKNxufjbYgfqLvi5jGYw5EN4vNFyQtUrILEz5K6r/ygkpD8dbZCkevIA++RHDl/xczwQaT0L1SXVWZAZVj4GiAb2UIh1HMoHcOURTw5CCSsDJFBxgSWtbKMpZt/VwScuoMgU0C3G5GB5kZ+kk8m0ayvl3EuNsBIxwuVmy0T0W7wnTL7sJdpplXdVsqPE6U6JM7T/YoDWDWK+uwPPXoHbp7N/X2Gho6yQ1JNpsTmYAS7Rr+cRhb1LZJwkfKc+n3qR2E5aGSx9KFUj4zZCSZso5a6agbtmCtgNq6Ub2OmpyY58I29AJUCvuwplyCvq27mdI5Z62JYSJw7KJH65T8chLToX0wzb2+ERJHqiht8wEXg+4B2rX5zYQ+8jgLO3JwDZQFs2n0Qml1nS8kZ8Rl2dqqOZmi4xMcymqlc7KfV0p/EAbVGCXdp5ytek4k3NbhSyTWvnzJZg3dr4aOvmPUEgOLn52NT1FcSX+I3SZE70cwLZRD/m2JZuG9syQk0Ls1KuSOqNZSYwHnrClart/flF3ykeWFRKxMUvduXW00sWYSo0ta/1v8zbfRnTjDrXv/kNJDIDyXi7ApYUYmGhGOM1xMho/vIBOZ7scLZ2+L9OF4c/Wl7O77iEARDcsumh1sCve4V81/aOA8rxl3aYZ7XALXXqN+49SFf/7UGM2XFlgSvvnTwnzk6fFH4USFLuCZI7kRI1QBgH9HzTObhkW5M70q5hpVrqmzU7q+lewtsnk5nlM2hlzgTjzk7jXhX1nwwjMjF6ByX8tT5uLVia40T5nyY7aSGY82r6dN9gRL8YskPF7k68lIShX+LWi2Sg2h7cVrz9+302ZSoYe6k7OD8VQCvZ2L+WxCKXQ+lfItV4cIeXvpjw+c+GLdTgDDokg7f0jpgb2JN8ovMyXXHG6geG5GFSMK8nvrEzHgU7otZ3usCFIY/k32FUguJrapDMZpWyhIjk5nicfE2vRIDWYoTbiRXxwYLgcVRkg6pRxWfvOsiRnpbjPsx/40N7aEx0kRWrTZ9/wgjGxr9kJ924xE3Sbk74q6mzkhxpg8wy1aQlm0qfQKI+JRpKccr9zZz+AOKKFyMRtefdOCkLiDjTvDW+Gczznz2VrW0nNsC+lGN9426HXctY91eKTK4RCLLq0lajOT1+HctO7JG68XrPikTVyWNb+k0eF6vq+nfpoj7ySTaAoOdW8JhuBIfJdw1bXvbrXjKLT60EEnMQpYa92H5ckr0lcmSqg7LudVbt8az2jAenhyS7RUDRtRKGgEjbizcnhJadVQLsA205q9CMSu5mhaGEd1ABhltfvxg60X1xDQQSn56U9X2wpGBDVSQLf4ELqOdBUghT4VoB8EylITH3n3WDpag4Fq5MiAIZeTb1zJlr3Oa7F2OtkReM4Att0NaBKpDxefVawP8UiMP7y5tgVslSu22601ksCoP4iHxTIA=\"]', '2026-04-01 07:33:46', '2026-04-01 07:33:46', 0, 0),
(60, 'Búa cao su chống trượt', 'Búa cao su, tay cầm chống trượt', 180000.00, 'dung-cu', 'Stanley', 120, '[\"data:image/jpeg;base64,/9j/4AAQSkZJRgABAQAAAQABAAD/2wCEAAkGBxIHEhMSERIQExUVFhcVFhISFRgTFxgYGRUXGBUXFxgYHSggGx8lHRUVITEhJSkrLi4uFx8zODMtNygtLi0BCgoKDg0OGRAQGjclHiIrKzc3NTE3LTIuNzUwNzczLC83Ky0rLSs3LzAtMTg0NzItLSsrNy0rKyszLTI3Ny83LP/AABEIAOEA4QMBIgACEQEDEQH/xAAcAAEAAgIDAQAAAAAAAAAAAAAABQcDBgIECAH/xAA8EAACAQIDBQUFBwIGAwAAAAAAAQIDEQQSIQUGMUFRBxMiYXEUMlKhsSMzQoGRweFi0RVTcpLC8ENzov/EABkBAQADAQEAAAAAAAAAAAAAAAABAgMEBf/EACcRAQACAgEDAwMFAAAAAAAAAAABAgMREgQhMRNh8EGB0RQiQpGx/9oADAMBAAIRAxEAPwC8QAAAAA4zmoK7MeKxMcLHNJ/yyBx20JVteHlxOfqOojFXf1WrXbJtPaFW96UstuTV0/U7Wx9tRx3hkslRcY9fQg6WN715ZK35a/n1PmJwbesXZrVSR5lOry1vu0+W00rMdm5gjNibR9sjlnpUj7y6+ZJnsY7xevKGExoABdAAAAAAAAAAAAAAAAAAAAAAAAAAABjr1lQV2fa1VUU2+Bqu1NoSxknGOi4Nrl5LzAx7Vx8sbJxT04Nr6L92Y8DTnXbhTi5ZVd9F0V+r6HBU8qlbwxhHNOds2SPWy1b0dkT+7OKp1KTjCLg4PxxbzN5vFGeZaSzRtK6625GV60v+2zStL8ZvEdo+fPsiMPFwnn1zLSz6cGvIkXWhVdlz0a6M+7YjFPOrJvT18/Ux7Ow3ey048W/I83NgtWeER5WrP1ZsBgW6qqLTLdPzT5E4cacFTVkcj0cGL0qcWdrbkABsqAAAAAAAAAAAAAAAAAAAAAAAAHCrUVJNt6I+zmqabbSSV23okubKS3337rV8U/ZqrjTp6RilpL4pST43+SAsPa20pYmWWOn7fydGP2doRy5mr2bSyxulKbvxtfhxZFbn7cjt9KEIqNf8UH7tudRPnHy43aXmbNt3d6UKdOrh23Xw8nVipWtVlpnUtOcU0uhS8zETMNsFa2yRW06j5r7bR2edfLCi4x7uTqqo5Jpwk06eJkrpVIShnhKK1V7KxO4anHAwi7ShCKap0m2rJu+q+kX7qstDrbLhDuo1clSlTk3UVGpdSUnJtp34RT1UeCu30trG8+9FT7XuMn2Nu9rVNYU3JeCCitZ1H8PBcWRjr/KfMtOpyd/TrGohtMacsXJN8+CJzBYVYVWXF8WVf2Z7/PFVPZ8bJOc39nWsoK/wSS0Xk/yLYL6coACQAAAAAAAAAAAAAAAAAAAAAAAAAAFSdqW/KebCYeWnCpJfifwryRVVCnKvLTVtm6b/AO5VXZNaVSknOnLVdV/citn4VYePhacmrymuEV0XmQOeBUtmyU6U5KcLNyjplf8Act/dHfGG26eWq1GtBXlHgpr44+XVcioa1aGHh0jyjzk+rOnstYjEVYToxnmUlkUE2227JW8+FiRdW2KtbHQm6XvWaprrK3h+ZSWKhXw67uteE6cpucZKzcpSu3Lq+CTfK1j0dsrDypwhKpFRm4rNFaqLtqkzp7d3Zw+2pQqVKcXUg04y621SmvxLyYFY7l7l50sZVWsGmqD0lHS8ak0+XNL8y1tl7SWKWWWkvqcKlN4l3i1TrwVrvhJfDJfii/lxRHV6Ge86acJwf2lLnB9V1i+TQGzAjdl7SWJWWWkvqSQAAAAAAAAAAAAAAAAAAAAAAAAAAAdXaWAhtGDhNaPg+j6lL73bs1d25zmk5UJvM7cpdfR80XkYsTh44qLhOKlF6NNXQHnLYexa28lZRjFu/wCiXV9EXtuvu1S3epqMEnNrxVOb8l0R3Nj7FobFi40IKCbu+b9Lvl5EgAAAGDE4fvrNO0lwl+z8jpVqTxLTT7uvBeGXFNc4yX4ov5cVqShixFBVfJrg+gGv1qPfXnCLhUh95S5xfxR6xfFP+USWytpLE+GWkvqK9F4lrXu60Pdna6a6Nfii+a+jI+vQda8oxyVYfeUlrbpKD5xfX6NNEDYwReytpd/4Ze99SUJAAAAAAAAAAAAAAAAAAAAAAAAAAAAAAAAAAAYq9FVfJrg+h0sRR9pa17utD3Ki19U1+KL5r6NJkkY69FVV0a4PoBAV6HtDk4xyVYazpr5Tg+cX1+jR3tlbT7/wT0l9TJXo+0WTeSrDWFRL9fWL5r+CNr0HiXJqOStDWdNcGuU4Pmn/AA9QNjBE7K2n3vgn73J9SWAAAAAAAAAAAAAAAAAAAAAAAAAAAAAAAAAAADHWpKqvPk+h0sRR9ospPJUjrCouX90+ceZImOtSVVWf5PoBA4ig8S3ooV46yguEl/mU3zT/AIep3NlbT73wT97k+plr0PaLRk3CpHWnVXFPy6p81zI7EUHiW00oV4q8orhNfHT6ry5cH5wNiBEbK2nn8FT3uCb5kuSAAAAAAAAAAAAAAAAAAAAAAAAAAAAAAAAAAAx1qSqqz/J9DpYih7TaE24zi706seKfVfunoyRMdakqqs/16AQVeg8S3FpRrxV2l7tRfHD5XXK9nyb1Xb/aV/gc40IQjVnGX2rbskvg0/F9DN2kbxywMVh6TtXTUu+V06atplfKTT9LPzKdqLvr5ve43fF+b6gekt3dvUd4aSq0ZX+KD96D6SX78yVPMWwtt193qqq0ZOLXFcYyXSS5ovjc7fCjvNDwtQqpeOk3849V9ANlAAAAAAAAAAAAAAAAAAAAAAAAAAAAAAAAAAGtb67rR3hp3jaNaC8Euq+CXl58iitpYKWHlKM4uM4uzTVmmuTPTRpnaBugttwdaikq8Vqv8yK5f6lyf5egUU/Ho+J8wuMnsypGdOUoSTvGUbpp+qM2Ooug9U73s1bVO/NHU93TxSzP/b/AF57hdoENupUcQ4wr8E+Eanp0l5c+XQ3s8nwzYZrLmdtc1/Mt/s+7RliMuGxsrS0UK759Iz8/6v16gWiAtQAAAAAAAAAAAAAAAAAAAAAAAAAAAAAAAABXvaNub7cpYrDx+0SvUpr8a+JL4lzXP140vWo+zvRNpvXyueqiru0jcn3sVho6aurSiuHWcV06r8wKfgkkklHu7O7ucfutU4qCSs7mavS7jpkSd42Mbmopt2cLK0VHh/3QC0OzntBeFy4bFyvDhCq9XDopdY+fL0Lgi82q1XU8nyvSd273ellw9S0OzTf72TLhcVLwcKdST9zpGX9Pny9OAXCD4nc+gAAAAAAAAAAAAAAAAAAAAAAAAAAAAAANXAAqTtH3G9mzYnDR+z41Ka/A+cor4fLl6cKrqwdFt+J8FlR6uazaMqXtE3C9nzYnCxvDV1KS/B1lFfD1XL04BVkfBd+KWZ8Ph0+hxcHSatdrXxX4eRylTdF6Li7u7FO0UlHLk1ctX8gLS7Md/e7y4TFS8OipVZP3ekJPp0fItw8m/daq2Sysy3OzTf8AzZcJi5f00q0n+kJv6P8AIC1gAAAAAAAAAAAAAAAAAAAAAAAAAAAAAAABxAAq/tB7Pu8zYnBx86lCK/WVNfWP6dCoatN0PRJ6WPVxW3aLuGsYpYnCx8fGpSive6yivi6rn68QpnNZXfu2XhSOM06Lvq7vTTgZatN0m3q/LocU8t7Xd3rrwAtPs67RcijhcbLTRU60nw6Rm+nSX6ltRebVa+h5Myd17uq11vwLE7Pu0WWyMtDEtzo8Iz4yp+nWPly5dALwBiw2IhioxnTlGUZK8ZRd011TMoAAAAR23dqLZNPPlzNtRir21s3q/RMjcHvJLNOFemouNN1PA73Sjnt62ZjbPStuMz3Um9YnUtjBrGF3nnKVJ1KUY06rajKMrtWkotv835HPbW8z2fVdONOMsqV25NatXtouliv6rFx5b7I9WuttkBrm094amHrSpUqcZOEc0nJ20UM7svJEpsXaP+KUlUy5Xdpq97Nef6F656WtNYnumLxM6h3wAargAAAAAAAAAAAAAAAAAArTtI3F9qUsVhY+PV1aUV73WcV16rn68adnTdJ6Jcbs9WlU9pu5GTNi8NHTjVpxXDrOK6dVy4gVJG1tLZdbnDLzjbLbTqZqlJwfl8JxnWUllS14WQG07kb8Vt2pKLvUot+Kk3/9QfJ/Jl77E2zR27TVWhNSjzXCUX0kuTPLMo900uLb5E/uhtyvsbEQdCTvKUYuP4ZJu1pLn+wHpcHwAa3v39zT/wDZ/wAJHQwaTx6zWt3avfhbuFe9zatpYCG0oOFRO3G60aa5oj8Nu3SoKfiqSc4ODlJptRas0tOlkcOXBecvKPHaf6YWxzNtx7IfA01tnE94oqNCj7qSsnZ3Vl1b8T/IgsXio4qLk3451Zzl5RaWVX/3G5Yfdajh5RlGdbwtStmVrp31WXyO5tXY1Paiip5llu1ksuNuN0+hlbpclqTvz/v40rOK0x7oXa204bQUqVN1IS7t1M6irTj3WbK9bq6Z3dzKmfD8Ess5LTnwd356/Iz7R3epY+WdupCVsrcGldWtrddNDvbPwMNnwVOmnZddW2+LZ0Y8WT1edvdpWtue5dkAHW1AAAAAAAAAAAAAAAAAAAPjV+J9AFLdpe5n+Ey9ooR+xm9Yr/xyfL/S+XTh0K1qQdL3Vx/7zPVuMwsMbCVOpFSjNOMovmmUXvTuDicBXcKNKrWg3eE4RctOSlbg0BpeFgnx1b+XoWJ2W7mvH1Y4urFqjTd4XX3k1wt/Snz6q3U7G5vZdUqyVTHLJBa9yn4peUmvdXz9C36NKNCKjBKMYpJRSsklwSQHMAAAAAAAAAAAAAAAAAAAAAAAAAAAAAAAAAAAAB8R9AAAAD//2Q==\"]', '2026-04-01 07:33:46', '2026-04-01 07:33:46', 0, 0),
(61, 'Kìm điện đa năng', 'Kìm điện 8 chức năng', 220000.00, 'dung-cu', 'Stanley', 150, '[\"data:image/webp;base64,UklGRkoXAABXRUJQVlA4ID4XAAAQVACdASrBAJQAPlkmjkUjoiEWK4VkOAWEpu3V/gJJEXP37r9o3vK2h+673MWLs0/keib1Cfm7/oe4B+nf+Z6nXmA/ZX9oPek9Ff909Qb+qf63rHPQA8tz2bf3K/cn2fP/PmuHoQ7zvtH5QfzD0p8TnmT2u/u/LYiU/KPvZ+d/tfpD/vPBn4yf5XqBfhv8j/un5Tf2f4mIC/SD6P0DvZL6b/r/7z+R/xgfKea38h6gH5mev3eYUAP059M30z/2P/q/2H+Y9K30j/7f9B8Av8z/rv/E/wH+Z/aD5w/Y1+2f//92D9j//0gT4uf78UYe+nZQ3//lCA3fiHIfa4UjR0rroTu4vcr8GVS2SJmNJCd6PtLz02R1V8jTRguNblwsYbx/3I4S5j5sxL8QE8wCA22mgw7f8TmfPC3WbdV/HNL13CSl9orZw2UqQ/+1pDfNGll26W+FN5Bsf8vplN5IC9QTECc9j+rtgrwdgG/q0yItFkTd+w4N+9Z9pPo/7supjHn+yoMf/IOdtu79Cw6b0t7DPxch2f58uhOqX9tX9GvEB+KoZI1o24jWI2Wog2yQLsfEB5p/0VRED6x3Ex8YBJ0H8bIxf3x4vAQGjqknGKyJagC3IWUOziofA1ufNdkP7EIv8WXxEc86PVYL6KzhfmTt2gzE/9ZocpYnC/jJfcnFWV8kqL8GxUxVS7iL5hukFK3rFOWIBNm34pMv7z6kE0ue7NtchM07H//1JgaFTdY9EbJNRlfXQafAc0yIZokj10DEnudIo1XEiQo/I2dh6/1j/+w8LB9bxbbhH74bs0K1CJwgfL9LCUNh4v6/+/ILsF73+OPQbMPyJZVHFObvg/EKw6ViNyDRvJal0YcPJTJS2HyATFU4qs3ce/Oc9hWeoIw3mgqUvwZwZAAA/v2A8Lb7KTxrTVpoW9OCL/jiYtGdH6jw2yOXOtLlru17ONwB9lxR6M8MLnQvfd2CnsHkco15ghXD0NJSOtR29HFZapcj9SZpfHR0KVLKNmPocq41XSN4m/aq+ZZqGlUjeZtZcZIfB6fbd8a4uwrxn0YEMx/tFlXKfxF8paqUhs2i+soo6toKkCKtEb7Ugf/4xfimxs+EmqnyFjufI9J5DVRpvwUoBo6AAVrigiPSPad6SwEnAyAaeoWL3gH1dx7dK3n5nPth+t4WBcZA1jXDA1mtPW5bE11pV2T9WNYOyxZPKXz9/5zw+JnU+rYv+PrBKssnD/pPpNa5nCb+6BvwQOAzx1OIwRC+eir5mHE6JAqn/RW/h4vhN4FAzwKsRxTcGWLSnHEX7HPhgnbJbhBlu1DNBPrWCnszcHrxDXwsJV6viq3d/o0qYEwV3wOuu64lXr4q5DuozFAvMvAhv1MBbHO+eANs8Y7q+M1UCy9Za53k3aPRLhjGBVXTcEYQgMXAeHe41IqM/p9uBaYqRlKzXs8d/KFQiZxCHjIJTT4OCkJWDBn5eqE5u2kLHtKNAW6JLECGXJEuW9ivVhPy0JF7wKqJ5D692L0gYEZwP0m3Iv0BgOVaEnhquY2ZMQsUUGTR0qKgFpJ+REDHfPEqwxRVO1XoPH0JXC2GSoYMVNxypoXpwvzVwcF+Uma1WKRRGx3xiwwmFSD0vQIYjmXRb9rSjcFzqOLBQSAdaXSk/OauLppEhidBnhy51vLasby32Z9dvYLYmhfwBW/QGUmNY7bceW9xVer55e+kyu7ZQgkBgtk2lnPP0BNsCTPKAQDEgbFFufjDJg/Uoo+Ym7RcH7VNaucghxP1rFkfKeXtT4ewWKRfSNXKlRvwCe02TCrf+5iETo7Fqwy1yRG0qE9mowS1UrI6R6pScfZnGVwemxxG57c28X7wm+MGj4rrPdtbtWYg+zGpLQOnzGi+enIjHKpfFq1tJVW7G6TO3+W4rnfIlwEXYyqIPI9sUkhzMF4fNf20/tt20ia4/nFGC0QbE+wQQoTLkS9roe7AIGYKKJ6YpJBaBtTcjpZbUmnL+lY7Llg2V+mIAz6yYaR4Ax8BvkdtmH7Adio/pptFQqVWAMLt+XyZjiUIQKaaxTLwM8BbCgPDq8/GEAxAdDT6CVQaEPU1DMw90LRcV1GkbrYI4hcv3o8ZBifkgy+3XGFkwy11uqlbgNuyQvyK7mfAWufvZPSa3SayGM4laFCd+dyGk0eFQxj29HHBl/jtRWan6Swu3eTOyj7FQ0f8zHcD+U0NMzw1C0tUTHRaTfnzK/tDg1KtuaGIvP60teVQh4H1M+oDZu7MwBX9/oAVHIDTvojdCFqc+IMUx8HSTq8/XfJyOg3eZB4QqtPKsktdmm5jS8ypWx1RH7/K8O1TC+8OroXPy5BtwEe16hyBaMgmUP3RHvEEQ1WvJR/586JzwB5navQ5yRARPvJKsEj2nMiC4S5v3cM71M+kQXhHJemeLGs1dauRiNqJluhFFePxgHVzabhXOCWoLXRSs64ufv7mqzzmBsmMQWSfKLvvgvHddv307w/Cf6UH6w82/V4rk8k8IXbWkJRbhV4sGFyK14jV0cV7qqnmTbbVpRsv5LN8wIRHh+kbl5bPMd8PWPd3TGlnkmOTx5RlINDDPqF9LPp0iUTiAeYspR7h6r6n0TuYn9U2ZKJs3o/ud54A+YP7+Xl7zOUZtx854l1/hwL7JtPKBKcd3nEcSJtPYfffUPaCfUj2RhpybWXDC4fJjPSrl4lSLzRwaO0oaiWu412CSR24xoHcg2meLEzNPHUKzVf2rm0TtwwEW8lVhjMowBcV2dveD0cxRZlMgmo+vxVcd7PXwoyuKV5okVYF8y+OXOc9lBK/oW8zFEzL8nUzTjkyl1NPRG/gDe0Jmc741Xm4D0u5guDvO5D2hw5rXR0X4tPII+7rzl7jzG+sj0UYHSrzEPllg09GnlJFLzYMXe8CV3XVcgj9g0iijgG2bafxJo4ZWJbSttGurgA5JEJUsVnJ17CTfnt3UwWz96+e9UDlZUcxw2MKhaZuZcPsrxrCX02w+tuNWwdiJFSB93ULS+Bhg0xLjlvLna6roxqv6N3HWJr0lxbpxT4Yzcar7MYTf/4BjQRz8E4LaWfFsZQYXfppNJSt3//sm7c07LAg8Rp1Y//u+egN1f02iuKxZDRNR1hgyxnWYjz07qeVhJXwXlU0OFThJPEE53vpi2dLkbNfqbKIRdp7lti5xpfjEU9/GYeSrgQ/ntOuYKKhvI7310TICu28nRTdrxz7ridCBHTZoIEpm9Z7a3ByNtnpmQmk1im0aIcSCPM+D0aUgoF43iigWSi4hrX4uzvKKhqYCgddGxdy/x28A5q2aUYs/nrGVvqQifOkznwU6Ij81SQwaOCDh1eD/HT/ZCZDaiZnDp0rwixC92epiV0D5J38Qw01KQZq/GjKxinfT+SkkiiSyXGhotJXthGj9twO/tFPBOlIOoXSvUh0uW29OJ/BETAO+U9UEvmibSdoe2E2yY3BbwQNGlaZZaaxUEIhw85VZWVsO8ppYLzHd1xbezC5E/2GgM8Hi2bOM99PCbhblHO9I79Kd1Ovqr7iuV4ED7/zLuN//tYKSrNy2fhZfg/m+ycNUdhRJDO2k8xd9ZpwmUL5vFzuDYJPzYnRLihGYhC6wr7D34fYiVBhb1v8exhEZkBV2fylypBk5C9Pn/8GA1SUW4NBmg6iVWiQy+fWJG1g0l9xYyU569a0zvL/PN6JuYKE8yDcTr76BrJc0/qKtqI8ldTG7c1+xQo/c6/FmgbC8Nu3crztlWG0W5u2ttWT4kVoiJfukDypyJvCu3kMWR/eRy6otR4lTgVZBbSd0aKOriEGrz4+NDYUFz6EJWbdxsnRwwqwQR4stdy8I2S6LMkYE7lYZsBDqUx3l1N1FrtEldyWqKiyndEbabGcxmHoTxtTwUD1F6Wz0+6Y+rkC9NrceOqKk3sZ1rVk1RAne6g7Pwrb+E6QAKHeyu1IEUle/U6B8Y+e+Jb/BsskoNdjaz7isxKMSdhtamP6iNyBFvz+fzD34y24j2epG4Mk1TlbV8ee+7Mw8hohtrYfVWLwqcdvqQu93K+scKkuUH1rtiKH+wDdCQYxHW8sA2r8/8FAHzb2iqeIuRAm6Jrg0Xh2znZV3tcowMjywrPcVzQXYFKhZxpG6Z8OpS1nVFalpLrelYQPxXEr7SxaiBan85ElciE6TBfHJOwbEXKJ1Zpi0eLhp3wVAGs6nNa7ZAQhqE3CqyvNSbGh8mwJWG/eterk5mrr2eep5jJAnN5uUgbLD8gXl7G7UAviuV77ceHIJGvyRH5m6cpBrS6NtPagWSA/689mD+LJkhguXtQJShWdQzHw6oiwz5GfzyKS1Yel2ZiXj4Ao+eRuCE9sM3jbWjiu3dhnx3GiTP4TnQA1ojUCD13SSPQ9wb6jtRWLPfj7E58jSd6AkdmwpYk8olOhUodUqbCvfcgWs3fRyXQDREX5uwM9QqK/i85jB9Cz+G5Clxljj+ncPevz7r1oBL4NJ38pYt9wEVCf7/2JPGA7y+jBvpwWuT95yBhGNAACTjdX+bCoiN7fhsOgXOrzxkabrUuwB6oUinVUfTv24/XG7MnNlAz8bRXHiUsdv+hUM1+6hrfE7mpFbGt6t4CAWePPVo2ADj3/1agbY6XPeExImuXF71lYcnBOwXMhlR16c8t3GU6lWQ9Hyz4hZzz/tcE+6XHDn/kCk2kI4MQMq43djcKeyd0LV3t3k8Rja/B7zcYEC3tWw4KLzI1TpUutzcp4kfDnQ3uV1YXfCOwYCVu/HBHTgz3TBWw5ekSVgRFHo8U4cIlNbA0nGSsIFat9MgRhFq8b44BYVONQh8OL+kaluqfYZH3wzo2INq9zuo+I+D0ivIAArBr4GqZyovOHEBBGODcHuU0bKWW5qnrMDuoPaUKm5dcEzsaxXPH4/3l4x/ca6x/dTV0sqBBflmwOivNELoyVPO2lh9z46aY34chTQV3vxrmT2/hzuPIOpz8YwuSy6KDur8YV1jfH5t4af/OLANpfFr6w03qkjhYfVSWApT990gsJw8cDxS6TXpAUQJ2jrqJ6Z5TR4lPjOnKZRVW+38rwZ+2RAx3qFx37eJ+4vsPba5m7M20B7fTZF4xeOZoyAu5uI39tj5qVNH8QPUf849QbNIoQKR51s1Ru2gXI7uBw3rHIdKU1fSR5WC6OQ3jt3zn5su96JrGiwdCndDn+lbraNgob1BcknQMOK9i9Pz9ffrs7DMMldbbvfeY0Z0R4eeOIyr6Z9cAMQCbrAfcx47j5kQYNGMq6IisXx3Ea7FVkLdBJ96FOOwbaLsCymfGZtpR+MDQKAcit5uwZgvw1expy9VNZyjo07rBeio5R6XlGgYc88uzQzmBgy9FoU9y9QrxKjnuXnwgHsR23ZC3MDZhS6EX7QEBIdKCqonrjWsChcFiEAKLIoWDKmFBn6Pc5Rbs689xabO/4T3DzXJXwFU/InV3wAB8fZWb61Dxpyz6VWOF8Y7WgeUyizC9eJyAu/5nInHhMDUxjcA5o+yEmqYAVonZIDntg49NljdruXYvnQaFZ72LuFebk99CmFOgH7cl7uGVDv/2VYtkwGo8tF9gmxck+GEj7UObPmT2PoQkRKOV3YAB3yMdEQZkQaei17qFghIvcFY+pEXP9LFc29BOIPbcTxo9CEID5s1D+F5CxE5lJ78vGla++pBW/rVleE8puvxRGBffDn/OGtjdjoRkjWW5GGVVRzFFCAZeJ02sRQ544DJHDFq91oE8BWqFMkLno7ChdJmHF70JrEVoMSUWUB85pEDJHOekJI+5dTnunD93cNvXb4v34sKfshydXr5C+b4AFjb3votzsJhXdaZlDG8pYrK9WY98RJGE7HknSgoBP8auBuo/9Ob/I05cswZvu8sIl/mELMthS5ot7C5kYpc6/ZVpFxi9oQKOjBp2+5sAU3szZrNCa3e2OI9kuggN8CUN5ninffJdp3qx6nQNDYzlpCo0Hab1ROCY1/DNQA5Nq2L0QuDo87YmoPwToYbpF7g7OrXNFLUyT/UZVldkkjT6rC2BpQZNk3ZAfFjZULO28JM4j5BjwPiIyLamyDXyX1f9yzido0Yxrqa8kdZOEH1lrw43MRPWl301UL3rjVb71zO6ryIOAOg2zbmnaW17IwwWD9lGRyyLlzo19UJ15Tav+8od+ThLJ02IXN/KTTQPSwWr/2v2rePFn6vqKgIxGalzDbzSqaj7H3R8n8/3zpW2SikqwJ7r62YPAs2elo70b9+x27F35zzIPLHlbOM75dk9gTZIS6IHFVU1GTTc5eJLxE11lkmENwKt7X2FC8q3rN/kydeNR9c4ABqgD2f0EW5weJHyNHC0Rjk7Tf75g1NLGg5ewzViBkYNPjWqEvmP9I/BlEKT3ovnYURUt1H0avU1+wcJydAWtSCiRcSMwazqRvCO6NbFMMe2MK/ztQH0WTQqy3D/fppu8DxrqLdH+YJBUV+GyuTN3+tpVsPD95udBAatl4o9lWPytSbZ/Ix6Kh6vX9DUJ/253+uHbLAmFboJwHAhw8QN7f0fP1uSZwX/m1ix2meII/xgmFAfvRYU6+IduOEPWzJbIp60Hi5xU44KuCpq6M5EWzr0vFEWCIsqT8BqJ+KSCX2TCfXcgQob7tHVq7WG2WzkuAhwlwFK4gk6MnPbOaIGFKb284a836bZHy0us9LuyIDIO/QUjVoW5BnF6z74/lqJQmhdk3LX8Cs0LuYxrxkTfc4PUbO4v46G08qF6Kfrj2WAALjOPJmFgKOjQk/Ndi/mlKnNuf+lBunPcX9/Iy+BuAMRm/beSkz/yO2QcqN+C2He2ybfX+NEBG7Y6V+hPeZqPiNmehl6mhwtVNf25h7FHmz8kLPPg7rcZ/4pXgCMIQ+XPIl2yT3wJ8sn/8fO+Waa7fIimgvPNqtSvjYy5li+OTXm7Qj2yAn/Rf4hcunm8T7wVZXhqTFj4fo5pbYTi63NGb0j0jL2SZr97h8pMu5OqhnzNxwAAnKJocROyTULYdgdW5n7XcK5BbN9mz7MxZuuorU5SX7BQqa+TAqT3a2FawVnH2Vm71MkMzvyTqJWvtf4rvhSmZ1LOO4Cs+/rwN6E0HqPK9PN2tbt3i8gn2Aqb084z0NhNMANIFyYf/LJlAo6SjYUnNVDwz5Bb586XvpNd1svUn8hWIGQTsepAXrd6r1zBkWxlvl04v8PPGpkB/ucAxJ7MAthZQ8JP+e0FH4ANQRucorgpX2+WWI1lhT9OMxEah8W/f9xsNsFokY9xK4JGr8Uo5HxLmveAH97r3gssEbdapofh6MhiOHEjMDesmxtja7mB/YtoeYoH1r6I6m9hYyrywc0NBTnoXYC0LjV5jSTGFuWs5zSc9Vvuor8oQSLs4/DPU3FgY59/e6tVX8XuPDQ4ejUQlvFVcbQwFflHNaYIl9HlEOJ5tF8IWQccFIXQlTfXSvzVdrsYVMEclQtzUtiB/eRdXOofLKII0p1q8U7WzX/SUSWxsNsg65IZysUNWnjDhmk6ZuxHVJB+QRk1COe+s/vwpVrh5uCd6qtMJIJhmvlsfuoSZ71NePk9dTT+qdRRSGn3/+kd0TjfKAnz+a3aj8vFJZjR3RfBOAWpR4VHE9fsDyPBnno7fT0jfbXr2YHq4lL89cpOpVhYvvwxKYbEx57AZHBPupjX/erdiTmlGgs6WJUO4jQIeej5lXMe5KHcfxW4wVoCOuN5VwA75Rvl30z5E6cInnOKcPtq6Ri2mHiyrYi2QoGAHmUGkmT8G8gbanUpLdkX06jOqc8S26O38p4pCqOnLN3AUNGWs4GN8Lx51yn33ZRtTI1tyA0F3TpnDW7d5IarUpo4kAfZe8xAL/HKlaz+TYNbQmkwOfF9crYjIEsG6WVn48hAGRtzhBKrAFaRT4z0BoyfeGUViTbIP8XXb8W+rYwGSZhwVUQlAosUMhSAQxBHdqRZo3AAAAAAAAAA\"]', '2026-04-01 07:33:46', '2026-04-01 07:33:46', 0, 0),
(62, 'Tua vít bộ 12 món', 'Bộ tua vít đa năng 12 đầu', 150000.00, 'dung-cu', 'Stanley', 200, '[\"data:image/webp;base64,UklGRvgjAABXRUJQVlA4IOwjAAAwbACdASrBAMEAPmEqkEUkIqGXDB3MQAYEtjdwYAAzTRAO962X6n+0+iByD1K+nfuvmU6MejP1z9GPmj/if4X8nvnx/e/Uz/afUC/tHlKft57g/3Y9QX86/v/7U+6j/kf+7/r/cd+xf7Q/AB/Pf8J/6fZw/4nsOf2L/X///3C/6P/o//167/7wfCX/af+j+9XtX//f2AP/zmaHGH9F4O+JX1H7df3v27v8zwYdReYn8t+4X6T+6fur/evnr/Lf9Dwt+GP+N6gv5h/T/874lf9x/bu6Zt5/uPUC90fqf+//xHjNf43oL9XP9p/e/gA/lv86/2f9o9hv9p/0/Ie+of6j/ie4H/Kv61/xf8X+T3yMf8f+P8/X03/4f838BX82/tn/Y9d72G/ux///dV/Z//7pUefWJtyd/32Rzfe/Scya0fzSTmu0F7VBHwIxolv1iikjehNFZnF3mRNkwvNNq3LefzE8wRJT2/xd3c/AOw8A8Blktf487UXZcw68RS5PM0ew37o3v5Wlt8LwohCDxKF4PrsTzrDWC6fjxroriJqzjFh++331QFqHbP5P3e8DL7v1XwPIlo9vQ1maFvJjmnN2a3PAz3ioJEf8s9oeFh5IHWSdS5HNg1pe1yiHIGR/bWqnfZ0yCz8x0wx02c5zMUrZT3ctizrdduT+O8z9y4qKeXKiChzyQ2SOhDrHT0WsDEvpBFuLj8Ut2lNgOd4cWaAIr3ZqMcEGIoGlOl3TNOhDPehIe7HrSXlnoCLfNOTyLX2sBTQAJyCfdYFa4oM0HD9tcCnQqVMB5+nPBvCYK7dF/3GC8dtJ/+Mnqv/tHmzkY8iC5OgSJ3RhbeZQJhfd3pgjJGdSY1047Xbo8/IXDnX+NmZafpMIdbbuyydJnhGLgeRkLu9mGg+J7FLxhetW3/VnGdP+ckUcpgKqU3XBeN7eKMcTLYct+BmnObfVPorwjDwxdY47go9Te3qKyt8NlnYcwtmvvVbXrY0QOO5JaE7dGDNihSaffVjHz/ixqQ0zlGHB+XRpNOXbAJNSRGP2Zj6Vj08RPwlrvYYrgjJoB+02ihJAh/97NrxHeATLMWL7VHBhf/3iqYlRwv/cu3BFVf/jJwwtwx8jyCz9vxnsMy+AkzznNY55PMlp4st0uNHbS0nTMlt8Hg3gAPwAAP7cn4Z+hGnePEIw7F1Ws/MO7VvecsQb+IWDbW8LtdQ9i41/rBG+Pg0lSrLEFq+P+/AuLAuae+b2aUprLoG/e1p8g0aGOPNwtQ/L5kMVI8o0rFTuUb/ikMFoxPI2xtZD6llS/DJXJx7Sn9s7+F44ngQiBAryXr21sjaMbTznzD0kGlpo7VSA9jcEH2kB4cdlBt+35JYlH5+zdRpPDAUUxu7G7rTsVN4U9M5WR8kbp51lG0io0H0QvLRgKbT0D/odHfRpj8aOooLbDeyDzI5GfwLEezkRswBTTrh0wdwHWaEVeL0V1xNTJNcCAYNyxFlsaabOBMqKUkM5iL5fuBYFEhDYpi/ylfP4hjApZV0Fax5/Fz5C7mMrWoOPOSRllOY79ZqxR85Vvjh2zNTam/FxpzhbV8lc8DX3v7CqdRz6yJdVZrn6ARPWdG87mJwH8eRQhqGhLRhcP3ysCTDMlOAZ47k78WdNVD5ZNFNzI/RjjvGGRX8mmTVcSsdNV2ZfTn/AMGdzN+2+QvAUpsQMefj/X+mJyi5L2v3+Qb4wdeVP8Y/uN4H60viX6QrmXmSpZIsaN8T80Ej1w3FELQSS7ETgGDAfBNCaJHe6TJjOPdGrqbrYReuRn0LOkJXtmVUv8DFdJYU2WbvAJ8yTjYCPghPxOfIf+MFfiWODmtVDjsehUZD75gGByThHUlEn4vMs0AjiT3/lBOxymw4M12tOVAZtpFfvtq637tLk0WvyqydrU19x7b9k0At9gDoOSfuuEx0m+qtn/3rk7cf2E+uivZU/l85P93qpjU0H1EupeVtZl1qreBTqmP5qp+P1gcKsKVW+YvSr/1o0E18nc1syz+QAUlhas4wgEUcun3T9uK4b0PV4k6N//oraBGKGm8AVUsu9Lufk1Oq7NowWt17eFy+ME4h/f/F/6wVlBRnE6jEZmQUtFtDuwkln54NIDIw1laJJivrZ3MEgn4X4NQmnEgGQt/X1ZnPgFN4j8vwjxrskH6Xphi4I8jwUU59FnoDiib44rXgTJbqDv6eefLfrV53OjmjC/npbfaKz25rNErytgEbm7vbdJ50vAP5auuHssjx9wPTA3aOhHZEgKdhex0PjP9zUInMqWzPR189a/+S0/SzikLGnP386mHdaMniCHIBBse9DkVtquXIGVIW0z7syRpSUgLjHsHvGlgA+irbSk/EihkRFGLeXUiUcbchaWXVwTg1ohXPu5SEYQlJuoiliTJZ2+H66RZ325Vvrf1KXoJdOVl5fw43z+WDHqmxybEd+4zmaOZzDxnLwUnwrwcKJYG+nV0/K7mOxJvEoYboJK5kQ7m4fmkHy4vTZNcnZIXGiGfZSyEdQEUm/I69qlaP3Qr8BnilXawUU6JMdTkG16PEZZeLlg/rsqlO4ADpMo32VIEbRephyxItV7JEGQIOPjslDX6l6dxa8vuVjcZmTsMAO313gZXTtc8pyeITiJ8H7Scj3Gju3tZdw3NJ5N/FFeWzaPEotfs1P1ahBr6wFTlEqwDM26fY7YL3CepsXN6UOXk2v5fAAF5wxqPuh0KExKgohJ9mwtbup9z4uQrmfXo+1Z72G+NG3MveAHqEoSgnLAMDNAsHrud85Wy3amMJ4o9t6YgIgz9JnRUbzMAC5S4NLMaSmzba5nw2oh8QQAcvxITIhLSED638Bpomq6NV9vDHkgemQeZf7+xaoA/XSYzEL2UIKC99z46phTzpryGUdCNSfIIZj+lnDbd5Xn/8skQnDdQxQM5T148fTvYTEUOeiCvL8UXRBHBkLOercLDH/VsKnz5UMy0yOyu+xiYBBw1Iujwkexu+uWo7xV4T08bVsuJYxWHA+AWim3cMU4OEog9AqG15bY1b3DZQfUIF0HX2fBGsPB3AbnA8qDllMBnOAKSZajAwwAG7R1603ITP6vv9GFUXj5/50379v7d++G4LKv3nXX2lLxqhxMjbiOAUuKt2AsbAy624J5hZUC5z15w/CrY+gdRS6uf3J8s+YEhBMvX1OelMUOsJWVv/VANILgiwJYXAwH9wm/NGtGEBLbIpjAPSibrJeXBBH2Ep92jlZgx6f4eJwTMHLU116o4GkYEZEyjIabQWqkd98L91PxaBFm0yvOH+15XblYf/F2FyroGPepuahH3IrFg+NBsLwxL7CHtDIY3tPXewFHuo6uCPu3Z7o4DULxuWGqL7pGuNAIAIiwFpNXVV8Ynbi2758BIkXIrypOKB37ImV9utBZV9o7QoBvN3rT/PU0OXFA3GMrnwrHUVF+218LOW+SXx/aHtIwDdugGVkQISKJhpO1RLykigbwPHj3Kana9J92N76DE5CZr3z6VxodYAiU5QpgH87yHVVBC2DpG0qYv0XwS5d4ieqq9MEVaVZeN7WHzgVr2pkcOj821yDIMBF29KiyLaQYNNSqfuWwoQmEGBCrPreQSXTOMSl8EucBD7B5DJAp5ojV1e8PcMWpowKPsXirxTem+WijhfG0jmbFaCaLxLpgSIb5C/X/9NO73G8HlVcbOqyUzoP0Vol/S7OVxy9IAyfMqNq3RZ5IRmNB2MS0zsSU841V+tV4yFJTF9HDuir/W9xwpLw7ykQab+B1uneylCblb6PcN9QF2q7Pp9OpkQlq3kBHqpzbMuou2QVOGL7zDdbnBia/1ve6J9OOitYhPpGu3JCromDAklXb1fV3j0jM/EKd9rmqezEqmtFGUP4FTnEKHNI5NSZuJ7bVlcEfFoW7JefijxcY4xefVvsDRjitHi/MlTTfA8k3sQQ09dxc898Hs7Dvcvtdx2NtLqMDSlJ56iKsgQU8W9dGVbdEVt6uA6Kp2om+8WFdRhDPhVbdbHJimmxt0DOTiOswlhr4L0Ut0yasCZ5Pa5qY2UV66aZtEcixXXdV3PGiR77UA9WTXpmphWg/B2K/Gsd6y1Tw0U4Dbt/b5kje5I8sFINC0QmKORDkQ36+4exSq5zc9GucK71b1wpRIP+vWXn9QpcS+FvfVkvs9itqTgJ0SHq8zh+XGunQb4i9hPEucEm8WUL8gNprM8DhKXjrOIYFhouDexrf391LThBCbIVBixjsZwh17UAhoH9U/PiKGDQ5BqYl6/281hnTCh8qUxm3fzYjd/CUIef3/DNJR8saxogMSOLCNkR1At50ZlQpMBvl9JlTF9TGhWKfx4BlLxV3KJrQrQM/plX+T8Cea9zpiozupOZ7wbNZ52RGVR5SROCwk/kVdu2t7kUtSGVl24axfvpi5I0+czdqsBbya+s0W+eAHV1+qw7ai60DBF7yESJKMV7/PlfQof/LW77J3GKstSo5Vs8sqwQS5G10K4yIS8JS23kxdKRogJn9vKV7MHCFUVnr3Jw/rHnzpmYe6Ru2yJc+aNY6yQjmnLNnDtFnRdCJJ8eerznPYcxGWyyU1g3SPLwxXFSwXMIPKI4/u17THpiw0/LYsHy5L652moNU6F7fqD9a2bsGkzheZdYW2EKUuFgopmqcU35LOOxNeV1H70DG1vymqiy584NHUtE7VQfwyCJCoTaxc8n1F7E4Xfta7rJsEYwsynTNPfK+44pZSynE3Dig5E8bHX0JURvoDe0eIkZ1oZjwq2LMrDRQVwMXjMLYIEXSY7OTHd7mM2B2Yv4dsbayMCdPSiaswM39J23MG3rn9a0IgfNqILyKbQ399R9+PL4Z/eXvt64ztAoeuSdDrDbEgiOLHV5wwpqFumyHV9BsYsUvuo3rdwVd+nYZtgsOlY3qwuKBBvhAd6Xlsk1oywexxeMmr2u0e9NY24qTENefR9PWxpfYZcNTTR+JOpVcRtuH7SyCOKtGRdCdT26+DWoHiARnhhGE7XkCpgjCV4JdK/LrLPnJu8WU/pnzHXca7jkQbOP8oGquUBwwR4zI71IQ+Hnpk9728egEjEuNuyOIKNslGfTOTf2m9HCtBySlLVdk3EM/Q6fCbCTrk+L/A8Hzirt+hspSSHCnJIIJSJohzXyQmJLGD4KcYgjx1/H80TqMYahCig/W3ynx1PsJj8X0M8SYGRrXq7MSgrKa/+FuaHbQtUT0VzP4I+/3OtZwwLMXXvyiuUBAXfC6HxgO5PTFR/esIOJgUPJ3Iy2EUJGukye7bOX/XaCkT6U2NuXmWbuC9PyXcgvJWvBOjLwp4XCtHZ2woSE83l9zG+poRSY6j6yVURkBd6bQWkaJkF5f6JrdftyJrpH/D3/y3T+tSj56gnQn4JWLveuZRlwON0l/i6lpwQ/UQ5EDaXKhccAQB87KG2tj1FK9obDqu0p2KeBp1EYlqPeQm4WqUb2ceJGSqLUywj60EJizLvRUFkAa4fNqjFTVgjDwfBp6k9cddiLtr181U+fEGQPs7bIgnUF4aDZZeO6mu7Cx4oV56MZZ+BSypxA0eS4G++vwnn6tJ0h0Pi2e0HagTDa9fMX4dgWLqJ5pilaOx7TCT5IyUfaCDiSt6pkSdQGtqjtlG57JCArIiTcWB5I2AhLpdPjgv0oYdpXEqw/v/GPGMsooO11Qt/2bG7BAqoZfHG+iLHmjIZvltCFdm/Md/WvAK8aU5xOCzk0Mp++cKLmhv9P3JWwmeYvUU5xLu38Eoud357g19/p3QmbiAjA/n3MlrErIk89wJZT8FxRnleBsL0GB3iWVfuUsZR5N0svGt17V/7W+LiTi2sr3De/8yxRTOqjgDdHa6cwX5YneXOZ0P7ZVCJvmpYDeM6Tzhw+klRw4Qn2DZNHkkZpHspUmWWbI31zhrtO22gZ7uEBWff7+OIoOYkOkIxyi6tshS1rnfWSfyMPffvwjVGhufSavVZyeR1XF3UuWptgVGaZVtkmUNAeqZQZ3d0b96QuoNoIRqskfB5L4rVqYiLw45m2ByJw6e5Z1v8JR9jrE+jLgYve70ZYLomE5IdxBRYHa4+Gj+3rCRjqgd2FEt+Bot6b05U6c/wK0vbsS71P0lFeeH6iWIvRC1C9gb54tFrXZeuVF9ZqkqcouJzkKDg/6sfb7+sX3blnclVGDBHKLP8CuPL+88xffGc2ggF0GHHJnVNIimIgFw/HxR3KlvtcYxqTnxtSdMqPMlk4xfSDkJzdyePxiHNHusW0zq4W0CvwGj7FSchPxeheWqvZ+FISYlFEWzmdjBlPNCZh7zlU2/59P0K6q1QSnmsssjnh531bUUsrHXUEX7dbETkF/BHFx49Smv8U7j7PyIsEXfr5Z+0kCqs4Zjdv9sxshABjlPrFIXC2G2baSXWCNj9huvuwCXgVdGpcgqcbvRKvP1GVLPswHL+IsYi/AJtZC90cL4h6XyJeiPKKNTfwv0KFU5kSqPzs0frcNn5ZzQKiwO5hhw+2Stf8qoF7fZBPm3U6n9DsFPBJyCqDkLzDqFvwIIcax2m6pFQW747h5KCzv7B8hGzPc0c6SEwaYuKZkRfX63RYcwqJk54UNwcH/0z22bGE7hdjDF1mXwNv53zlTHl0ZLk3HINF4hEhSrLL1SVvE5Z+NbLqjOAsMtN/b807Sk4XDhJKcZrxTF3/X2D4+JwAJoNV2isk91fBALi53xoRa9H+RQXJhjTWxWU+/pFNj8s6QwgR2TUR3w+MDVh1+qUGQWGwPuETItOWbH2g7IqXj5qaJN8ZerAkw9DhZhX5n+O5imtmWzuVlSfC90ihGcUQ3Elaiy41xmtXLkEn0f9/eUD8/+VM4Atpo9e3AfwOiSmCzNWaLXjKTzPi7OR46P584jzFCrM0dsu2Xgc8iW2uYATVN1T1dmeN6LEVezAE1ZlvNkuMprhUuL5VEQ6HZMg1zRFFTqetn+pmGUVlmqleDa66f1EHZ/DUUbZ+/FWlAiaAvpzINnsoP/v92Gia2B86Yoxvy2p4gbv+JqytxteYgZzee/suOm/2t14ZsRg1guk5/Fek2N6taZ4Ropoi9p+L0ECn9a+Ahb9It0syosTIS88Ed2hp0QhhHhJKL3zLQScKj3kXbn5yVGUhwi6Ppb0sBjaUHFhcsZ/SOzmAd0tT8JnKepQRBBV4+qIccGxwWYjvvqBh2H7I7oiU5NkEQwBAi7cEv+S09W3pfBUuhHWqi1frhorCGsFV/r8Of/jyN4wQUmV3ilMbLOgLACYEQ643UUzw0PgBEGhm5SaiKxeZX7Oo+GVcaR4FFrXbHuXy63sWfZGwT2UVeGZKv+vXpJgr0vaui/55vawyx61SWBpgLPIMMtmr3bukgiAKmfdfRl8A6Ukbq6O8HWXMEV5BMIGVzmoQqyKeS955J7XoRO3S5beW/0xzZsQGjB5mVkyPliFilkgGNPWidz25ZNSZphdWEipD93+U3q0WBoUFUlM3uXFw+3JFo1fcvPZWUkENaKqCkQ7VC0qlhHxAXy1cw05EFKBkbWYqFx86Tg9I54TxIwsIlWD8d4lElOEVqAhELqbNx4LoDNss+vCR5M7G9l6kiPb0QtANFOpkPkSjCGB2NKUrMtL2k9ylvVaTXCSOm659cmTz99MAmEwcS5RvZEIEzpX5ZfRDT1hkoEV9a+T3urhpbYJg+nPALtcsVr8bQVdw7z/R0PPWoU80tI+3UBRO7MPe0srlsN74ZVcI24xofkeN+duk0hQlx8pNuFP4+uAG5yfDodc7at1SUxzNHucO/nqFvAgRgPJ81gHOLCoIHQ/M3KjnzONuL/CcuQDBfcqRqZu0uHRGezJr+GybYXIbScGslGfBsQ3etkqi0HnIqOZgyPagvVLG9bUPqQbZKtbeJu5zEscyYtsubyN4TNlRRKsxwQqJKdcNpSWm/YauBobwu+hL9IueWTtvTqEVRo+oOqy6uvG8icrxNuRuFFJQp05RuJhh7XcHMkDge8OTA48u3bVkRqL6amKPyK+/Lo5oBcJdwImnifYXaXTAYkVy35S21AtRgbaksrNr2h60NlJtGHDVsBpbCH9ZxopHkLKAwnAFdhqp4y1vsMi+CRdxbexAzXTmAVLcCU3KmIv1NPzfiifWkCAapgjwXYaiWjzoIEeTnpAOupk8jeIfA6aUDVklWg7axswV3k6b/8wiUy7S2HROx3YYY8pS5VxD01YyG3JluXwWo8oCdr/+vMrwP4B1p3kp/V892aMX/TS6jZ9SeRou4IJ77xX5K47UaJbmyvQsgOKSKRA0y6Z159MvkeQ1Zn+D9wFdg1EZfiRa58PDpF3ghYArrx2La1MxA4ZV+gRvbx+VlV9jdFH1l3LJbHKCTzZLXh5KG3vQUBdIY32apr3Su90rEAmewTy+HtFiClaYFIY1XyRpcjgnfDHbT3YlMWUWe3IMjgcZt2SS6yd6i5Y+SKN+zT2AynqLrTxDz09Yhss+KhBoEL9GVWJQrpXB1157bWOfiSFboVqeJh6G6cC+JGefH4AuqS0KqP4PhI0eYNUy0QKKwFkbu3NA0gz2GUa5NtnXh0SCFBOAmFSgAnP33ftUac9/Vxcyliqz6V2lEXYoiWWa3aJxCHWtAACdKgasmYgvESm4iQkeGy8BcY+Vh/Tpkb8vb7wPBLf9USmwNoXYhsWhhG+Jl5ECcqzZI0TcCM5CTEIxVLtaQ437/1kh5WMr2qiM05JhADnGUSa8stgtVKWEacNgsi9Yh7s3lmEmpIZyM7yur13j5UjpF/fk0RvUYI1SkdmNZfkGvzfgl9dzFeA8rvgYXyTRSdHpq1W8EbORyTshXzRaQRP2AT01ANyN1PUZEbiH6Qw/AqyzZgULRVcoO2+6lM+2eoiOhI0V3I7tyzj+l3stbhydy/88h/8Pi/MIKfnuzdOB13UxafU2F6Mq+YPA+U6t/Az3qOgvKMLvD5AQBEQkcjKLkPUgcS1QAI71VbNdLBHa4XnazI1E2t9d8XKkjCkaP2pcPsjg/VKfSJ4HjN2tylP83MOtCFscIx8ggzQAYLT+w10fUP274AAw8urk+mlNEc3AG3oEsBut2H4m6VlrNZxzWphKHQYVv60F+LdvSpzjZzZYfKmmZKjYWg/fKS21TLosoGX4vyBoy4IZOOwQ7Ir2rkk6BM7MsdTu2TlEd83MxtCXJ77dUiyQ+biUWpBlN2wUKc79weQSCl58uYYEUH4bBz7xalIKT8u78KarI3hsNqfDg8OoJQ/WMbfFdOJt7ECD3/KlfBzMBtdVoZhy0aUODQd2FI+iWtrdGTnRE9Vi8c6ANVeY5x5s9j5RmwNqO8ugQ8rRfkXneidTtTV1ONDV2pK0V+VBSFzeCrlkbL6WUgrMDGYiFnHG1cxYNZwR/4PeYrFDwrJ6g7w6by7kA4MwLrq4oh6RFG6rrAasWFPbrF/X8p3lsoQGBmQP6ncoOI0b4ThM23gpVHM9hR8St3nqVQbwc3bk+xhouo0fUH8yPrcJvMssZKF9x5D14mP8X4BH/QfXI8rXMB/FBeQVzhKOiY0rTVgFouwFf/S3+ZDN9QI0CLwiPJArQwmEThVNrAtWhNd85pHUIKPSNbHCI/6W4yktYPU/cnwLc89v/ZQxUKZxIuJYjvUAco756eAjM4s68xHIBdp4ThnGg+5qswLe4vikrCo1zYPWPr6+x4kkuHmFqcWVHh646vMEISmNAQMRrxkmBj7nvdAMIYfkjZXl0Jq/VwDmatly9Wk3v+CfxjcxQpSOdeiv+NezOKbjVS8sAextLGSLIy3CyYKJNw7HrT+S4qTsN0DhrSmLhslZ8y/PRqSirv4oT/Q0YIo8GaReOFhMIFA14Vl19oTkoMhW7mGgTbtRIkWy45jqkiXfbgygMZTFR1oqWNrMs4L+fi+uPjBy3Uz+B+aFhxerluYDdB4pdQHbRmogGjFPR69/P9CT8LYlOc+xKD3rbvOqwb8+WBhAbiriSDa8k08f1lvoL/1Bpf13aVHOIkiuk31tb2/J84nEuqiXfCfNIVchsUTfyiRIb7japDiPUrUxVUzZceeBZWFFmMojW+u5bI+zsPPEtuXuoP7h+GLSt9rSwo5KUwzYW9KG+svfiKBD9/NUPFv34Qbw48Bkyfp01/ydt+fU8LQAGpPh1/aUMnhYJ2/R7K4Qbvv4yyJyiayA3CSrmqPnE9CbhjE6vF3Ll+2PmQWw0Lb+p3G1AsTVMokHBOLX3sm3gYe2tAQx8RBVvMhWONDk4f3sB5QzlFDYnvLWPwUUv6AgqkfeX827tBHBEMSnQRv4W6OVk5HTFguGoQKACTxw4gY4tSRElRPefD4WDqasYipJeLoXKRqyrMdV9NkDSzqTPrarXXjVYSWBGyrrNgoVI26AXGoqu6rKzBHyvQfslEyE8g0WUnhLQvCZUtmEhyVFXcCBya+Y26NOXWskdiJHi/SBzlycK7Gz+wJmsfGmMNEWJgtc7ltZXax58zTF7X1kf2Nk7ATDHe9HuH0XxnOCEgqC9AnpIrNFi1SrBskxSBC6oyKPyHmzlZ6YRtFB/p5iDlwG75EOX+AP8u5v6IxdaYUDSRvQb34dYgfsupyLuYPIctt++Tt6YJLcUtPqKgBtj3oid9CatNBgLhFlVLgmaYGlmUTqzyfDi4WHJmNOtwLF0rga4NMs7sp84us4itQ8evLFpQPqFqlQ4qV25aBPl/0bL4noMwyqm5Iztu7napSgElAQF06CE0RubcrqYqaVhpXllDSF7rabxkQr9+5OtnBKa/OsaTSIrviDF/C7mCQ5le5jfpF4LjRnfjrxUBcXbUFB1RNppv9pfraXERTcXDL1xMgrQ2+JYIYQDHdc/8YWLoJpcjaG1y3TCf9b81XDu3g8417xHq0aStMB6uSqGRma3RWpXiFxkCb7rHozSM23UNuJ/L8QtYdzu/D/G6xJ0i1lZ+Qo+YF9M6Z2fq/fzh0GWIxxrtBQ+RhDcQCDnNFAXK5JSCHJt5Ff8YMjUW56T2k2JQaIuYkbWo6pU+i4k0JUOg1aBlt1+h1sqFFDQstI3J1eNm73V0rsUdrrs3r9k/xXEXXoZ7tNV4CLM8tDktzgH47OV3hjtpCEDTvb8EfF+WS6bZhozctmeB3uwRYVZpvTl7Yz95fYVEh8GzYPjV4Afkq8gbXgB38BLw/RUJKVzRP2GLwK1TiSeK+OajKV7f0jUbm8vsEh88bB8/MeiP99Ii2evf7AXJUxFKSj/0lFzAzkhOS01a5sxlWOdc7Hx7CMtotoOlXIGWU6wvPRXWBLTrUPevp09rAKnWwGueJXsjxcH6+hfNGvz9yBGwRhH0cvD3YmoTZqSqFay+RWbd5C3vWEZFPLZzjZgG103QAC/iDzErJTjxmpnKGru3n+a2L2no2HfywN+9CqZmjz8N9pm7VC1c0qjjmyptfjL2hjdU9v5ZTbeiOkxWCwl/5HZta/+u3gP9FxY8wutVTZdTLymZl4+IDtOp4z4/Jh7IJzBsJXNIO53wfZol+oIIQRUdgVqZhn39x/3I0XOHB3M8y/KJovEwgAcHiDKmFzaxthUBA2XzSTOLo+i4kXF+JfsSzGXJwyo68DVBbMvBozwgOYA6+BI8NTelOtHhNUfqnhm8I1Ww+L7FzmrDxjHCYjjVZEhiPgYfppQBP/SKefYCvNYmHyFfanHL21frcvACS5s2Z3F6JQQC4q+fO206MnhLrRll8fEWTN+WtZq17zpk6hE+C0LpiwlhtuEZ5d7+oTswa6UCidwbxxKZJmLmPh7gER4ahtymwTCON27+WSz3KiLR722gUm7KDPwkPYL1AppzSxVuqKB1fW+g9UDOSvmNJ5nVCkuZqSc4qj3/7Uvw+x7L5mjx368i99U0cxSH1m03QLQo7cwFwzRogDFCXkw/VRuIsvEZWHCzaiPlBTDfe+8XVzlwOxOdBGgWrBx58PSTOQZfAu37JhT/nosTCcbg4a/AembLpAfh/hZK5o294W0mDTZrrSn+ZWgGxHMXPKGUXOP7O3+TGCpcQ9s6Sj6TAGDeAfm43sNsHamv1OoPnnJisaXpqWHgdapVKX0Ib7MZcED2sRrzLBv0u+2TXdwRnBopjmHCt//NFgNmG/tie0c5XMhZzmhQZsMK44AofJVoWRufRQhiwh2Lv8EhFfmMlG3u94vgojQ3MH7Iox1cilFT4l+1nmaA/xhjhYIjrgZ69MaP8mi+84L+8f1Cavvfzpg34pQR98eiko7qMo4qOI98AdgCA8DnGc6/YIZVklvV5ECBAbRM99RiaG/FhmarogAAAA\"]', '2026-04-01 07:33:46', '2026-04-01 07:33:46', 0, 0),
(63, 'Máy cắt đa năng', 'Máy cắt cầm tay đa năng', 890000.00, 'dung-cu', 'Bosch', 39, '[\"https://encrypted-tbn1.gstatic.com/shopping?q=tbn:ANd9GcRgKV8lLJYtKeTrfrJv17IRt7aaN7eJp44HM8OlnTdHe-7IkA4a3O8n1q5maNEz4Fwn4ZpxTma6WN7twbXaKdOjoTAItxJEAt_EHNRea-l9N6KcgBVtrGmxWw&usqp=CAc\"]', '2026-04-01 07:33:46', '2026-04-06 02:43:02', 0, 0);
INSERT INTO `products` (`id`, `name`, `description`, `price`, `category`, `brand`, `stock`, `images`, `createdAt`, `updatedAt`, `isFlashSale`, `flashSaleDiscount`) VALUES
(64, 'Súng bắn keo', 'Súng bắn keo nhiệt', 250000.00, 'dung-cu', 'Stanley', 81, '\"[\\\"data:image/jpeg;base64,/9j/4AAQSkZJRgABAQAAAQABAAD/2wCEAAkGBxISERMSEhMWFhIVFxcXFRgYExcZFxgXFxgYFhgYGBUYHSggGBolGxUTITIhJSktLy4uGB8zODM4NygtLisBCgoKDg0OGBAQGy0eHx8tNzEuLysuLS8tKzAwKzA3Ky0rNis2LSsrMC0rNS0rKy0rLTItLS03NSstKy03Ly0tK//AABEIAOEA4QMBIgACEQEDEQH/xAAcAAEAAgMBAQEAAAAAAAAAAAAABwgEBQYDAgH/xABMEAABAwIDBAYECgcFBwUAAAABAAIDBBEFEiEGBzFBEyJRYXGBFDKRoQgjQlJicoKiscEzU4OSk9HSQ6Oys/AVJFRjwsPhFhclNHP/xAAbAQEAAgMBAQAAAAAAAAAAAAAAAQMCBAUGB//EACwRAQACAQMDAwIGAwEAAAAAAAABAgMEETEFEiETQVGR8FJhcYHB0RRC4TL/2gAMAwEAAhEDEQA/AJxREQEREBERAREQEREBERAREQEREBERAREQEREBERAREQEREBERAREQEREBERAREQEREBERAREQEREBERAREQEREBERAREQEREBERARFp8Y2ihpnhkhs4tzC5AFrkcT4FBuEXIS7dwcBJTj60/5ZfzXl/6uDuFXSNHdqfe/8lG6dm22y2oiw6ATSNc/M8MY1trlxBdxPAANJXFv3009jallzcgXsA8zy9i5bepj3TCnZ6Q2ZodISGtaLEBoB043Bco9MoXZ0ejxZMUWvzLXyXtE7QkTEt7lfI68QjhZyaG5z5udx8gFif8Aujin65v8GP8AkuOoYHSPbGwXe42A/MnkALknkAV+Sloe4MdnYCQ19rB1vlAcgTe1+VuC340+nie3tjf9Ffdbnd2J3nYof7cfwo/6V8neTin/ABH93F/SuRC/QFbGmw/gj6Qx77fLrBvIxT/iT/Di/oXqzeZiY/twf2Uf9K49foU/4uH8EfSEd9vl2g3oYl+tYf2TP5L1bvVxAcXRn9mPyXJYRQGonigDspleG5iL2vztzXcVW6wsbmNXcXA/+v26cTKAPElaueNHhnbJER+39LKRkv8A+Wz2I3jVdTXQwT9H0cmZvVZYghjnN1v2tt5qW1AFLss2KQujrnMkh69/RXAjKTq34zreq42F+B8F1TqzFGkNOJ3c4gNaaKK5cXtjDdDoczxobaAngLrl6qNNe0TitERt8T/S6kZIid4nwkvFa5tPBLO/1ImOe7waC4/guIw/e1RuaTMySJ4JGUDOLduYW79LclpdsxisdDOZqyOWFzckjBTtY4tkIYbOH1lEpNytjR6HHlrM2nf9N/5hhfJMT4WMwbeBQ1UzIInu6R98ocwgEgE2vwvYFdSqmRvLSC0kEcCDYjwI4Ky2wtW6XDqR7yXPMTQ5xNyS3qkk8ycqp12jrgiLVnxPyyx3m3LeoiLnLRERAREQEREBERAXxLC12jmh3iAfxX2iDWVGz9M/jE3yFvwWmqtgaV2rbtPe1pH4A+9dYijY3QfvY2KNNRsnjIc2OUBwDSLNeCL8TpmyDzUURRkmwGqt7iYi6J4maHREEOaW5g4H5OX5V+xcrSbB0j39K6ljhbYhscYyvsdLyPabg/RadOZPBb2DV+lTt2YWpvO6AZ6j0eF0TT8fNcSkf2cYP6IH5zz61uDQG83Ba9tUV2+8bd5LQkyxXkpSdH847/Jkt7ncD3FcJ0JXUw5YmO6J33VWj2ewrCvoVix+hK/DCexX+ux7WayrHNe7Xg8Fp5Dl46L0il7CrKZ4nwxmjo8Er/R6iGfLm6N4dlva9uIvyXeSbz4iXkwygOblsHN07CNRrqfaovgqL6FZBboozaXFnmLXjdFb2r4hJI3mwfqp/u9t/nr7l3m05IIiqBYW+SeRF79IO33KK3xi4Nzmv5WtwtftXqwLXr07BO+9Zj9+fzZerb5SBtJt7DU0ctO2KUPky9Z5bYZXtdfRxPBtrKPrar5llt4rFdVkFbOLHj09e2viGMzNvMs0jRWQ3cxZcKoQecEbv3xn/wCpVqwwvnnhgHGWRkegF+u4Nv71bOmgbGxsbBZjGhrR2NaLAewBcvqmWtorWF2Gsxu/K2rZDG+WVwZGxpc5x4ADUlQFtxvYrKiR0VCTBACW59BI/je7vk+DbEczyHS79toy0RULDxAmmtzGa0TfDM17u4tYVCT5AGGXNc6tAtYNNza3boL+Y53XHXss7QVTH5jV1DpBxLZ5Bbxde6kHD97OJUT44q6HO0tDh0jcsjmO9VwkboRxF8p4alR3EaKRjWObNFMABnEoe1zubnQuY0tB7nm3YVhVEsmUQPfdkRcWD5IzWzFlxdt7Alunba6kW42W2jgr4BPA7Tg9ptnY61y1wHPUG40IIINls21DC4tDmlw4gOFx5Kp2x9VMX+iMqX07ah0cT3tJ9Uvyi9iCbOdyI0ceRXcbZ7on0NO6spKh73QjPJcBjwBq6Rj2WOmpI42vryMCfkUebmdspMQpnx1BzVFOWhzub2OvlcfpXa4HwB5qQ0BERAREQEREGsxmlkc6GRjRIYnF3Rl+QElpaHXsdW3Nge1fdFiZe/o3xSRSWJAdlIcBYHK9hINrjQ2OvBbBa+dw9JYSbBkUjiezM5mp8muUJfuLzuDRGy3Sy3ay4zAadZ7hza0a256DmsPC9lKOCIRiGN+pLnyRsc97nG7nONuJPIWA4AAaLJwm8hNS4Wzi0QPERcQe4u9Y92UclslMTKGqk2boncaSnP7CP+SxJdiMMdxoafyhaD7QF0CLKL2j3Rsj7Hd2rHOBoujhZbrRkOyl3zudtLDhyXAbS7v3wi80TWZjZssR6ubiA4C3ZzCsAuW3jyAURHzpGAeRzfg0rUzV7O7LSZi3O8S6mj1Nr2pgvEWrPjzHCsksbo3ZXixHsPeFtcCkiM0TZyRCXtEhHJt9deXiuhrsMbNHZ3G1weYK4yWF0Tyx3Ee/vHcu50vqn+TWaW8W+/MKOp9LnTW7q+az97SsAymDLeiRFrMoADBH0TrZXX6W9zo7ib3LbXtdcRvLraaQxtjbGKlrn9M6Nwc23JpeNHOv7Ne1cDAGkcB7F7roafQenk9SbzP37/LkXybxts18jSTZeGVpNgbnsH8ltKKcRTxyuaHNjkY9zSAQ5rXBzmkHiCAR5q1lK2PKHRhoa4AjKAAQdRwVXUM047R433ZYq7wgbdBshLJWx1UkMjIILva5zS0Pktla1twMwGYuuNOrbmp/RFxcuSck7y2IjZWHelWmXFa430Y7KO4RxNYQPtBx8ytludwj/wCWijlHWgZUPcOQe0iHXwzlaPbuNwxXEG8zNJb7Yc4fiz2rst29SG7QPN9Jm1OXv6QsqR903WCUwY/s3SVsZiqYWPaeBsA5p7WvGrT4KsW3+y78PqX07iXBuV0TyLF8LrhpP0mkFpVs1WPexjXpeKVABvHD8RH+zN3n+JmUDQQQ2gMjdJGT5L87SQ5x7HRfirQ4niDP9nSTyfozTF7u8Ojvbvve1u9VRimPSvYPVLw4+LGSAf43e1SRjW0NViwp8JoY3dHGyNspOmZzGhpc8/IiaQe8kczYINj8HSkcH1UnyQyNhPIuLnOt5BoP2gpvWj2N2ajw6lZTx6kdaR9rGSQ2zOI5cAAOQAHJbxAREQEREBERAWDXYW2Vwc5zwLAOa11g9oNw12l7XJ0BF72OizkQAEREBERAUbb08TDnx07TqzV31nizR4htz9oLtNo8bZSQl7rF5uI231c7+kcSf/CheWpdNI6V7sznEnvJJ1Pd+QXP12aIr6ce/LudF0k2v61uI4/Of+PoNsFotp8Ozs6Ro6zOPe3n/Nb+6+JACDfgtDT5rYckZK8w7+fFXLjmlvdHtO+xWesbEKZscpa0gt5WN7d3kvWF1wvpelzRlxVvHEw+eanFOLJak8w85wrEbqcV9IwyC5u+K8L9bn4vRt+8xmM+ar1PwUmbhsVyzVFKTo9olYPpM6j/ADIdH+6tbqWPuw7/AB5Y4Z2lNCIi842lb981EYcYkfradkco8Q0MI9sH31q8ExYU1bR1NwGxOizkcmNvTv8A7h0J81I/whMHLoKaraOtE8xuPdJZzD++wD7ahRxB6M/JN43dwcLt9xb+6pFv8RqxFDJKfVjY558GtLvyVPonl8oc43c/rOP0nHpD7iu92g3qzS4dDQsaRIYjFVSO4uLQWWZ9YAEu77BcHTHryH5of7uqPdZAwqIyVFhxcco8XuDR+Ktps7s7TUMZjp4w0OOZ7jq97u17jqfwHAKtO66g6bEqZpFwZ2HyhDpz/lq1agEREBERAREQEREBERAREQEREHL7UbJ+mTxPMhbG0ZZG8y2+YZTyJuQT4LcT4HTPY2N0EZYwBrQWDqgaAA8QtgiwjHWJmdueV06jJNa138V4c3JsJQE36EjwmlA9mZfUOw+HtN/R2u+u57x7HuIXRIojFjj/AFj6Mp1eeY2m9vrKFt+eAsjNLURMaxpBgcGtAHVvIzQdxl9ijCmcrDb2sPE2GTG3WiLJW92V2V33HPVcnDVeg0Wfs08ztv2tDJG9v1ZcpFjqtlsRi3otfTTk2aJA15vpkk6jie4B1/JetJh8ToszY9bAk9gIJPPjp7iucMdszDyJB/14KNJ1GustbHNdvDZ1fT76WK2mYnf4XARaHYTF/S8PppibvLA1/wD+jOo/7zSfNb5ca1Zraaz7MYabbHBhWUNRTc5IzkPY8dZh8nBqqa1hIkjIs4gkDsc0k28b9IPJXLVXt5+GeiYrOALMLxK3syTDMfIPEg81iNBBUwiOXM28s4g6N3JuWQGUdxOVmvce1YWHnqSHtyj2kkr9qISGuAB6khy6cWuHJfVDGRG9p4h4B8tFIkncDQZq10nKKGR32pHtY37rZFYFRH8HylAhqpeZMMf7rDJ/3VLigEREBERAREQEREBERAREQEREBERAREQazaenElHVMPB0Mo9rCqqTK29c28Ug7WOHuKqXbgut02vfXJX791GWdpiX3HXljQ2/Dv778ljdNmc43vex/L8gsj0ZgPqj8fxXzOALKzR9L9DJ6m7Z1PUcmfHGO3EfwmLcJi146mkJ1Y5srPqvGVwHg5gP21LKrbunxEw4rT9kuaF3g8XH32MVklp9Rx9uaZ+fKnHO9RV73+yE14DoixogaxshPVl63SAjTTKS9p48u5WEUL/CKcCaNvZHVO/yQPetFYhh0peS12osLEXv9E/67VsMfpTDUzROGR12vAY7NE1sjRI0NJ4tyuFtFgs4Otx6Ng8zw/BZ88zJMhzOc7oyx+ZxdYxPPR5c3qs6J0YAGgylSJb+D7XzWqad0XxIyyiUAgZy1rOjN9L5Wg+R7QpjURfB+rQY6qHneOX2gxu/ym+0KXVAIiICIiAiIgIiICIiAiIgIiICIiAiIg4PeltmKKE08YvUTMNjyjY67c57XcbDuuewwFG3mpt3z7NOmiZWRi7oQWyj/l3uHeDSTfucTyUIuu0/R/Dw7l3OnZMdabe88tfLEzL1WPUu1AX16U3t9xWJJLfVdKclYjfdVtLqd2VOZMWo2j5MhefBjHO/Ie1WdVWt2+Ly02KU2QsvK9kL7sL7Mkc24FtWuNhqOHPS97Srzutzxlyb14htY67QKBPhC1d6uNnzKW/nLKR+ESntVp311fSYnUDkwwQj7MfSH3yFabNyWFU3SSsi/WSwxC3G5LWj3leu0+DnD8Rlp3XtHIQ0n5UTtY3HvLHC/eCt/umw/p8UogRcNdJUO+wCWH97Ku0+EVs7dsFewer8TNbsJzROPgc7b/SCkc5ufxX0fFI2E9WXNCddPjLOYbc/jI2N/aKxyp5Q1TgYpGmzwQL9j2kFrvJwYfJWz2fxRtVSw1DdBLG11uwkdZp7wbjyUDYIiICIiAiIgIiICIiAiIgIiICIiAiIg/HNBBBFwdCFEO2e6eR8pfQdH0btTG95bkPPIbG7T2G1vDhL6LOl5pwiY3V6j3PYm42IgaO0zn/pYVx+0mxVfRvlMkEhjjdYytY50RFs2YOt6tuZAtzVtV5VVMyVjo5GtfG8FrmuALXA8QQdCFNstrckQplSVRYWOY5zZGODmua6xBBvmB5EdqsFuw3nwVEHQ1szIqmIetIcjZGN4OD3uOZ4Au69ib311UV70tiJsPqpJbD0WeRzonta1rWl5c/osjT1coFhoAQNOwcOOQ8FglYvabfXR08gZTxmqHyntkDWA9jbgl54dg14qCtoMTfUPM7zeSaSSR3jYDTu5Bal71lSDq048fe9BL/wf8PBrKua36GGKIftCXn/ACh7VMW0WEMrKWamk9SVhae48WuHeHAEeCj34P8AEPRKyTm6qLfJkcZH+MqU1Apq+kfDLLTyC0jHOa4dkkZLSPOx9ynncLjPS0ktM46wvztH0Zbkj+IJD9sLjN/eAdBXR1jBZtSOt2CaMAX+00R+x3asfctinRYqxl7MqGPb3XtnHndlvNBYxERAREQEREBERAREQEREBERAX4TbVfq+ZGBwLTwIIPgdCg0pxrrE6FvZ/wCVs6OuZIOqdeY5hcli2zk8ILqcmWMfJP6Ro7uTx7D4lc9TYq4O0JDgbcw4HmCOIPcq+6Y5Z7RKTMWxGOmhknldljjaXOPcOQ7SeC1Oxm2FNicRkpy4OYQJI3iz2E6gHkQbGxBUQb1dspJmx0mYWb15bc/mB3vPs7Vgbq94DcN6SOaHNBM8PL2D4xhsG6tJs9tgDYWIuePBWR5YLHosPCcUhqomzU8jZIncHNNx3g8wRzB1CzEGLiWHQ1Ebop42SRu4te0OabcDY8x2qNMW3F0Mjw6CWWBvymXEgt9Ev1HmTwUqog4fZbdXhtC8StjdNM3g+Yh2U9rWABoOnG1x2qt2LWEoIN2iWUA93SXB9hVyH8D4KmFQwmOx9YZXe7K7zuB7UFgdwMv+5VTebat58nRRW/AqT1XzcXtG2CtdBIbMq2taCeU8V8o7szXO8SGqwaCNt/tMHYW13OOoicPPMw/4lBWzNeYKinmH9jPG77IcCR5gOHmpz3/VYZhjGc5aiMeTQ55P3R7VXmiNw7vI/wASC6AK/V40f6Nn1W/gF7ICIiAiIgIiICIiAiIgIiICIiAuB3uvpYKN9RIAKgkMhLTZznngD85oAcdeAGll3y4neXsCMVjjtO6KSLNkuM0ZzWvmbxvoNQeXBBWqrndK8ucblxzOP5f65BMymDHdxobSxmjmJq2N+M6Q2ZMeJy/qzyHEaC/NyiHFqGemeYqmJ8Ug5Oba/eDwcO8XCDdbE7az4ZUCSO7oXkCaK+j29o7HjkfI6KcsB3tYdVVDacdLG57gyN0jAGveTYNBa45STa2a3FVmhGt+zh4ra4Jib6SphnjDXPidnaHi7SRca28ePI68lIuCi5HYneDSYiwAOEVRwdA97c97XvH+sb3gX01AXXKAVSdtMOdS4jVQ5SQyWQgW1yO+MH905hv9FW2USb7tmZPi8VptJYMols25DWuvHLbmGkuDvou10agjDCcGNZSF1Lc1lJ1nRsJEk0F80c0NteljdmaQOIycxYylu/3uwysbBiLxFO3qiYi0Ulubz/ZP7b6eHBRPXw3b/tCgBiyG9RDG5wfSyHTpIyDmED+IcD1b5Tyvj4XhtXi1Q53TQ9KbBzppoonO+kWgB0h7XAE9qDp99O17K6qbDA7NBT5mtcDdr5H2zvbbi0ABoPM3touKwCmL5mNaLjMB4uJ6rfG+vkV3W027GCgo31FRiDXShvUiZGBnlPqtac2YtvxNhoCdFj7l9n31ddHK4fEUx6Q2Fm5gbsA784GvMNd2ILJRssAOwAexfSIgIiICIiAiIgIiICIiAiIgIiICIiAsetoYpmlk0bJGHi17Gub7HCyyEQVn283d1lPWv9GpXOp5JD0HRAvaA49VrubCL2107yub2l2TrqF3+9U72Mv+kFnRnkB0jbgHuNj3K3i+JYmuaWuAc0ixBAII7CDxCCl0Tsrg6/WuMpFwQRqCCNQe9TFu53uSB0VHWtfNme2OOcEF4zkNa2Rvy9T61766g8V021G5ehqC6SmLqaU6gMsYb98R4D6pA7lwOG7ncV6WS7oojDZ0MgkNpXggjIWdeO1r5iAQbacwFil+OaCCCLg6EHgQoXpN4+J4W4Q4vSvey9mzANDj4PHxUulubT23K7jC95+EzgWqmxnsmDovvOGU+RKDjdsd0EglNThTxG7UmEvLMtxqIZBwafmO01OttFF1XsDijHlrqCoJv8iIPb5GO7R5KyNXt7hcYzOr6Yj6EzHn91hJXDbSb52E9DhkL5pn6Ne6Nwbc/MhHXkPdYIIcxHZeopXRtqYjHJL6kQc0zOF7AlrblgLjlFxcm9uBIs7sBs/6DQwwOAEts0tuHSO1IHaGizQexoXHbt9gqj0g4nihL6txzRseQSw2t0j7aB1tGsGjB38JTQEREBERAREQEREBERAREQEREBERAREQEREBERAREQec8LXtLXtDmnQtcAQR3g6FcbiW6nCZnZvR+id/yZHRj9wHKPILtkQR3DuZwtpuend3Gd1vugFdbgOzFHRC1LTsjNrFwF3n60jrud5lbdEBERAREQEREBERAREQEREBERAREQEREBERAREQEREBERAREQEREBERAREQEREH/9k=\\\"]\"', '2026-04-01 07:33:46', '2026-04-14 09:09:33', 1, 15),
(65, 'Thước cuộn 5m', 'Thước cuộn cao cấp', 120000.00, 'dung-cu', 'Stanley', 176, '[\"data:image/jpeg;base64,/9j/4AAQSkZJRgABAQAAAQABAAD/2wCEAAkGBxMSEhUTEhMVFhUXFRUVFxcVGBgYGRgaFhcWGBgYGhoYHSggGhsmHhUXITEiJSkrLzEuFyAzODMsNygtLisBCgoKDg0OGhAQGzAfHyUrLS0vKy0tLS0tNTcuLS8tLTgrLS0tLTctMjA3LS0zLS0vLS0rLS0tNSsvLS0uKy0tLf/AABEIAMIBAwMBIgACEQEDEQH/xAAcAAEAAgMBAQEAAAAAAAAAAAAABgcDBAUIAQL/xABLEAACAQIDBAcEBQcJBwUAAAABAgMAEQQSIQUGMUEHEyJRYXGBFDKRoSNCUmKxM3KCkqLBwhUkQ3OjstHh8Ag0U2ODs8MXZJPS8f/EABoBAQADAQEBAAAAAAAAAAAAAAABAgMEBQb/xAAzEQACAQIDBQYGAgIDAAAAAAAAAQIDEQQhMRITQVGRBWFxgcHwIjKhsdHhFPFSgiMkQv/aAAwDAQACEQMRAD8AvGlKUApSlAKUpQClK18fjo4EMk0iRovFnYKo9TQGxSqt3j6ZoI7rg4mmbh1j/Rx+gPbb4AeNVrt3pCx+KuJMRkU/Uiui+XZ1YfnE1FwehNr704PC6T4mNG45M2Z/1Fu3yqIbU6YcGg+hjllPK4Ea/Fu1+zVCGYH+k/Zp1d/ddT8qjMnItHHdMuJb8nHFGPEFz8SwHyrlSdK+0DwnUf8ASj/etV9LE44j4a1iz1FmTdFl4fpe2gvEwv8AnR//AEZakeyum1eGJwpH3oWB/Ye3941SOavoemZB6s3f3ywWN0gnUv8A8NuxJ+q1ifMXFd+vG6uRr3a+VTrdXpSxuEIWRvaIvsyk5gPuyasPXN5VNxY9HUqPbp744XaC3hezgXaJ7B18bfWXxFx5HSpDViBSlKAUpSgFKUoBSlKAUpSgFKUoBSlKAUpSgFKUoBSlVvv90pR4KRsPh0Esy6Ox/Jxn7OmrN3i4A773FASje3bz4fDTS4dBLJGhYKb5dD2r21awubD7Nr15u25tvFY18+IkaRuV9EXwRBovG2mveTVq9He96youHna01zkZv6TMSct/ti/DmLc7183l6PUkYy4TKjHUxNohPepHueXDyrzY4xwqyhWy5cjVwvFOJTyYFjxrINlGpFPsHGo+Q4Wa/wB1GcejICp+Nff5HxgH+6z/APxsT8LXru31P/JdTLZkRttkmtWXZzCpJJI8ZAljdCeAdSp+DAVkzI1XTTIzImsjpwJrMJ0fRxY94ru4rZ4PCuLicDblQXME2FK6jUd4rEKzxSldOVZngDC6/CliTUAr7as64c86yrGBSwufnZ+LkhdZI3ZHU3VlNiD3g1fXRx0krjMuHxNkxNuw3BJrd32ZO9efEcwKDcWNq+LIQRYkEEEEaEEG4IPI+NRoSewqVXHRPv0+NU4fEkGdBdX4GRRxuPtjmRx48jVj1YgUpSgFKUoBSlKAUpSgFKUoBSlKAUpSgFKUoCH9J29n8n4W8ZHXy3SId2nakt3KD8StedoweJJJJJJOpJOpJJ4nxqT9Ju3DjNoykH6OEmCMf1ZIdvMvm17gvdXW6O91RL/OZ1vGp+jU8HYcWI5qDoBzIPdrhXrxowc5FowcnZGLdbciScCWctFEbFQPfcd4v7o8Tr4c6n209v4bBRqs04UBbKHZnkYDS9tXc+OtRjfvfk4djhsLZ8QfebisV9eHAvbXXQcT3VU2KxILM7sZpWN2dySt/wAW8zYeFeXHD1cZ8dV2jwS9/VnWtmmsur95+XmWni+lbDg2ihnl8eyoPzLfKtP/ANU5L64FwO/Ob/8AbqsjjHI0cgdy9kfBbCvwJW+03xNdkey8Ov8Az9X+ijxC5vol+S3sF0p4OTsTxSxg8cyiRfUKb/s1uPu9s7HqXwkiI3MwEWH58WmX4KapkYt+BbMO57N/evb0r94ecKwdGaGQcHQtYeoOZfQnyqj7OUHejJwfVdP7G8jLJ5+OX1zXWxN9s7DxGD1kGaPgJEuV/S5qfPTuJrmyKrCu7u50kulodoLnRhYTKASRw7aqLOveV17wa6e390UdPadnkOjDMY0NwR9qI/wfDuq0MVOnJQxCtfSS0f496GU6P+PTiVzicNatZFK8OFdlrMK0nir0DAxSSA8KwhjWZoq/JjPC3HQAcz3eJqCTAVHOvmlTndzo7nmAef6CM8iLyEeC/V/S18DU1w+6mzcNqYUdhYky/Snzs3ZHoBXBW7Qo03ZfE+42hRlLPQp3Y+03w00c8LASRsGXxtxU+BBIPga9WbMxyzwxzJ7siJIvk6hh+NV7ipMHjI2wpyAMCFtl7LcmTlmHEWr9dDu12VZtmz6S4V2y/ejLa2vrYMbj7siVphMWq91azXAVKex3llUpSuwyFKUoBSlKAUpSgFKUoBSlKAUpSgFae19pR4aGSeU2jjUsx4mw5AcyTYAd5rcqvunDF5NnBP8AizxofJQ0n4xigKZ2fg/bMZkTTrpnI71VmZyfRbn0q2d8Nrps7AlowAQohgXlmIsvmFALHvy+NQ7ohwebESyn+jiAHnKePwRh61q9LW08+NSL6uGi6wjkZJLEX/sv1jXkYiO/xUaT0irv30OqirRvzIHiZCt1JJdtZWJuSSblSfPU958qkXRfsyLEY8LMuYJG0q6kWdHjynQ68TodKiZNdHd/bEmEnSaJiCCAwFu0hZS6doEC4XjXoYmlOdCcKbtJp2ZhvE5pvRcO73r3lm4jH4Wb2k4jZcRMAZ2CGMS9WjMC5DBCRYBgyFlIPEHQ6se7OyMQwRVxOFlaE4jIxOYRgkXOfOuoUsADcrrWPC72bHfrs0M8DTRyROdWULLq4QKzBLnU2Ua1uwQ7PmlWaDaahwYwEmKqCiQmDJlcIwJRm1BtdibGvnWqlK6SqU+XzNXt4yVtTfJ8n78jkydGcEmU4baMZzKrKsiqSwckKQVYGxysPd+qe6uZjei7aCaqsUv9XJY/2gX8aksO4c8JjfDskyR+yOFD5e1BIXkCkiwVizMLni55Vtw4DENtKWSWPEwxz5ApQyHIThwjXeCXq1KuOLKRpoRWse0KsW9ispJJvNK/DKyafH6EbuL1jYrDaGx8VhBbE4d0Rmt2x2C1vqutwGsDwN9OYrqbo71SbPcFSZMM57cfMHmV+zIPgw+IsDA4GbF4HFjHsJWQyxxKVACPh4mj64aA53a7cSNdLXqmcNNbjqrAZh3jvHcRxBr08NXWLjOFRJtZO2jvyuR8tk34Pl+u7z7ncO92wo8REMfg7MGXO4Xg683A+2PrDnY8xrXspuL13ui/eU4WcYWVvoZiDGx4K7cCL8A3Ajk3rWbpB2B7LNmjFoZbstuCN9ZPAagjwNuVThpyo1NxN34xfdy8itWN/i6kYZedW/uZsCDDYaPEFVMjxCVpDqVDLmyrf3QBobcap4tdatHcXF+27MnwZb6SNHRT9yUNkPo2YeQFT2jGUqWTsr5+BWi0pZmvvH0gxrdIiCe/W3pbVvIfGq72nvNNIeJ4k62+S8B8zXMxOFyyEJIQRqesurKb5WUlb6g6f6NskWxJ2uVRJPFZIzb0LA/EVNDBUqayzLTqtmOPGNmzMzMfP/GpNu9vO0ONw+LdtUKxSseLRHsnP3lVJ1+4ndUUxGGeM2cZW0sLofjlY11NiYYyZ43BZpIpAnfdFMo+JjC/pV0tKOfIpe56xBpUa6ONq+07Nw0pN26vq2Pe0RMbH1KX9aktalBSlKAUpSgFKUoBSlKAUpSgFKUoBVWdPr/zfDD/AJzN8EI/iq06rvpv2U0uAEqC5gkDsPuMCjH0JU+QNQwRnocQdTiG5mSMfBWP8Rqvt+J82Nxzf89Y/RAR/wCIVO+hfEXXFR9xhceokU/3RUB31iK4zGj/AN0G9GEjD+8K82gv+5UvyXodUX8C/wBvsyPVK92ej7F4/DnEYcw5VkaIrI5RiyhTp2StjnHMVFKsndrbEUOxHTFYGefDnE5y6MqxFg0YCuwbOliBy1Nhexr1WcaIRvBsHEYGXqcVH1chUOBmVrqSyhgVJFrq3jpXNq2d5dycIuLV2af2WTZ+IxCKXZpIjAqvlUuSStnuFYkXLVE22HgJMMmNGImw0JlbDvG6DEusoVXBUp1YMeQ5iSLgiwBvouLEWws7xHNE7RnvRih+KkV3cFvxtCK2XFSEDlJlk+cgJ+dfvCbu9VtNMJiCrorrI7LfI8Cx+0MwvyaJT5XPdUk3R6OIMbhjO+MCyvE0yYeILeNQzAZ8xJKkiw4eZrKpRp1PnipeKTLJtaM5eJ6TcZJGY5BHrbtR5428QbMQQe61QoCphur0e4jG4YYrroII2bJGZ2K9Y18thYaDNdRzJB0rnNudjRjGwIhviFUvkDKAygXzqzEAqRw+GhBFRRw9KimqcVG/ISlKWpx4+0pW+q3ZTztxYfxDyPfV04CX+Vtka6zqCP8ArRDTyzg/CQ1S1mikIYWZHKsuh1UkMumh4EaVY3Q3juqxU+Fv2XXrE805+qMD6Vy9oQe7246xzXqdFN3Wfg/T1XkQ1G18DUh3A2v7Lj4yTZJD1L+UhAB9GynyBrT32wXUY2dALLnzr5SAOAPAZrelcSZr610pqrC/Br7mGcWSbpO2QINoFuEc1pL9xY5ZOH3hmP8AWVHfZYhftX10PZ19C4/0an3SA3tmy8LjNC6kBz+eMkn9qi1XiBCoN9Tytf51hg5uVKz1WXQvVWd0fl7DRBfzsPwJrq7tyGPExMT2usQseSorAuPUAj1rlAMeFlHfxP7q6m7ezWxMyRRXCl1Mkh1JAIv6VvVaUHfQrFO+RcnQkxXDYrDn+gxksa+WVB/eVvjVjVXPRXpitrLyGKDerNNf8BVjVeDvFMh5MUpSrEClKUApSlAKUpQClKUApSlAKjHSXE7bMxQTiI8x/NRlZ/2VNSeseIhV1ZGF1ZSrDvBFiPgaA879EmPCY4xk6TRuoH3ltIvyV/jWv0qYDq9oSnlPAko7s0dlb1tEf1q4QZsDjTa+bD4ggX4t1UhBB8wCPWrH6WMMs2Egx0NmETK9++KYL/F1foWrzan/AB4qM+Elbz4eh0Umtmz4fZ5MpqpHunvniNnh0jEckMhvJDMuZGNgMw1BBsAO7QaG1ciHZ7SS9XHrcFlJvbLbMCSAbaaeda+IgZCQwtY2vxF7A2DDQ6EHQ8CK9NSTyOeUXFtPgTDaPSJNicS0+IjXL7LiMKkcWgQToVLXa5Y3tfhoBbhrw22lGdmey69b7aZ+HZyHD9Xx78w4Vx6VJW5O9rYyN/acXG6vbZmDwuh4S4hUikXwYRxzaV0/9n9h7biE+3hSf1ZIx/HVfPgsSsQYxziB8rhikgiawIVr2ykgMwB8T31i2ftGWB88ErxOBbNG5RrGxsSp1Gg0OmlAWvs/aOGXdqCSfDLihhcQUeIuVVXMkihnIB+pODYji4rV3sxr7MxGF2ngyzpjMIyomJaSUwhureysz5h74IBJAOfvFoRutvdicA7tCVZZPykUq5438SLg31OoPxr97474YjaTo04RVjUrGkYIVc1sx1JJJyjnyFRYm5HvM38TUr3AxGTaWDYfXBjPjdZI/wCFailSHdD/AH3Z/wDWr/3X/wA6xxKvTku5/ZmtHj5P6pepLemDDZcVG/24QD5o7D8CtQG+lWT00e/hvzZvxjqtAawwLvh4++Iq/OyxN3Pp9hYuIi/VNIVH5ojnH7Waq9hja1gvC+p5a1aHQ72oMSp1BkW45HMlj8hUh3xwiJgMRZQOwOA+8tq4lidziJU7XvL72Nt3tQT5Ip/d7Za4rExwNJqzWNhcLoTw4H3Tzq58FsaLCrHHCtu0CWOrMRzJ9eHAVUXRil9pIe4sfhHIaubaGJCHO3uxo8h8lF/4ax7UqTc1TTyyyL4ZK1zX6Ie2+05eTY6RB+hc/wDkFWNUL6IMG0ey4Xf35jJO3j1jkqf1AlTSvdirJI4mKUpVgKUpQClKUApSlAKUpQClKUApSlAebOl7CdTtWe3CQRy25dpAD+0jH1rb3V3xh9lbAYtT1LJIgcG5VXvprxAJJB0tpxrH08PfaZtygiX5uf4qgERNrkHja9tL+dY1aUKitIspNaG1iIerOSTN2SQkqcCL6Gx4jieIIvW7hdozIpHZnjJJbN2jqVLZg3aF8utwePOtCLFMNOK/ZbUV+urRjdCY289PQ8qu4JrMtvE8pLz4/h9L95oLX2t6csPyyZvvjst55ho3qD51h9lDfk2DfdPZf4HRvQnyq+1zG62vkd+7R9OPlc7+78RkwbwB3TrcUqLlbKGd8NN1aOPrKzxopHjflWxtLYCDDqGnVEwsk8MsrKx+lJw5KKqAkgO8gzdy34kAxvZ2LME0chTMY5FkyMSoLJqubyOvDvHOv3gtryxgqcsiMXLxyjMjmTqy5axDXJijNwwIK6HU3sZeJuTbsTxgmQxKAGZu2GYIsjRdZkHaMedbZgDowbhe3GdbEi4NiRcag2Nrg91djFbxySsXkVSxgng7PZGWYuRpqAEL6AclA8a41CBUz6OsF1m08OtvyMZkbwIUtr+lIBUTwcYLXb3FGZvIcF8ybD1q3ehvY5WKXGyDtTsVS/2FJLEeDN8kFcWPqqFGXhbr+rnVRjaN+b+i1+tujOT0y4oHEwx/YhLH9Nz+5BVeA12d9NrDE4yaVTdS+VPzUAVSPMDN+lXDLVbC03Toxi+RlN3k2W30NL/N52758v6saH+Ou10l4jLs6bW2Yxr/AGisfkprV6L8OU2fGSLF2kk+LlVP6qLXa25sSPGKiTDNGr5yuvaIUquoIt7x43/ePCrVI/y3N6J/b+jthF7qy5FZ9Dmzy07zEGwV7G3fZOPlmqdb/Rs8ceEi/LYyRIFt9VPemc+AUG/nXdwWDhwsWVAsaKLn04kk6nzNc/o7jOOxU203B6pc2GwYP2AfpZfNmFvIEV0UF/LxO8ayj7RnN7uns8WWBgsKsUaRILIiKijuVQAB8BWelK944xSlKAUpSgFKUoBSlKAUpSgFKUoBSlKA84dOcRXarX+vDC48rFPxQ1JNzthxY3YqQOLXedlYcUkEsmV/hYHvFxW3/tC7FLRYfGKPybGGT82TVCfAMCP+pXD6ON64cLh/Z8QStmZ0cAsGDnMQctyCCTy4H4+f2jGo6SdPVNPI2otKWZXm1dmyYaV4ZlyuhsRyI5Mp5qRqDWpVxb4/yftGK64qJJ0B6t3OS/3HzAHKfkde8Gn3WxIPI2rbCYh1ofErNaopUgovI/cOJZdAdO46j4Gv2RE/EZD4ar8OI+da9fK6jM25BIo7YEqcAT2reTDVfK/pWDqkb3Gyn7MnD0cafG1fIZmU3UkeVZWmR/fWx+0mnxHA/KotyNd63lP4vHXrr6dxrTQshswI7r8/I8D6V9w8DObLy1JOgUd5PIVtRK4Fo2Dr9g6/sHn4ipTutuRidoAM7LBhwdQtsx8owbg/ef0vVKlVU47UnZc/0WjGk3fPw/frby4nN3V3fbHzjDxXEKkPPLa2nf4E6hV8yeBqz+kTbqYDCLhoLK8idXGq/wBHEBlLeGnZHjc/VNbu0Mfg9i4UIigXuUjB7crc3Y8bcLseGgHIVSG2dqS4qZ5pmu7HXuA5Ko5KBoB+8k15sE8XUU2rQWne/f4Lznbx+3h77zTZqBSxAUXYkADvJ0A+Nfhmr8iYggg2IIII4gjgRXqnMekNiYZYIY4eUcaR+eVQL/KtXbu+GEwmksoz/wDDXtOf0Rw8zYeNUli96sbMMr4iQjuWyX8ygBPrXKCHj3n8a8aHZV3epLp79DqeI4RRK97d+psdeJAYoDxW/af88jgPuj4mrT6LN+sI2FgwckixTRIsQV7IrgaKUb3SxFrjQ3vpzrz+xtwrLChI7XPvr1adONOOzBWRzyk5O7PY9KqroI2nLJFiIXkZ0iMJjDEtlDiS6gngvYFhwGtWoDWpU+0pSgFKUoBSlKAUpSgFKUoBSlKAUpSgNPbGzI8VDJBMuaORSrDwPMHkQbEHvAqhN4uifH4VicN/OYbnLlsJFH3kJFz4re/cK9D0oDyNikmhOWaN427pFaM/BgK05TfW1ewZ4FcZXVWB4hgCPgaje0OjzZk182DiUnW8V4jfv+iK1FgeXrV8tXoHG9DGAf8AJyYiPwDIw/bQn51HNqdCMoucPikfuWVCh/XUtf8AVFAVBahqVba3Bx+GuZMM5UfXj+kXz7FyB5gVGTGaAxAV0Nn7XmhYNHI6kcCGYG3dcHh4cK0rV9FGrqzBu7QxbYmQyyys0jcTJrw4AEDQDkLACtWSErxFh38R8RpX5ArLHIV4GiSSsiLmEYInmPSvowwHGtpZV5qL966fLga/Ekd+ElvC1vwqQfhgF8POsbXPAep/cP8AGssOG101NbsOBJ41FyyVzUhg/wAya2PZb6C/n/h/r/Lq4fZ1yL11YNnjgBc/h5/4fuvWcppFlA7vRPtmLZ5mE2bLN1VmUXy9Xnvm527d7jkpPMXubZ+0op1zQyK4+6dR4EcVPgao5NmHj3a6+GvHhy/frYCuhgsK8ZDKWQ8iCVPxGoGvmL82bTP+QkW3ZdlKhGyd4p1AEv0g7yLNxA+rxPHSx1soubkSbB7Zjk55Tpo3jpxGh1uPEqbXtVo4inLK9ijg0dGlfAb19rcqKUpQClKUApSlAKUpQClKUApSlAKUpQClKUAribc3TwWLv7Rh42b7YGV/11s3zrt0oCotu9Cqm7YPEFfuTjMPIOmoHmpqvtt9H+0MLcvhnZR9eH6VfPsdoDxYCvT1KA8dEcR3aHw8KV6v2zu1hMX/ALxh4pD9plGceTjtD0NQTbPQrhXucNNLCeSvaVPnZ/2jQFGA0ap1tjom2jBcoiTr3xMM1u8o9j6C9QzG4KWFsk0bxtr2ZFZGNuNgwBNCLH3CYoI2ove2nD4VKNmYqGUgBgG4ZX7JPgORPkaj+x9j4jFyiHDRtI+l7cFB+s7HRR4n8auzcfopgwuWXFkTzixC2+hjPHsqffYfabu0AqkobReMmiHR7HkZhZgE0uFAzHvuWuLcOArvbO2MwADEM3Mhct9e6514VYu0N3YJSWy5HP10sD6jgfUVyMZsSZFIW0ikEadlrEWOnkeVcNenVWmaNozicGfCxRBDMQt2soNyWbwUXJtx8OPKuyuDAUMtmvYjUW87jj6VwNo4CR4xHISyR8FbLmym10OhOUgAEEE6Vw8Ng5RE8a4zq0UPZBGyuQbkRxsxYDja98/PTlnCjTms5XIlKSJngMBIz+4Ejy2IcWkDWFgAhKlbG2hFhcAm5rZGFJBKjMutj3i1ibDUiwtpysq2W7GOYTfgKzRYsKvZDKSy3Ktp20uSnk2p8azRdIcJHZVm7WVdCC4ABzKLXtqRqOVZVcJU1hn9CFU4MkMGJdPdYjwOvO2oHG5004kBV0BaunBtv7a+o1524c+Q04sbC9qgb77wmTPOJY0UWyCO5JYW7TEjLoeWpvxAup2MLvdhpnywiUn73VoBy97PoeWguALDLcmopvEU8lf0Jey9Sx8Pi0f3WB46c9ND8Dp51nqt494sOcT7KJV67MEABsC1rBVcdkEXIsPd1ChmJNWDgo2VAHbM3M/u8hw58OJ416VGrOT2ZxszJpapmelKV0lRSlKAUpSgFKUoBSlKAUpSgFKUoBSlKAUpSgFKUoBWHFYVJVKSIrqeKuoYH0OlZqUBq4DZ0MC5IIo4l45Y0VBfvsoFbVKUApSlAYMRhEf3lBPI8x5HjUe2zu9IdYsrfde4bwswNj5HSpRSsp0YTzazLKTRUG1tiuBldihF7KyBfVRqreOW3nyqI4aBcPNfE5mhbSTqmKse4A6WB10uOVeiZ4FcZXUMO5hcfOoztzdSAxseCCzFW1AykEkH3hoDzrPdSjxuidpMpPedsOJf5ndE+rds1tB7xBOvx86jUJcvliu7nhk04c//AN4aVJBug7uesm7F9LXzEcr3Fgame6+6XEQRhV+vK/hxu3M+A+VXvyK2XE425O66xTRNJ2pTIgvyS7C+Xxtzq/arDdTDk4uINbslmNiGHZUnQjQ62qz6vDmGKUpVyBSlKAUpSgFKUoBSlKAUpSgFKUoBSlKAUpSgFKUoBSlKAUpSgFKUoBSlKAVq7US8Mo743H7Jrar8yLcEd4IoCptnpGZUExtHm7R14C5tprra3rW1vHvA2IHUQgxYUC1gMryjuI/o4/u+8eeXhWgIWLZApz3y5QDe44i3G9TbYu58SojTqWk4sCxyi/BSoNjb/HlpWSTZJq7g7MYFp2FhlypfncglvLQC/nU0r4BbQV9rRKxApSlSBSlKAUpSgFKUoBSlKAUpSgFKUoBSlKAUpSgFKUoBSlKAUpSgFKUoBSlKAUpSgMKYZAxcIoc6FgBmPmeJrNSlAKUpQClKUApSlAf/2Q==\"]', '2026-04-01 07:33:46', '2026-04-13 00:15:59', 0, 0),
(66, 'Bộ mỏ lết điều chỉnh', 'Mỏ lết cao cấp, điều chỉnh dễ dàng', 350000.00, 'dung-cu', 'Stanley', 106, '\"[\\\"https://encrypted-tbn0.gstatic.com/shopping?q=tbn:ANd9GcS2lN0_4BJuDB29IVwHKbXSAkGOndVuf3z5EOQDhyjPljsGt19-Ij9c0tdloOrfzG6bDTteOBWEcvlENm7-GockqwlwM3Lxtsxz_tWSEu4e867Mmg0cORuflEtexG0qLWcmMBC36w&usqp=CAc\\\"]\"', '2026-04-01 07:33:46', '2026-04-17 11:58:05', 0, 0);

-- --------------------------------------------------------

--
-- Table structure for table `reviews`
--

CREATE TABLE `reviews` (
  `id` int NOT NULL,
  `productId` int NOT NULL,
  `userId` int NOT NULL,
  `rating` int NOT NULL,
  `comment` text,
  `createdAt` datetime DEFAULT NULL
) ENGINE=InnoDB DEFAULT CHARSET=utf8mb3;

--
-- Dumping data for table `reviews`
--

INSERT INTO `reviews` (`id`, `productId`, `userId`, `rating`, `comment`, `createdAt`) VALUES
(1, 66, 3, 5, 'ngon', '2026-04-07 12:20:50'),
(2, 48, 3, 5, 'dâsddadwdad', '2026-04-07 19:57:07'),
(3, 20, 3, 5, 'tốt', '2026-04-09 00:17:12'),
(5, 19, 3, 5, 'ssdf', '2026-04-09 00:18:16'),
(6, 65, 3, 5, 'ok', '2026-04-09 00:26:07'),
(8, 26, 3, 5, 'ok', '2026-04-09 00:38:12'),
(9, 20, 9, 5, 'như tệ', '2026-04-09 00:39:00'),
(10, 66, 9, 5, 'tệ', '2026-04-09 00:39:33'),
(11, 22, 9, 2, 'tệ\n', '2026-04-09 00:40:02'),
(12, 25, 3, 5, 'ok', '2026-04-13 05:12:15'),
(13, 25, 3, 5, 'adwwds', '2026-04-13 05:26:06'),
(14, 25, 3, 2, 'ac', '2026-04-13 05:26:18'),
(15, 64, 11, 5, 'a', '2026-04-14 09:00:57'),
(16, 30, 3, 5, 'ádfgg', '2026-04-14 11:22:26'),
(17, 20, 11, 5, 'abc', '2026-04-14 11:38:30');

-- --------------------------------------------------------

--
-- Table structure for table `users`
--

CREATE TABLE `users` (
  `id` int NOT NULL,
  `name` varchar(255) NOT NULL,
  `email` varchar(255) NOT NULL,
  `password` varchar(255) NOT NULL,
  `role` enum('user','admin') DEFAULT 'user',
  `phone` varchar(255) DEFAULT NULL,
  `address` text,
  `city` varchar(255) DEFAULT NULL,
  `province` varchar(255) DEFAULT NULL,
  `createdAt` datetime DEFAULT NULL,
  `updatedAt` datetime NOT NULL,
  `gender` enum('Nam','Nữ','Khác') DEFAULT 'Khác',
  `dateOfBirth` date DEFAULT NULL,
  `avatarUrl` varchar(255) DEFAULT NULL,
  `isActive` tinyint(1) DEFAULT '1'
) ENGINE=InnoDB DEFAULT CHARSET=utf8mb3;

--
-- Dumping data for table `users`
--

INSERT INTO `users` (`id`, `name`, `email`, `password`, `role`, `phone`, `address`, `city`, `province`, `createdAt`, `updatedAt`, `gender`, `dateOfBirth`, `avatarUrl`, `isActive`) VALUES
(2, 'Nguyễn Văn A', 'user@example.com', '123456', 'user', NULL, NULL, NULL, NULL, '2026-03-18 12:42:16', '2026-03-18 12:42:16', 'Khác', NULL, NULL, 1),
(3, 'taitran', '123@gmail.com', '123456', 'admin', '0298174819', 'bd', NULL, NULL, '2026-03-18 12:56:00', '2026-04-12 13:15:14', 'Nam', '2000-09-13', '/uploads/avatar-1774958795721-880976573.png', 1),
(5, 'admin', 'admin@example.com', '1234567', 'admin', '0123456789', '', NULL, NULL, '2026-03-19 09:04:05', '2026-03-31 11:21:43', 'Nam', '2005-09-10', '/uploads/avatar-1774955294150-553809244.png', 1),
(6, 'danh', 'danh@gmail.com', '1234567', 'user', '0987654321', '', NULL, NULL, '2026-03-23 00:11:05', '2026-03-30 03:28:15', 'Nam', '1993-08-14', NULL, 1),
(7, 'hunganco', 'hung@gmail.com', '123456', 'user', '0987654321', NULL, NULL, NULL, '2026-03-30 01:30:04', '2026-04-14 11:51:26', 'Khác', NULL, NULL, 0),
(8, 'Duong cong danh', '1234@gmail.com', '04122006', 'user', '', NULL, NULL, NULL, '2026-04-03 06:56:09', '2026-04-07 08:47:47', 'Khác', NULL, NULL, 1),
(9, 'Danh', 'danh123@gmail.com', '123456', 'user', '', NULL, NULL, NULL, '2026-04-06 02:41:20', '2026-04-09 00:07:34', 'Khác', NULL, NULL, 1),
(10, 'Duong cong danh', '12345@gmail.com', '123456', 'user', '', NULL, NULL, NULL, '2026-04-09 03:19:04', '2026-04-13 02:59:39', 'Khác', NULL, NULL, 1),
(11, 'Trần Tấn Tài', '24050029@student.bdu.edu.vn', 'GOOGLE_61na8p4s2m2', 'user', NULL, NULL, NULL, NULL, '2026-04-13 04:16:15', '2026-04-13 04:16:15', 'Khác', NULL, 'https://lh3.googleusercontent.com/a/ACg8ocJNMjkUWG5T1fgNN7PgHXv8jDvHelxMjPkTSmJWn6urUJMrew=s96-c', 1),
(12, 'Test User', 'testuser6@example.com', 'password123', 'user', '', NULL, NULL, NULL, '2026-04-13 06:13:30', '2026-04-13 06:18:31', 'Nam', '2000-01-11', NULL, 1);

--
-- Indexes for dumped tables
--

--
-- Indexes for table `addresses`
--
ALTER TABLE `addresses`
  ADD PRIMARY KEY (`id`),
  ADD KEY `userId` (`userId`);

--
-- Indexes for table `banks`
--
ALTER TABLE `banks`
  ADD PRIMARY KEY (`id`),
  ADD KEY `userId` (`userId`);

--
-- Indexes for table `cart`
--
ALTER TABLE `cart`
  ADD PRIMARY KEY (`id`),
  ADD KEY `userId` (`userId`),
  ADD KEY `productId` (`productId`);

--
-- Indexes for table `orders`
--
ALTER TABLE `orders`
  ADD PRIMARY KEY (`id`),
  ADD KEY `userId` (`userId`);

--
-- Indexes for table `order_items`
--
ALTER TABLE `order_items`
  ADD PRIMARY KEY (`id`),
  ADD KEY `orderId` (`orderId`),
  ADD KEY `productId` (`productId`);

--
-- Indexes for table `products`
--
ALTER TABLE `products`
  ADD PRIMARY KEY (`id`);

--
-- Indexes for table `reviews`
--
ALTER TABLE `reviews`
  ADD PRIMARY KEY (`id`),
  ADD KEY `productId` (`productId`),
  ADD KEY `userId` (`userId`);

--
-- Indexes for table `users`
--
ALTER TABLE `users`
  ADD PRIMARY KEY (`id`),
  ADD UNIQUE KEY `email` (`email`),
  ADD UNIQUE KEY `email_2` (`email`),
  ADD UNIQUE KEY `email_3` (`email`),
  ADD UNIQUE KEY `email_4` (`email`),
  ADD UNIQUE KEY `email_5` (`email`),
  ADD UNIQUE KEY `email_6` (`email`),
  ADD UNIQUE KEY `email_7` (`email`),
  ADD UNIQUE KEY `email_8` (`email`),
  ADD UNIQUE KEY `email_9` (`email`),
  ADD UNIQUE KEY `email_10` (`email`),
  ADD UNIQUE KEY `email_11` (`email`),
  ADD UNIQUE KEY `email_12` (`email`),
  ADD UNIQUE KEY `email_13` (`email`),
  ADD UNIQUE KEY `email_14` (`email`),
  ADD UNIQUE KEY `email_15` (`email`),
  ADD UNIQUE KEY `email_16` (`email`),
  ADD UNIQUE KEY `email_17` (`email`),
  ADD UNIQUE KEY `email_18` (`email`),
  ADD UNIQUE KEY `email_19` (`email`),
  ADD UNIQUE KEY `email_20` (`email`),
  ADD UNIQUE KEY `email_21` (`email`),
  ADD UNIQUE KEY `email_22` (`email`),
  ADD UNIQUE KEY `email_23` (`email`),
  ADD UNIQUE KEY `email_24` (`email`),
  ADD UNIQUE KEY `email_25` (`email`),
  ADD UNIQUE KEY `email_26` (`email`),
  ADD UNIQUE KEY `email_27` (`email`),
  ADD UNIQUE KEY `email_28` (`email`),
  ADD UNIQUE KEY `email_29` (`email`),
  ADD UNIQUE KEY `email_30` (`email`),
  ADD UNIQUE KEY `email_31` (`email`);

--
-- AUTO_INCREMENT for dumped tables
--

--
-- AUTO_INCREMENT for table `addresses`
--
ALTER TABLE `addresses`
  MODIFY `id` int NOT NULL AUTO_INCREMENT, AUTO_INCREMENT=15;

--
-- AUTO_INCREMENT for table `banks`
--
ALTER TABLE `banks`
  MODIFY `id` int NOT NULL AUTO_INCREMENT, AUTO_INCREMENT=10;

--
-- AUTO_INCREMENT for table `cart`
--
ALTER TABLE `cart`
  MODIFY `id` int NOT NULL AUTO_INCREMENT, AUTO_INCREMENT=58;

--
-- AUTO_INCREMENT for table `orders`
--
ALTER TABLE `orders`
  MODIFY `id` int NOT NULL AUTO_INCREMENT, AUTO_INCREMENT=39;

--
-- AUTO_INCREMENT for table `order_items`
--
ALTER TABLE `order_items`
  MODIFY `id` int NOT NULL AUTO_INCREMENT, AUTO_INCREMENT=47;

--
-- AUTO_INCREMENT for table `products`
--
ALTER TABLE `products`
  MODIFY `id` int NOT NULL AUTO_INCREMENT, AUTO_INCREMENT=68;

--
-- AUTO_INCREMENT for table `reviews`
--
ALTER TABLE `reviews`
  MODIFY `id` int NOT NULL AUTO_INCREMENT, AUTO_INCREMENT=18;

--
-- AUTO_INCREMENT for table `users`
--
ALTER TABLE `users`
  MODIFY `id` int NOT NULL AUTO_INCREMENT, AUTO_INCREMENT=13;

--
-- Constraints for dumped tables
--

--
-- Constraints for table `addresses`
--
ALTER TABLE `addresses`
  ADD CONSTRAINT `addresses_ibfk_1` FOREIGN KEY (`userId`) REFERENCES `users` (`id`) ON DELETE CASCADE;

--
-- Constraints for table `banks`
--
ALTER TABLE `banks`
  ADD CONSTRAINT `banks_ibfk_1` FOREIGN KEY (`userId`) REFERENCES `users` (`id`) ON DELETE CASCADE;

--
-- Constraints for table `cart`
--
ALTER TABLE `cart`
  ADD CONSTRAINT `cart_ibfk_45` FOREIGN KEY (`userId`) REFERENCES `users` (`id`) ON UPDATE CASCADE,
  ADD CONSTRAINT `cart_ibfk_46` FOREIGN KEY (`productId`) REFERENCES `products` (`id`) ON UPDATE CASCADE;

--
-- Constraints for table `orders`
--
ALTER TABLE `orders`
  ADD CONSTRAINT `orders_ibfk_1` FOREIGN KEY (`userId`) REFERENCES `users` (`id`) ON UPDATE CASCADE;

--
-- Constraints for table `order_items`
--
ALTER TABLE `order_items`
  ADD CONSTRAINT `order_items_ibfk_25` FOREIGN KEY (`orderId`) REFERENCES `orders` (`id`) ON UPDATE CASCADE,
  ADD CONSTRAINT `order_items_ibfk_26` FOREIGN KEY (`productId`) REFERENCES `products` (`id`) ON UPDATE CASCADE;

--
-- Constraints for table `reviews`
--
ALTER TABLE `reviews`
  ADD CONSTRAINT `reviews_ibfk_3` FOREIGN KEY (`productId`) REFERENCES `products` (`id`) ON UPDATE CASCADE,
  ADD CONSTRAINT `reviews_ibfk_4` FOREIGN KEY (`userId`) REFERENCES `users` (`id`) ON UPDATE CASCADE;
COMMIT;

/*!40101 SET CHARACTER_SET_CLIENT=@OLD_CHARACTER_SET_CLIENT */;
/*!40101 SET CHARACTER_SET_RESULTS=@OLD_CHARACTER_SET_RESULTS */;
/*!40101 SET COLLATION_CONNECTION=@OLD_COLLATION_CONNECTION */;
